# INFO_to_save
# N_NVs	500
# C13_fractional_abundance	0.011
# N_spins_per_diamond	100
# seed_0	2899
# HF_cutoff	200
# frac_pass	35.86800573888092
# Apara_bath_edge	94.24777960769379
# Aperp_min	62.83185307179586
# t1	0.0020872588734452717
# t2	0.002707126796037214
# t3	0.002821661936388369
# t4	0.003819286633642569
# t_resolution	1e-06
# N_max	50
# delta_epsilon_target	0.9
# delta_epsilon_non_unitary	0.8

EHE_idx	C_idxs	N	epsilon_non_unitary	epsilon_unitary	gate_fid	k2_seq_duration	k3_seq_duration	parallel_duration	t
0	[0, 1]	50.0	0.9239400510102401	0.9741924380672035	0.9764427410691101	151.02233816344642	264.7716836297651	132.76294367226734	0.002655258873445347
0	[0, 2]	41.0	0.9667477571569345	0.9976541069154854	0.9860386559317611	273.7567645957429	469.32906101692583	109.93161381125938	0.0026812588734453505
0	[0, 1, 2]	31.0	0.9150588066024468	0.9200908505575616	0.9974192420445797	362.0537266438884	616.4906644305017	83.42902507680591	0.002691258873445352
1	[0, 2]	43.0	0.9900650033236293	0.9902736433632878	0.9999063195030662	53.43186371973999	113.66953608224598	112.32713155814967	0.0026122588734453413
1	[0, 1, 2]	29.0	0.9227167106248476	0.9423582768800043	0.9900871264333626	205.26076775700568	380.0360343932384	76.33550732991498	0.002632258873445344
1	[0, 1]	39.0	0.9781753090944971	0.9944525423899858	0.9926587639058368	188.7535488612847	352.52400290037014	102.85309606436844	0.0026372588734453447
1	[1, 2]	21.0	0.9484497987745159	0.9795952738476378	0.9856228427800913	168.33612293298668	293.8785298038608	55.57143634235226	0.002646258873445346
1	[2, 3]	32.0	0.9603770693493352	0.9637544615231284	0.9984423972608805	232.52199019596304	401.9376350799545	92.94918196442815	0.00290466193638838
2	[0, 1, 3]	30.0	0.8972510632559437	0.9565856858078501	0.9698371564297119	156.5280248048703	286.5054308125532	78.54776620336027	0.002618258873445342
2	[1, 2]	34.0	0.8031664583601792	0.9478240188518937	0.927179161830856	172.31581881486431	313.39016036223114	87.38880169714142	0.0025702588734453358
2	[0, 1, 2, 3]	24.0	0.8959735579331023	0.9516724908651971	0.9707720142486148	220.1814445645728	405.8555928619953	63.22221296268826	0.0026342588734453443
2	[0, 1, 2]	36.0	0.8290744585138344	0.9214807028560271	0.95068862282077	195.15672006531437	364.14771869656465	93.78931944403224	0.0026052588734453404
2	[1, 2, 3]	22.0	0.8035311593151669	0.9067823671487696	0.9436257446537728	197.3405433141227	355.0980345276618	57.79969521579755	0.0026272588734453433
2	[2, 3]	18.0	0.8913567392069841	0.9554641750478251	0.9689984557679128	88.67814425896086	161.05803621487277	48.73065972201637	0.002707258873445354
2	[4, 6]	42.0	0.8241542431699349	0.9327284112294063	0.9448873359151054	180.41169146734353	300.6861524455726	118.80380132831154	0.0028286619363883697
2	[0, 5, 6]	39.0	0.8036076322430746	0.9425338494159726	0.924984630319483	213.03027190596288	382.11576840672313	113.32081551914682	0.00290566193638838
2	[3, 6]	47.0	0.9068929703695263	0.9811160205381896	0.9649818789081238	51.3285427842729	85.54757130712152	147.98711101025538	0.003148661936388412
3	[0, 1]	17.0	0.8951491796880641	0.9581012074709001	0.9697717943218822	92.41882479322825	179.70327043127716	43.74540084857072	0.002573258873445336
3	[0, 1, 2]	41.0	0.8707956418304894	0.9642534207259101	0.9519829530454984	140.76686872972087	260.2833436587648	105.29861381125875	0.0025682588734453355
3	[0, 2, 5]	49.0	0.8850545778544812	0.9745607651836631	0.9545703646451853	119.49876742495205	211.89806630798785	127.41268479882164	0.0026002588734453397
3	[0, 1, 2, 5]	6.0	0.8278194382953389	0.9830778403839344	0.9162027579731432	166.0771580591363	302.46715920779053	15.84155324067207	0.002640258873445345
3	[0, 5]	43.0	0.8424266055665529	0.9913910502716863	0.9273130475003657	71.15072348845943	131.31799308050017	113.57413155814984	0.002641258873445345
3	[0, 2]	40.0	0.8213425523489338	0.9680223571579298	0.9266141662397464	94.1884780955366	169.7142507589621	106.21035493781389	0.002655258873445347
3	[1, 2, 3]	30.0	0.802206557492568	0.9382100040845082	0.9256885723911321	265.3288712214194	455.1532272118612	80.25776620336049	0.0026752588734453497
3	[1, 2, 5]	40.0	0.8366810794772139	0.9680394355650598	0.1277136913473015	120.2367239000923	213.33298167631608	108.21035493781415	0.0027052588734453537
3	[5, 8]	44.0	0.8297733185408495	0.9341030605956608	0.9472890974872774	127.34079241726282	274.07132256686066	139.20112520109024	0.003163661936388414
4	[0, 1]	18.0	0.9805613677701815	0.9973667214088785	0.9924439345302486	134.06748406614045	223.44580677690072	48.42465972201633	0.0026902588734453517
4	[1, 3, 5]	50.0	0.8400945656635977	0.9767419563223246	0.13011619103642483	383.1410756135712	638.568459355952	142.2330968194186	0.002844661936388372
4	[3, 4, 5]	24.0	0.8560192474468787	0.9794619447458259	0.9364342704794096	454.3155315750024	771.4329808931144	69.49588647332108	0.0028956619363883786
4	[2, 5]	39.0	0.8687079639667262	0.9791482591138724	0.946729070921142	274.2359067326118	471.16875773356037	113.12581551914678	0.0029006619363883793
5	[0, 3]	45.0	0.93897584547052	0.9972270108829808	0.9735416004064125	44.58339826519334	121.83666683449832	108.91164930503922	0.002420258873445316
5	[3, 6]	39.0	0.8840273587135595	0.9563537647712339	0.9648885541537109	24.67248381634106	41.12080636056843	132.93781551914944	0.0034086619363884467
5	[0, 6]	28.0	0.8649262000526665	0.9421237709506033	0.9626463192257143	37.126289222159045	109.40815176277451	69.39124845646906	0.0024782588734453236
5	[0, 3, 6]	16.0	0.920755023457958	0.9652541428849123	0.9777824282014327	53.19108565184672	136.18281247892062	40.852141975125335	0.0025532588734453335
5	[2, 6]	11.0	0.8287181103387766	0.9321063836622839	0.9468798445764004	33.398571803686885	55.66428633947814	27.590847607898603	0.0025082588734453275
5	[0, 2, 3]	27.0	0.8393687417105102	0.9540443571376284	0.9395346312861365	69.37428268222683	163.15480752955415	68.42498958302394	0.002534258873445331
5	[2, 3]	37.0	0.8506361767722396	0.9786796673274278	0.9365955560179904	40.85568084672117	68.09280141120195	95.06257831747742	0.0025692588734453356
5	[0, 2, 3, 6]	22.0	0.8871627098122602	0.9385882063254429	0.9726629463278985	77.98197006888022	177.50095317397643	56.91969521579743	0.002587258873445338
5	[0, 2]	48.0	0.8164010304813576	0.9376263379049703	0.9370102559719677	53.30948625253916	136.380146813408	124.7164259253763	0.0025982588734453395
5	[2, 3, 6]	50.0	0.8373034972826475	0.9328858375475598	0.9489830646688745	49.46336823337456	82.43894705562425	130.36294367226702	0.0026072588734453407
5	[1, 2, 3]	35.0	0.8277431642129237	0.9013933514737732	0.9605279101053905	186.6153462832436	311.0255771387393	93.35406057058721	0.0026672588734453486
5	[5, 6]	30.0	0.8143025927692934	0.964167669433622	0.9246226631888095	117.02966152515268	240.2252584329625	89.59985809165173	0.0029866619363883907
5	[2, 5]	50.0	0.8925754651036686	0.9794572425193823	0.9573743676126167	133.2128585555328	267.197253483596	153.68309681942011	0.0030736619363884022
5	[3, 7]	24.0	0.8149927301747112	0.9749834219808713	0.9206318981394503	130.32358973206033	391.7680282098366	75.23188647332185	0.0031346619363884103
5	[3, 6, 7]	10.0	0.8121977686488288	0.990848686250476	0.9060600180357318	138.93127711871372	406.1141738542589	32.44661936388425	0.003244661936388425
6	[0, 1]	38.0	0.923312326854186	0.923312326854186	1.0	196.54091866231354	327.56819777052254	101.6598371909233	0.0026752588734453497
7	[0, 1]	28.0	0.9994329220157834	0.9994329220157834	1.0	129.33114342412836	230.08724446309495	75.66324845646989	0.0027022588734453533
9	[0, 1]	6.0	0.9055305347410024	0.9898053972658738	0.9602931296540466	96.79118762375816	537.2104235138304	13.57355324067177	0.002262258873445295
9	[1, 4]	42.0	0.904312220228817	0.9778064163219736	0.965357872210775	66.30180511338499	169.47909716741947	105.59887268470379	0.0025142588734453283
9	[2, 3]	21.0	0.8054971330320093	0.9106259505869266	0.9463226043130193	201.54324967055962	335.9054161175994	56.327436342352364	0.0026822588734453506
9	[4, 5]	13.0	0.8662934949284485	0.9058537601350617	0.9803170765832707	49.482778096084786	82.47129682680799	40.25660517304927	0.0030966619363884053
10	[0, 1]	38.0	0.8173764393807843	0.9790617979114022	0.9196736947359376	100.25709248088188	318.1245993388055	92.42583719092207	0.0024322588734453175
10	[7, 9]	36.0	0.8680293550446736	0.9185411695670148	0.9748470050240412	45.08496941902088	121.27137366401355	104.7838297099817	0.0029106619363883806
10	[8, 9]	42.0	0.9153500001191369	0.9551853960090824	0.9810683711103465	151.8362349265235	458.67009113592843	136.6958013283139	0.0032546619363884263
10	[7, 8]	22.0	0.8302605425313884	0.9508291872321076	0.9397828104415842	158.97260942640352	453.4461484028057	68.43456260054495	0.003110661936388407
10	[7, 8, 9]	13.0	0.8242533666530928	0.9636372185979052	0.9261668616138784	177.94690688597396	516.6938066013739	40.685605173049325	0.0031296619363884097
11	[0, 1]	18.0	0.9818586951987031	0.9860683990523792	0.9980985189176989	157.4719611062842	378.45335509509806	47.92065972201626	0.002662258873445348
13	[1, 3]	20.0	0.9202280497464204	0.9233865091247164	0.9984764972180304	179.864624599678	299.7743743327967	54.145177468907086	0.002707258873445354
13	[2, 3]	44.0	0.9775256786464058	0.9959163242199426	0.9917161839315618	264.26936470932145	454.639750627103	126.00112520108847	0.0028636619363883744
14	[1, 2]	38.0	0.99780600022839	0.9992389292049664	0.9993621999769439	104.7839960339369	238.9813015586529	111.36515358275855	0.0029306619363883833
15	[0, 1]	19.0	0.9944696334108235	0.9972648810869831	0.9987525096926096	273.16070047655586	455.26783412759306	51.437918595461724	0.002707258873445354
16	[0, 2]	41.0	0.8760120340036411	0.9884655727487589	0.9461942547365613	86.92493373600641	144.87488956001067	108.70161381125921	0.0026512588734453465
16	[1, 2]	12.0	0.9621439198087334	0.9677707772269951	0.9974087062102875	144.9784879502303	241.63081325038388	31.383106481344097	0.0026152588734453417
16	[0, 1, 2]	50.0	0.9032137257229796	0.9738516617599319	0.9645335596412754	175.32731125374966	292.2121854229161	131.16294367226715	0.002623258873445343
16	[0, 1]	44.0	0.8225007101994648	0.993730527801485	0.9154007829520859	118.75120082126259	197.91866803543763	115.37939043159508	0.0026222588734453427
16	[4, 6]	50.0	0.8451524050951549	0.9642615337385833	0.16970549163105256	273.15675181656815	455.26125302761346	141.13309681941843	0.002822661936388369
16	[0, 3, 5]	44.0	0.8158692821210881	0.9118086097085623	0.1112641191065098	344.97231839984266	589.2076666596847	125.34112520108839	0.0028486619363883724
17	[0, 1]	50.0	0.8538696272983769	0.9479862813492499	0.9533943660900155	123.64771807757693	218.75122465193272	126.06294367226647	0.0025212588734453293
17	[0, 3]	22.0	0.8415638092727994	0.9660176996832419	0.9384628178008194	92.84193826052525	167.40825829017993	55.95169521579731	0.002543258873445332
17	[0, 1, 3]	37.0	0.8382017944848124	0.9598143384694267	0.935888872883301	155.6655226294404	272.11423223837187	96.54257831747762	0.002609258873445341
17	[0, 2, 3]	29.0	0.8631605072136614	0.9633586415127321	0.9482237854692043	245.23355799973496	421.39429118886267	76.509507329915	0.002638258873445345
18	[1, 2]	13.0	0.987290568148611	0.9957821388308425	0.9961830729391101	58.587837942767486	97.64639657127914	39.593605173049184	0.0030456619363883985
18	[2, 3]	24.0	0.9819600799336123	0.9963280762971515	0.9936268611222634	246.96392065364495	411.60653442274156	68.12788647332091	0.002838661936388371
18	[1, 2, 3]	43.0	0.9154071974613871	0.9279655838782709	0.9935877266245244	271.9883012420561	453.3138354034268	123.35246326470013	0.002868661936388375
18	[1, 3]	26.0	0.9394819232025642	0.9693678487653874	0.98579312173473	238.42484388769975	397.37473981283296	74.63721034609776	0.0028706619363883753
19	[0, 1]	35.0	0.9386599295672181	0.9926147451389845	0.9749386204650017	78.15565766120643	314.92804833943177	82.57406057058577	0.0023592588734453078
19	[1, 3]	48.0	0.9379202712804011	0.983115115284794	0.9784153881663948	84.6829844187087	165.81486938762797	124.62042592537628	0.0025962588734453392
19	[2, 3]	38.0	0.826215452981869	0.9711379463418598	0.9283533296966635	222.17836428321868	383.5177452371206	99.34183719092299	0.0026142588734453416
19	[4, 5]	10.0	0.8949150982401427	0.9979010144946234	0.9517864953661015	106.01627415138428	208.95836867466176	29.276619363883828	0.002927661936388383
21	[0, 1]	30.0	0.9910988369420789	0.9986365363162114	0.9966325804751464	350.73390493952206	611.1409651789078	79.71776620336043	0.0026572588734453473
22	[0, 1]	38.0	0.848799678909076	0.975528249569375	0.9383900144191042	145.42610757643914	242.37684596073188	99.53183719092301	0.0026192588734453423
22	[3, 4]	34.0	0.9372794553482641	0.976289036418711	0.9818906408201924	70.04529456768171	116.74215761280286	101.85250583720533	0.002995661936388392
22	[2, 3, 4]	15.0	0.9154032078231227	0.9229963067525735	0.9961197563732898	197.3769504330456	328.96158405507595	42.8199290458256	0.002854661936388373
23	[0, 1]	47.0	0.9863462958493427	0.9957233382922134	0.9957968048248887	109.0544115952719	194.4575430433722	124.0451670519312	0.002639258873445345
23	[2, 3]	45.0	0.982715368959932	0.9918949603059609	0.995867438119728	173.78664635782454	304.05170272835943	129.04478713747685	0.002867661936388375
25	[1, 2]	46.0	0.871420992959994	0.9664568396206826	0.9540110003874227	77.96006459170549	129.9334409861758	115.47190817848507	0.002510258873445328
25	[0, 2]	41.0	0.8535163501441557	0.9404979230285772	0.9566850111863243	101.32554049060704	168.8759008176784	103.74061381125854	0.0025302588734453305
25	[0, 1, 2, 3]	39.0	0.9002282384607745	0.9428091462473587	0.9775841966819351	317.9987285528507	529.9978809214178	104.1400960643686	0.002670258873445349
25	[0, 1, 3]	37.0	0.8007953556499772	0.961478816063457	0.14494426802028554	294.77510120999546	491.2918353499925	98.79957831747792	0.002670258873445349
25	[3, 4]	20.0	0.9183256827773053	0.985765700496446	0.9685591362579854	204.49520207196153	340.82533678660263	54.02517746890706	0.002701258873445353
25	[2, 4]	43.0	0.9367687349605363	0.9852416420621495	0.9775896935764807	65.78207860142334	109.63679766903888	121.6754632646999	0.00282966193638837
26	[1, 2]	44.0	0.9620792712031102	0.9789151465298729	0.9923011249336093	60.842915750035935	126.7431831081155	116.2153904315952	0.002641258873445345
26	[0, 2]	43.0	0.8126257295711888	0.9555420465123208	0.9276250664540018	235.21779418285587	467.9130163607574	107.76913155814907	0.0025062588734453273
26	[0, 1]	28.0	0.8412107733695755	0.9797134092136375	0.17868073140840968	265.6856609939275	518.7185771214622	71.43524845646932	0.0025512588734453332
26	[2, 4, 5]	37.0	0.8964532273415396	0.9287156991670168	0.9833171182884333	264.9875903755531	499.25758826929075	106.06649164636987	0.0028666619363883748
26	[3, 5]	48.0	0.9559889851367693	0.9720235629857489	0.9926545503225424	130.0766934787748	247.55752847012738	138.75177294664215	0.002890661936388378
26	[2, 3, 5]	40.0	0.9735615386965346	0.9790606830777747	0.997351026755842	145.264217948257	285.5263396438328	116.14647745553519	0.0029036619363883797
26	[2, 5]	17.0	0.9685379726193808	0.9952816441337985	0.9878971029250453	52.10317167608532	130.2579291902133	50.55225291860261	0.002973661936388389
27	[0, 1]	27.0	0.8599556199248529	0.9780657389136644	0.9424420236449352	173.79303824616034	302.3978085500421	70.63898958302423	0.002616258873445342
27	[0, 1, 2]	50.0	0.9331409092896107	0.934710649811692	0.9992028249364052	262.789626912206	450.725456326785	131.71294367226722	0.0026342588734453443
27	[0, 3, 4]	41.0	0.8640196970811072	0.9525102277513622	0.9540648867776346	118.55431549258968	226.00084064811668	115.68813939192312	0.002821661936388369
27	[0, 4]	31.0	0.8081536830069418	0.9575155980602471	0.9242378502676567	41.73802467642558	97.97368928784317	88.83552002803961	0.0028656619363883746
27	[3, 4]	38.0	0.9339792747239654	0.9743178824050226	0.981217972215772	95.61737484099488	175.02986142235048	110.18715358275841	0.002899661936388379
28	[0, 3, 4]	18.0	0.836784572187395	0.9675845323900752	0.9321553873585472	140.97643916041852	247.9399503551362	45.70665972201597	0.0025392588734453317
28	[3, 4, 7]	34.0	0.8048986626842587	0.9304137207511011	0.9314407699280586	64.10194935968336	106.83658226613893	86.30080169714127	0.0025382588734453315
28	[4, 7]	48.0	0.8352598410741287	0.9910877349929218	0.9231953115320861	48.632262163321876	81.05377027220314	123.90042592537618	0.0025812588734453372
28	[0, 1, 2, 4, 7]	12.0	0.8631371338373464	0.9196268998288781	0.0466390372502223	343.00246307939756	584.6499902201012	31.815106481344156	0.0026512588734453465
28	[3, 5, 7]	38.0	0.8124427155501768	0.9580774991727533	0.9219979690054991	65.62787655621507	109.37979426035847	116.45715358275923	0.003064661936388401
28	[3, 7]	23.0	0.8020749199604238	0.9925977232042931	0.9044416405790279	32.045570027584716	53.409283379307865	71.56822453693337	0.0031116619363884073
29	[0, 5]	11.0	0.9521400711308285	0.9960701061461007	0.9799564607051285	48.12203700765863	220.78437979978426	26.53484760789846	0.002412258873445315
29	[5, 7]	22.0	0.8051873906771772	0.9708457922800021	0.9158066201527555	110.58593245127234	184.30988741878724	64.45256260054443	0.002929661936388383
29	[5, 8, 9]	41.0	0.9022875798143609	0.9236818203147547	0.9889752112470674	67.53617944910016	112.56029908183359	129.25913939192492	0.0031526619363884127
29	[8, 9]	16.0	0.8658931514231429	0.9807897425568584	0.9460522044263346	51.855908161523054	86.42651360253842	51.56259098221475	0.003222661936388422
30	[0, 1]	33.0	0.9488203949086558	0.9835804219015186	0.9840053942465542	141.7883726536636	250.5180931077521	93.34584390081619	0.0028286619363883697
31	[5, 6]	46.0	0.8165538774557524	0.9553962816801521	0.9299866326372666	233.92528418336641	419.51055694394245	130.94644907386513	0.002846661936388372
31	[5, 6, 7]	24.0	0.8473382300602966	0.9000989605236316	0.9714899203019485	262.7666926323181	547.6945944948387	69.18388647332105	0.002882661936388377
31	[6, 7]	30.0	0.9676387882269917	0.9998614031446863	0.9854416541278643	47.15453587430914	173.96685611428998	107.38985809165408	0.0035796619363884694
32	[0, 1]	40.0	0.9473909599452045	0.9986463273728694	0.9765694381532004	67.55945109377475	149.88330393335866	100.41035493781311	0.002510258873445328
32	[0, 2]	47.0	0.8227648025544453	0.9879196982051164	0.918427865701104	68.15955027424731	151.13351055934314	118.49916705193047	0.0025212588734453293
32	[0, 1, 2]	20.0	0.8880999261060256	0.9264375197470945	0.9801174238868422	99.18121141604372	215.761971271419	51.425177468906725	0.002571258873445336
32	[1, 2]	12.0	0.8656996470520076	0.9777346851823848	0.9453637353191924	62.643421464065376	130.5071280501362	31.08310648134406	0.0025902588734453384
33	[0, 1, 2]	12.0	0.9846979923770613	0.9872488555464262	0.9987855274780197	232.65884194507814	387.76473657513026	31.419106481344105	0.002618258873445342
33	[0, 1]	29.0	0.932275975822247	0.979822261012041	0.9779146405668556	167.90480943782106	279.84134906303507	77.40850732991512	0.002669258873445349
33	[3, 4]	10.0	0.9616610164586774	0.9823131423462397	0.9905733069111614	127.56486663271454	212.60811105452424	29.396619363883847	0.0029396619363883845
34	[0, 1]	36.0	0.9767594085885495	0.9904076264367412	0.993834206508153	59.296902805518876	145.34247352825435	88.96531944403162	0.0024712588734453226
34	[0, 1, 2]	18.0	0.923103958024793	0.963568317856484	0.9798154115485438	221.05499864367928	414.9392999251884	48.73065972201637	0.002707258873445354
34	[0, 2]	29.0	0.9372243601947438	0.9966816113003728	0.9725466401364483	182.6895318217357	350.9968552219491	77.23450732991509	0.002663258873445348
34	[1, 2]	20.0	0.9006869675547504	0.9995344929529806	0.9536610914076613	200.12356266010397	333.53927110017327	54.145177468907086	0.002707258873445354
34	[3, 4]	32.0	0.9308841018299118	0.9882010346570587	0.9733810378987293	214.96786035130324	372.6684533109756	91.09318196442791	0.002846661936388372
34	[0, 3]	29.0	0.8245055004632608	0.9097642666456274	0.15490130687303044	115.0343334409284	238.23819125393692	83.3941961552629	0.002875661936388376
35	[6, 7]	24.0	0.8806037584391209	0.9400363706455657	0.9709698398989959	293.14959322443457	503.18547983450344	68.99188647332102	0.002874661936388376
36	[0, 2]	27.0	0.8166549469521299	0.988689654535024	0.9144516849902765	77.61221296367022	153.6579894923905	69.04598958302402	0.002557258873445334
36	[0, 1, 2]	30.0	0.933504153658932	0.9971170877881514	0.968956981358187	219.85547884528302	403.9007720618945	78.00776620336019	0.0026002588734453397
36	[1, 3]	39.0	0.844278274297845	0.9899397054475092	0.18208350359848915	279.09448161328197	478.328142122286	103.78909606436856	0.002661258873445348
36	[4, 5, 6]	19.0	0.8335148682477035	0.9232777734624282	0.9518346503365898	370.3324829035634	645.8821458057138	55.15057679137921	0.0029026619363883796
37	[0, 1, 2, 3]	36.0	0.936042159936121	0.9833887184578904	0.976069130960072	150.4266764978777	322.934446748612	89.07331944403163	0.002474258873445323
37	[1, 2, 3]	35.0	0.8644711496438778	0.9729200842883104	0.9441451078511612	122.16626307697793	228.73306867894593	85.8640605705862	0.0024532588734453202
37	[1, 3]	45.0	0.8773420852365638	0.940634275244926	0.9690366877462987	83.60165972960351	164.45872976665527	110.89164930503948	0.0024642588734453217
37	[0, 2, 3]	25.0	0.8236239647577108	0.9885985044458924	0.9136511956398945	90.13236397631918	197.32129566203167	61.80647183613307	0.0024722588734453228
37	[0, 1, 3]	47.0	0.8791973028353902	0.9659665263119979	0.9557652156171703	111.86207315050332	258.66010783632134	116.3371670519302	0.002475258873445323
37	[1, 3, 4]	9.0	0.8111745126100957	0.956173648346194	0.13654314386956634	139.84804278247202	258.2027015214361	23.231329861008035	0.0025812588734453372
37	[0, 2]	42.0	0.8354109595472415	0.9375268171279654	0.1628989170403953	66.82501676827422	158.47571698195674	109.12687268470425	0.0025982588734453395
37	[0, 1, 2]	49.0	0.8327238880165011	0.9649219938480853	0.9303903855986043	127.11932928983278	284.08886806853707	128.09868479882175	0.0026142588734453416
37	[0, 4]	18.0	0.8448136229598568	0.9638138938631138	0.16998426395507837	84.50679647376832	187.94534982444688	47.29065972201618	0.0026272588734453433
37	[2, 3, 4]	36.0	0.829152259616559	0.9108884475448288	0.9553788286404717	118.11833360828787	196.86388934714643	97.1373194440327	0.0026982588734453528
37	[3, 5]	45.0	0.8241121928858544	0.9864343395054652	0.9205265765172044	86.54801406187555	159.30399173499032	130.34978713747705	0.0028966619363883788
38	[0, 5]	47.0	0.8820258699716218	0.9814782749649785	0.9524616082380767	76.86197736232317	153.0892700381662	122.02416705193095	0.0025962588734453392
38	[1, 4]	13.0	0.8776549138783238	0.9370691742318948	0.9705904522699388	139.16311345033026	231.9385224172171	34.64836535478953	0.0026652588734453484
38	[3, 5]	23.0	0.8382815256044294	0.9969362055771549	0.18851539997489677	102.98536362557292	171.6422727092882	65.03622453693251	0.0028276619363883696
38	[2, 3, 5]	12.0	0.8869960348823763	0.9003544024497836	0.9929371547553895	196.58505703324147	327.6417617220691	34.97594323666058	0.002914661936388381
38	[2, 3]	41.0	0.8348578322265792	0.9409892533938996	0.16449485011778106	179.68941831322445	299.4823638553741	119.66513939192365	0.0029186619363883817
38	[3, 4, 5]	49.0	0.8391736372631133	0.9912607780011098	0.9212303586950723	128.86099608022377	214.76832680037296	143.7004348830308	0.0029326619363883835
38	[4, 5]	32.0	0.9263777058060331	0.9979798523517474	0.966909673067886	42.77127117466788	71.2854519577798	102.51718196442943	0.0032036619363884195
40	[1, 6]	46.0	0.8364524704472989	0.988587274777067	0.924878224651356	71.8338614547932	132.79790583197067	118.82990817848552	0.0025832588734453375
40	[0, 1]	46.0	0.804081807080259	0.9960302850703605	0.9037326932892988	85.74771397084105	168.83496821709903	121.77390817848593	0.002647258873445346
40	[6, 8]	45.0	0.8984025966452972	0.9843237720343068	0.9594003098151401	46.949232796397666	595.4242297841042	145.73978713747908	0.003238661936388424
41	[0, 1]	14.0	0.8632723974095454	0.937578008094857	0.9634706739463448	128.08589583836152	296.359164886748	35.1716242282346	0.002512258873445328
41	[1, 3]	30.0	0.9409551482267825	0.9790102146544502	0.9821847866424791	155.9107792283725	272.6800591341213	77.82776620336017	0.002594258873445339
41	[3, 4]	44.0	0.8255813430727554	0.9430536111802892	0.9406147428633626	265.4892084683076	442.482014113846	117.31539043159533	0.0026662588734453485
42	[0, 1]	28.0	0.9357648127653451	0.9438879924617936	0.9961503183018221	75.43864824332107	150.72926616549512	68.57924845646896	0.0024492588734453197
42	[1, 2]	19.0	0.8621879182336847	0.929911529380887	0.966675528198352	171.448035136824	298.43085600945375	48.815918595461376	0.0025692588734453356
42	[0, 1, 2]	37.0	0.8268511834389605	0.957584943940721	0.9305585714936111	193.6133340982072	347.6870759236387	96.4685783174776	0.0026072588734453407
42	[0, 2]	39.0	0.8260153465306433	0.9267721785007779	0.948691578451361	140.33998481626935	246.2140296723285	102.77509606436844	0.0026352588734453444
42	[3, 4]	32.0	0.8589992286124246	0.9794275257950581	0.9416549921500995	195.98473457999933	326.64122429999884	91.41318196442795	0.0028566619363883734
42	[0, 5]	24.0	0.8018081105560718	0.903360120864359	0.9467719341604892	98.99593649618606	177.30728247218966	68.27188647332093	0.002844661936388372
42	[3, 4, 5]	20.0	0.9460778712051531	0.9687738953192716	0.9888981752353871	272.8153721148022	454.69228685800357	57.97323872776758	0.002898661936388379
43	[0, 1, 2]	35.0	0.9483458020217193	0.9833298262514247	0.9829322794797728	411.20650596188455	749.5375300648312	90.3090605705868	0.002580258873445337
43	[2, 3]	25.0	0.8349713239083421	0.9274569560183086	0.1578012317474765	345.1526910034403	614.4862442681363	64.95647183613349	0.0025982588734453395
43	[0, 2]	49.0	0.8933493522132869	0.9586387316639515	0.9686337220403836	302.1209183488952	554.7418378987788	128.4416847988218	0.0026212588734453425
44	[0, 1]	38.0	0.933099734730086	0.9890547501827219	0.9740780675303125	334.988055764347	1279.1581230473178	87.82783719092146	0.0023112588734453014
44	[0, 2]	50.0	0.8159500048188987	0.9074983615457215	0.1584678393907082	344.3022896342392	1272.4524732523148	117.11294367226527	0.0023422588734453055
44	[1, 2]	31.0	0.9340648969208367	0.992011841543414	0.9732315896412184	79.78152688499765	204.69622925031356	74.50102507680472	0.0024032588734453136
44	[1, 2, 3]	33.0	0.9267750312307432	0.9754393723486778	0.9759110287152342	272.4602560562133	551.5179417585018	83.79554282369594	0.0025392588734453317
44	[2, 3]	24.0	0.9042616397913706	0.9864410391495978	0.9612760135393937	237.22660954866058	445.8170022358435	62.26221296268813	0.002594258873445339
44	[1, 3]	45.0	0.8293789168812141	0.9453132147185878	0.9417139626104861	227.91237567876843	452.5226520308464	116.65164930504024	0.0025922588734453387
44	[5, 6]	44.0	0.8655702281476065	0.9579252961884337	0.9545482924804758	264.49219677027867	440.82032795046456	126.00112520108847	0.0028636619363883744
45	[0, 1, 2]	48.0	0.9512874990595335	0.9843720442347622	0.9839014438972077	175.307804058283	305.42750483212166	125.62842592537643	0.002617258873445342
45	[0, 2]	30.0	0.8746780949535856	0.9198621200539588	0.977645254105879	119.66691217135298	199.44485361892163	79.95776620336045	0.0026652588734453484
45	[1, 2]	49.0	0.8106111749999068	0.926809914593395	0.9401447335726014	135.84122371199953	239.6498709216492	131.23468479882217	0.00267825887344535
46	[0, 1]	14.0	0.8493336742886984	0.9967242601492656	0.9283425824641709	156.5006168713079	273.8026028621753	36.165624228234726	0.0025832588734453375
46	[0, 1, 5]	17.0	0.8779125171105928	0.9253643226893571	0.9752543664756618	174.71531904834083	304.1604398238969	44.952400848570875	0.0026442588734453456
46	[1, 5]	28.0	0.8611701760260932	0.9526341314267542	0.9551666975547546	65.78209120437877	109.63681867396464	74.90724845646979	0.0026752588734453497
46	[3, 4, 5]	45.0	0.8151802674074905	0.9752089438166373	0.914477198455308	144.64438783662007	301.3483708566975	133.72478713747748	0.0029716619363883887
46	[3, 6]	28.0	0.8698355546886837	0.9492835159522569	0.1500967509309396	87.79196636723502	126.01783847758475	87.0705342188754	0.003109661936388407
46	[4, 5]	11.0	0.8277821549197614	0.9369900723031441	0.9447222803051838	109.35896742706649	227.83707833679424	34.45928130027251	0.00313266193638841
46	[3, 5]	26.0	0.8147385505012157	0.9267011071548873	0.942769836240231	53.50012258658655	103.8691294816249	81.47521034609866	0.00313366193638841
46	[3, 4]	37.0	0.8755876887330073	0.9364785864013293	0.9699654695201325	126.42968565958712	270.99053389497595	116.0934916463712	0.0031376619363884107
46	[5, 6]	42.0	0.9613606352297895	0.9880682954933753	0.987868558422161	70.72124813471437	82.86438291940301	142.53380132831467	0.0033936619363884447
46	[3, 5, 6]	31.0	0.8629830499266048	0.915643354496505	0.972129219641611	106.00666854426798	156.37567543930632	99.68552002804105	0.003215661936388421
48	[0, 1]	29.0	0.9186146680056876	0.9555462890627056	0.9824938792884962	73.71513617106838	183.99993612639076	67.80950732991384	0.002338258873445305
49	[0, 1]	44.0	0.9850949448891233	0.9999753187522414	0.9933382955966014	150.0318873587285	250.0531455978809	115.68739043159512	0.0026292588734453436
49	[1, 2]	33.0	0.9380694118305162	0.9844862544320211	0.9785300265962193	159.12683800228027	265.2113966704672	94.43484390081635	0.002861661936388374
49	[1, 3]	31.0	0.9768244288500116	0.9907296971815059	0.9937143270611452	200.7425693773719	364.0364618396888	90.1685200280398	0.0029086619363883803
50	[1, 2]	19.0	0.899114758828802	0.9725864777000024	0.9650930348443528	172.01563270544906	299.5233113837479	49.670918595461494	0.0026142588734453416
51	[0, 2]	13.0	0.8833539940811562	0.9259695598992229	0.9789095777652347	75.84538728130741	164.45255890415626	31.736365354789147	0.0024412588734453186
51	[0, 1, 2]	16.0	0.8036321525892688	0.9782457249929791	0.9066072894466449	139.4067414946062	283.63009805409143	41.26814197512539	0.002579258873445337
51	[0, 1]	41.0	0.8093352893160198	0.9664373219190844	0.19060667293907943	123.9475365311682	244.9820856454965	105.74961381125881	0.002579258873445337
51	[3, 5]	49.0	0.8617466141565537	0.9461421670131792	0.9584373799756258	264.79379105126003	454.64750424601823	129.66668479882196	0.002646258873445346
51	[3, 4, 5]	31.0	0.8695079900127525	0.964507282622977	0.10762082711377598	434.8047959118458	751.4921159073584	82.56102507680579	0.002663258873445348
51	[2, 6]	7.0	0.8835469432955118	0.9764587406563666	0.9555216989028936	76.71249195397073	140.73682405948287	21.30563355471879	0.0030436619363883983
51	[2, 5]	38.0	0.90234797566152	0.9762722085275077	0.14608899201918304	40.41165112417036	80.23542267648226	110.71915358275848	0.002913661936388381
51	[2, 5, 6]	26.0	0.8799262269469197	0.9780593871358043	0.9501456755679926	101.66493811470312	182.3242343273702	79.26521034609837	0.003048661936388399
51	[5, 6]	49.0	0.9123315057680162	0.951249747487068	0.9812911093690524	86.20573315126515	143.67622191877524	148.25743488303138	0.003025661936388396
52	[2, 3]	34.0	0.994355621773677	0.9959486833542983	0.9992894870872995	94.95024520255694	87.74005453682466	127.2505058372087	0.003742661936388491
53	[1, 2, 3]	24.0	0.8587795805794861	0.9240444569944444	0.9652973313260572	371.8388543841377	619.7314239735628	63.89421296268835	0.002662258873445348
53	[0, 1, 3]	42.0	0.8356225970171508	0.9516078961292735	0.12019768074385681	207.93367839555643	371.0361516496529	113.2428726847048	0.0026962588734453525
55	[0, 1]	30.0	0.8721671875915268	0.9878340729783548	0.9444988838961667	213.2286567579365	368.59297440170934	78.15776620336021	0.0026052588734453404
55	[0, 2]	40.0	0.9524647599122343	0.9607232454714216	0.996165217081402	294.90501185865503	504.874404458665	107.8503549378141	0.0026962588734453525
55	[0, 1, 2]	47.0	0.995938153387766	0.9964720463523313	0.9997477991568999	421.73905798807994	729.4763611461884	124.60916705193128	0.0026512588734453465
55	[1, 2]	30.0	0.8394203515767764	0.944257902435865	0.9475620419313147	335.34444735956833	585.4853434320023	80.34776620336051	0.00267825887344535
57	[0, 1, 2]	31.0	0.9293601390670425	0.9998598811382542	0.9657953480358934	497.4768564045393	855.7990551441887	83.73902507680594	0.002701258873445353
57	[2, 3]	48.0	0.8033073927412584	0.9300254543100958	0.9347314776780055	268.2974345269982	447.16239087833026	129.852425925377	0.0027052588734453537
57	[3, 4]	47.0	0.9833966666368967	0.9918576919122658	0.9961919411545495	63.091221925137305	152.2064126459018	146.53011101025518	0.003117661936388408
58	[0, 1, 2]	15.0	0.8068144543752467	0.9352086090300161	0.9299599548370554	208.65663326024978	373.50269728424655	37.683883101679925	0.002512258873445328
58	[4, 5, 6, 7]	39.0	0.8097472831133891	0.9003875868655618	0.9483495632303187	298.32440840855503	497.2073473475916	110.59081551914646	0.0028356619363883707
58	[6, 7]	31.0	0.8813084268227072	0.956902697460412	0.9633975881506074	111.7464569634105	186.2440949390175	92.5245200280401	0.0029846619363883904
59	[1, 3]	43.0	0.8976086419618835	0.975300607682066	0.9630899435393512	111.09672581460394	211.67710854344966	110.60713155814946	0.002572258873445336
59	[1, 2, 4]	22.0	0.8230019791269882	0.9061914151136973	0.9547129798395965	442.1585246804793	750.0763033246634	58.76769521579768	0.002671258873445349
59	[2, 3, 4]	26.0	0.8036219285237488	0.9046868946490613	0.9441133820752394	411.28461883734695	698.844834724157	70.38873070957919	0.002707258873445354
59	[6, 7]	17.0	0.8876207039847839	0.9892004280127316	0.9518067385563174	282.3554554248337	514.824396925414	50.34825291860258	0.0029616619363883874
59	[5, 7]	21.0	0.8772206666393901	0.9679426098282254	0.9562364392778523	203.76905500115654	369.34612593558523	63.517900664156315	0.0030246619363883957
61	[0, 3]	34.0	0.958743935893514	0.9670908361746341	0.9961401068762892	30.613720407164756	51.0228673452746	85.45080169714116	0.002513258873445328
61	[0, 2]	32.0	0.9750797897537656	0.9893160397305883	0.11751842244652987	56.857544145599164	94.7625735759986	92.78918196442814	0.002899661936388379
61	[0, 1]	41.0	0.9341188512659505	0.9480194890427968	0.9932820286573449	166.0257172801524	290.01953392170185	110.21861381125942	0.0026882588734453514
61	[1, 3]	22.0	0.8515457799723456	0.9907531712184057	0.9310474305063172	152.08411375028564	266.7835280385906	59.29569521579775	0.0026952588734453524
61	[0, 1, 3]	31.0	0.9518079941077732	0.958495103399278	0.9967053252831657	174.3617757188014	303.9129646527835	83.49102507680593	0.002693258873445352
61	[1, 2]	36.0	0.8005525505305436	0.9706962337830521	0.912983494137379	178.32793748872004	310.5232342693146	96.95731944403268	0.002693258873445352
61	[1, 2, 3]	28.0	0.920103461407789	0.9283281196074585	0.9958121205010201	186.663995927369	324.4166650003962	75.71924845646991	0.0027042588734453536
61	[2, 3]	49.0	0.9874256007049868	0.999209562512543	0.9947338014969954	42.915940615732374	71.52656769288728	153.5984348830321	0.0031346619363884103
61	[0, 2, 3]	46.0	0.9529541584485294	0.9808994367093028	0.9863965847390368	65.19360258424815	108.65600430708025	130.76244907386507	0.0028426619363883716
62	[4, 5, 6, 7]	17.0	0.8109793511275061	0.950884754118245	0.9223666475135439	385.7046195116541	657.8871166800047	49.073252918602414	0.0028866619363883774
62	[7, 8]	47.0	0.8955949441602229	0.9959382763455991	0.9526926510724338	54.06114578374228	120.10678029877437	151.46511101025584	0.003222661936388422
63	[0, 1]	11.0	0.9790817836404772	0.9889528654880808	0.9955485009217275	180.34007012443342	313.51159447905684	28.712847607898752	0.002610258873445341
63	[2, 3]	42.0	0.9639967373768291	0.9921734693997513	0.9872104590064197	256.6136272993725	441.9575180821339	118.5518013283115	0.002822661936388369
64	[0, 3]	12.0	0.9036248458880047	0.9930685271681735	0.9579789221129533	56.2143625531119	93.69060425518651	31.89910648134417	0.0026582588734453474
64	[3, 4]	9.0	0.9357320900046799	0.965337345784907	0.9860936334433512	99.02728237030472	210.50972570695563	28.301957427495704	0.0031446619363884117
64	[2, 4]	41.0	0.8191989169046578	0.9026156736614785	0.9567867371513333	142.1314766957671	296.70619661466947	123.68313939192419	0.0030166619363883947
65	[5, 6, 7]	23.0	0.8056026113846658	0.9679729523126944	0.9132872197599442	201.25611730206242	365.4550394983696	66.30122453693266	0.002882661936388377
65	[4, 5, 6, 7]	34.0	0.8808400119479131	0.9331677123086397	0.9719217818962989	260.43767557291636	464.09096994979285	98.92850583720492	0.0029096619363883805
65	[7, 8]	15.0	0.9400182880680567	0.9999068023445488	0.9726084072497071	4010.1185356074243	174.7210449444164	53.859929045827066	0.003590661936388471
66	[3, 4]	43.0	0.9028408275601789	0.9533461242438602	0.9758053025903521	174.21865759343353	305.2025587698164	124.6424632647003	0.002898661936388379
66	[4, 5]	39.0	0.9240199811867812	0.9999950799626348	0.9648816702031165	127.25207493475688	306.5567923599255	119.05381551914758	0.0030526619363883995
67	[0, 1]	32.0	0.9416219847905184	0.9469682507616598	0.9975105158627412	74.74409289845102	7053.837879006071	70.95228395024924	0.002217258873445289
67	[1, 2]	25.0	0.9527196914537094	0.9739143892701827	0.9902185533229233	56.66912326870732	188.50757315476798	57.25647183613246	0.0022902588734452986
67	[0, 1, 2]	45.0	0.9583980684896075	0.9708529358185258	0.9939269333083608	96.4332065827547	7114.085417018025	100.18164930503806	0.00222625887344529
67	[0, 2]	13.0	0.9669202705271481	0.9874838510318431	0.9906510798284147	61.453196998351096	6985.825381875212	31.489365354789108	0.002422258873445316
67	[2, 3]	22.0	0.8085334945193182	0.9964868081887485	0.9077641973486835	163.89126897890537	310.4179964006058	57.161695215797465	0.0025982588734453395
67	[2, 4, 5]	18.0	0.8021097614939924	0.9190161142231552	0.9361495786313985	226.70836729438076	401.94629402874983	50.78991485499064	0.002821661936388369
67	[4, 6]	30.0	0.9015766391602721	0.9922211427906581	0.9573371506050758	148.42894463962415	262.14554921887645	88.03985809165152	0.002934661936388384
69	[0, 1]	49.0	0.8654205732887169	0.9927537468688792	0.9389341926755131	279.1598045461802	478.4411506161298	130.156684798822	0.002656258873445347
69	[0, 1, 4]	29.0	0.8164188220772264	0.9000028292884216	0.9540643529813387	305.2570273573204	521.9365219680301	77.37950732991511	0.0026682588734453488
69	[3, 4]	26.0	0.9444533869166573	0.9676649323823686	0.9892135225163711	216.1172521995815	374.59087710448733	75.6772103460979	0.0029106619363883806
69	[2, 3, 4]	37.0	0.9696049240787359	0.9767465880899344	0.99654453379646	300.9983865849973	516.0594344135137	107.73149164637007	0.0029116619363883807
69	[2, 4]	43.0	0.9449365703111053	0.9561986760516868	0.11637673783066099	110.97835719655599	184.96392866092668	123.9114632647002	0.0028816619363883768
69	[2, 3]	40.0	0.9392778416279463	0.9964696187733317	0.13742702791395045	274.90116377385715	472.5640630616135	116.30647745553522	0.00290766193638838
70	[0, 4]	43.0	0.904927227494958	0.9506521166861829	0.9780979992500648	65.81068170098511	181.03267452700084	105.6621315581488	0.0024572588734453208
70	[0, 1]	50.0	0.8136113138481946	0.9391670265318594	0.936270153403514	94.2117196460355	252.9610578400205	116.61294367226522	0.002332258873445304
70	[0, 1, 4]	38.0	0.8840705665470918	0.9234357401253095	0.9793986401487007	110.07865782926936	279.4059548120769	89.00583719092161	0.0023422588734453055
70	[1, 4]	13.0	0.8495484056404193	0.9890152991283314	0.17845199957421126	60.13491431151809	124.81817725713252	31.11236535478906	0.0023932588734453123
70	[4, 6]	49.0	0.9533140867516754	0.9743979255539135	0.9902975883422124	33.249544370873174	55.41590728478862	159.33143488303287	0.003251661936388426
70	[4, 5, 6]	29.0	0.9037831995626165	0.9652265594898943	0.9690345749715	101.7031342127783	169.50522368796385	85.56919615526319	0.002950661936388386
71	[3, 4, 5]	46.0	0.8519065129703904	0.9278260260472638	0.9597762579583571	146.1600847064997	257.8615825530173	137.11044907386594	0.00298066193638839
71	[2, 3]	23.0	0.8255462952736564	0.9649493051383071	0.18065528197040817	127.66376627373465	241.15224193519225	65.70322453693258	0.0028566619363883734
71	[2, 3, 4]	34.0	0.8504327077304639	0.9963593852888896	0.13367293946862865	161.75791152291683	297.97581735049584	98.65650583720489	0.0029016619363883794
71	[2, 3, 5]	29.0	0.8086924356114601	0.9053337597344123	0.9468665555223598	179.83165195387753	328.0987180687637	85.10519615526313	0.002934661936388384
71	[4, 5]	26.0	0.847122666490961	0.9853539069922421	0.932629891907572	86.26203092932502	143.77005154887507	78.84921034609832	0.003032661936388397
72	[0, 1]	45.0	0.9086626642702749	0.9602294095465718	0.9756490694804678	322.6661857443357	537.7769762405595	120.25164930504071	0.0026722588734453493
72	[0, 1, 3]	48.0	0.8445254186818625	0.9150596932970306	0.9622088710522677	348.5888226444479	580.9813710740798	128.41242592537677	0.0026752588734453497
72	[2, 3]	7.0	0.9972041132517212	0.999579042206686	0.9989424131514284	69.09577144023443	115.1596190670574	21.298633554718787	0.003042661936388398
73	[0, 1]	31.0	0.9954803326860858	0.9961924841699926	0.9996821648531353	114.14634675180724	190.24391125301207	83.92502507680598	0.002707258873445354
74	[4, 6]	50.0	0.8384977360033465	0.9114879417371271	0.14827991547387917	138.77345208978025	231.28908681630045	143.23309681941873	0.0028646619363883745
74	[5, 6]	50.0	0.8022551008678153	0.9287359839497211	0.9344229537753921	138.9509836663489	231.58497277724817	145.48309681941902	0.0029096619363883805
74	[4, 5, 6]	10.0	0.8984924890716978	0.976970105947159	0.9606531110768799	181.35408453522567	302.25680755870945	29.536619363883865	0.0029536619363883863
74	[4, 5]	35.0	0.8810036826524358	0.9625109617099716	0.9606583008669685	84.98373331432215	141.63955552387026	103.9031677735936	0.0029686619363883883
75	[0, 3]	19.0	0.9643592715704242	0.9840046051598433	0.991043335033049	49.51312470048176	2674.88923422599	46.53591859546107	0.0024492588734453197
75	[1, 3]	14.0	0.9740460951249956	0.9865667060951017	0.9943069290755702	77.61183801007397	142.13102007521243	34.83562422823455	0.002488258873445325
75	[0, 1]	33.0	0.8870385651103113	0.9385598795257986	0.9750273393840696	94.56967125126367	2762.7614352023825	81.45254282369562	0.0024682588734453222
75	[0, 1, 3]	44.0	0.8122439517772361	0.9008275831614283	0.9511472747224535	110.8473169809097	2789.8908447517924	110.1873904315944	0.002504258873445327
75	[3, 4]	28.0	0.9704775945319811	0.998217979589885	0.9874864791506539	59.65788551586339	113.88988912184477	83.990534218875	0.0029996619363883924
76	[0, 1]	15.0	0.9171094383233627	0.9986695894989963	0.9622801041534963	88.17323785789385	195.7689226958733	37.00888310167983	0.002467258873445322
76	[0, 1, 2]	6.0	0.9198263396298386	0.9244990587588506	0.9976027549477408	126.47510653018674	272.37266004045904	14.479553240671889	0.002413258873445315
76	[1, 2]	48.0	0.8925787133273371	0.9844112672505623	0.9564062490841458	82.69737818024333	162.92833916560056	124.7644259253763	0.0025992588734453396
76	[0, 2]	50.0	0.9242003444404393	0.9884766545920799	0.9701210905582884	82.07959702223626	186.04805821944421	127.51294367226664	0.002550258873445333
76	[2, 5]	18.0	0.8419357885232736	0.9796311203869248	0.9327519063370183	72.45178027101224	133.52025667578468	48.56865972201635	0.0026982588734453528
77	[3, 4]	37.0	0.9568933116286533	0.9921698730580583	0.9839089069742657	97.22878186974694	191.79444727746846	109.2484916463703	0.002952661936388386
77	[2, 4]	47.0	0.9138162143252441	0.9942280156168288	0.9624721744026645	103.46480773223678	201.72467582357766	133.0411110102534	0.00283066193638837
77	[2, 3]	44.0	0.935444375728093	0.9999160680506123	0.9703520981909823	146.02841747703232	272.04096282337633	125.47312520108841	0.002851661936388373
77	[2, 3, 4]	50.0	0.8737325380493112	0.9169926315916213	0.9772576705248756	173.361003539508	332.7800429622112	143.7830968194188	0.002875661936388376
78	[0, 1]	15.0	0.9579079749043921	0.9732400789137147	0.9929570921026661	58.58969143432266	156.28054835505407	37.533883101679905	0.0025022588734453267
78	[1, 2]	38.0	0.8747341237068385	0.9990269822814927	0.940828785759904	161.26368044569054	268.77280074281754	101.7358371909233	0.00267725887344535
78	[1, 3, 4]	24.0	0.9578986559099475	0.9711307138649675	0.9935596223967292	109.06234905315509	181.7705817552585	70.04788647332117	0.0029186619363883817
78	[3, 4]	35.0	0.9841171465759825	0.9973469270859694	0.9940940397690239	85.6512951975422	142.75215866257034	104.91816777359372	0.002997661936388392
79	[0, 3]	30.0	0.8070385881779397	0.9457871243640721	0.9294154572085461	228.40867110261942	394.2003260735793	80.10776620336047	0.002670258873445349
79	[1, 2, 3, 5]	44.0	0.9073697276450173	0.9228363683885362	0.9918034537831052	213.00494539481463	355.0082423246911	124.15312520108823	0.002821661936388369
79	[3, 4, 5]	24.0	0.9863166940452518	0.9956242679392365	0.995578172347525	224.07515171893004	387.81439534960765	69.85588647332114	0.0029106619363883806
79	[1, 2, 3, 4, 5]	39.0	0.9253674369437822	0.9313222248745774	0.9968421021378596	376.66116972067033	642.1244253525081	113.1648155191468	0.0029016619363883794
79	[1, 2, 4, 5]	45.0	0.8270097065124082	0.9567081459932429	0.9290310996842933	342.92908761472654	585.9042885092682	130.12478713747703	0.002891661936388378
79	[1, 2, 4]	42.0	0.9147224471976066	0.9875893358773629	0.9637673703638565	316.242242327596	541.4262130307175	121.78580132831192	0.002899661936388379
79	[3, 5]	23.0	0.8901758636236153	0.9767525733900556	0.9586855067450687	60.41892739307435	100.69821232179058	70.39522453693321	0.0030606619363884005
80	[3, 4, 5, 6, 8]	41.0	0.8109670465621398	0.9505713339938139	0.9213142517844408	216.0059354751226	374.5191178741977	121.96113939192395	0.002974661936388389
80	[4, 6, 7]	45.0	0.8277752268155748	0.9768743219559558	0.9216401994953862	175.07675103709292	306.4913143894943	135.25478713747768	0.0030056619363883932
80	[4, 6, 7, 8]	43.0	0.8379122718704491	0.9036281805164359	0.9633420375250343	192.21195844287018	335.0499933991231	129.888463264701	0.003020661936388395
81	[0, 2]	41.0	0.9394642471343865	0.9838360267410512	0.9796154918580617	46.27937469026238	143.670039204664	90.04661381125672	0.002196258873445286
81	[1, 2]	39.0	0.8670518616252372	0.9036745550676538	0.9816198991392611	51.47730080801878	122.28226215154507	89.6710960643667	0.0022992588734453
81	[0, 1, 2]	10.0	0.9381468026720132	0.9922503237279836	0.9735454281847943	83.26093009665051	217.63315001744033	23.872588734453117	0.0023872588734453115
81	[0, 1]	46.0	0.9238348578256577	0.9961381069878498	0.9665098244540498	68.76518469501988	169.31399867867154	108.0659081784841	0.0023492588734453064
81	[1, 3]	39.0	0.8488623954166921	0.9478589712024011	0.9504733649856507	100.36193069884871	179.5970696335439	102.5800960643684	0.0026302588734453437
81	[2, 5]	11.0	0.9059246522350146	0.987057635868451	0.9621819842263122	86.18967602373597	182.74527125521627	31.731281300272148	0.002884661936388377
81	[5, 6]	46.0	0.9296978058667119	0.994724074974562	0.9708326276436823	108.25685852669041	210.5988863843331	139.45644907386625	0.0030316619363883967
82	[0, 1]	44.0	0.8816809440148798	0.9586320847045855	0.9627637834298818	143.4939474484948	265.7112429111964	114.36739043159494	0.0025992588734453396
82	[0, 2]	21.0	0.9579553427417864	0.9856074930703727	0.12376042613777305	209.5973253169668	362.5650562915942	56.054436342352325	0.002669258873445349
82	[0, 1, 2]	35.0	0.9554814970670655	0.9554814970670655	1.0	297.49931355953373	522.3868530962615	93.49406057058722	0.002671258873445349
83	[0, 1]	29.0	0.9931931380725812	0.9984866212956606	0.9976374958246792	136.02001475550912	226.70002459251523	77.08950732991507	0.0026582588734453474
83	[0, 2]	14.0	0.9937826153935986	0.9978862007495658	0.9981685474438389	128.94756426994053	229.6471610092525	40.48326710943729	0.002891661936388378
84	[0, 1]	37.0	0.999613353894735	0.999613353894735	1.0	200.96798023955373	511.0020168837733	92.47257831747707	0.0024992588734453263
85	[0, 1]	23.0	0.9939605604409092	0.9947001509172942	0.9996695916556323	53.30072596076407	308.464078783883	48.3979540892413	0.002104258873445274
85	[2, 3]	21.0	0.8688588674993435	0.9835432703683868	0.9444669105686125	258.7299056816835	431.2165094694725	55.718436342352284	0.002653258873445347
85	[1, 2, 3]	29.0	0.892654486330983	0.9453742813711945	0.973095653907667	279.5073709128688	512.0177631463043	77.11850732991509	0.0026592588734453476
85	[1, 2]	48.0	0.8771480989999658	0.9672956131904554	0.9563349955221253	166.11061333213817	323.02316717841995	128.3644259253768	0.0026742588734453496
86	[9, 11]	12.0	0.9520125128826811	0.9990469273264866	0.9785760382969941	81.87536112790775	101.54590019314583	42.77594323666161	0.0035646619363884674
87	[0, 1]	41.0	0.9020950831210963	0.9882705597099555	0.9596568286816938	36.56699263647971	109.2951991088531	95.74561381125748	0.0023352588734453046
87	[0, 1, 2, 3]	45.0	0.9232771657773661	0.9459018065933823	0.9882651905154869	211.91143853820626	414.8163865704336	116.74164930504024	0.002594258873445339
87	[1, 7]	49.0	0.8671959560883581	0.9621421348032374	0.9541075668303358	33.13678171047907	67.82274586354436	145.9054348830311	0.0029776619363883895
88	[0, 1]	28.0	0.8627371224892096	0.960987702046744	0.951962481778685	274.8012440955132	458.00207349252196	74.48724845646973	0.0026602588734453477
88	[1, 3]	40.0	0.9709414344382207	0.9779985799954304	0.11432880756085538	164.10033027209974	273.50055045349956	107.61035493781407	0.0026902588734453517
88	[0, 3]	25.0	0.8097078829910536	0.9001037918019209	0.15824480686579892	211.984383829631	353.30730638271837	67.68147183613385	0.002707258873445354
88	[2, 3, 4]	49.0	0.8895110558421262	0.9647475220572681	0.9617679122062429	500.04393515590806	833.4065585931801	139.7314348830303	0.002851661936388373
88	[3, 5]	22.0	0.9853738358615658	0.9981710191728436	0.9942666302323595	207.21556420007178	359.8568504442828	64.78256260054448	0.002944661936388385
89	[0, 1]	31.0	0.8216731199211192	0.9970904120047339	0.9133805453814183	224.65776137978156	387.93705689948564	82.87102507680582	0.0026732588734453494
89	[2, 4, 5, 6]	30.0	0.8188128981982112	0.9048643461456607	0.07883712801964854	501.7039524997398	879.5701092207797	85.69985809165121	0.0028566619363883734
89	[4, 5, 6]	24.0	0.8219407501244196	0.9337019420635547	0.9398786062090274	416.6845376112771	737.8710844066752	70.55188647332122	0.0029396619363883845
90	[0, 1]	32.0	0.9130988874552081	0.9817723282162957	0.9677604653606268	66.37935306698931	214.40733912152987	80.36028395025049	0.002511258873445328
90	[2, 4, 5, 6]	33.0	0.8046788796838128	0.9680918080370143	0.9105460589296811	338.63062814840964	655.9233612057038	99.05484390081695	0.0030016619363883927
91	[1, 2]	22.0	0.9997289086034123	0.9997297981838926	0.9999996045238598	223.75122459964493	387.25578457242585	62.16456260054413	0.0028256619363883693
92	[0, 1]	25.0	0.9342581072479754	0.9955810473287913	0.9717482256216234	219.36220834364377	895.1971370728456	59.0564718361327	0.002362258873445308
93	[0, 1]	32.0	0.9015749808140366	0.957329301429673	0.9733090113781063	201.57610026394258	335.96016710657096	85.38428395025116	0.0026682588734453488
93	[2, 5]	38.0	0.8299652351204705	0.956922720539205	0.936654055323586	251.9634905094752	434.5687762448094	110.1491535827584	0.002898661936388379
94	[0, 1]	31.0	0.9459078762366685	0.992922259484984	0.9783284523394573	66.58608509414518	160.32754882356883	73.50902507680459	0.0023712588734453094
94	[0, 1, 5]	25.0	0.857113046063256	0.903839722082972	0.9750485575802761	84.2279146397899	189.73059806631005	63.73147183613333	0.002549258873445333
94	[1, 2, 5]	23.0	0.8164053242563256	0.9282151115831412	0.9395433654836677	233.1693711097543	414.50689760075494	60.97895408924297	0.0026512588734453465
94	[1, 3, 4, 5]	13.0	0.8891144760591461	0.9442749592157647	0.9707056873478291	231.98229883434553	413.53380694985253	36.876605173048816	0.002836661936388371
94	[1, 4, 5]	27.0	0.8040393449645501	0.9232671771908246	0.12395416165686136	128.5047242180008	226.69929722589677	77.75087228248617	0.0028796619363883765
94	[1, 5]	42.0	0.9615715054538142	0.9982927567847465	0.9833579230224956	32.67153778071924	66.97731983042749	122.247801328312	0.0029106619363883806
94	[1, 4]	46.0	0.8632930625863966	0.9900154430942655	0.937429497816011	110.86289467235609	197.29624798315558	136.9724490738659	0.0029776619363883895
94	[1, 6]	14.0	0.8041356933283541	0.9463860659654784	0.1840096498722996	53.95917406270401	232.22159972583373	42.933267109437615	0.0030666619363884013
94	[5, 6]	14.0	0.9652950466653001	0.9939551989289194	0.9871235338278525	56.5712953732742	224.0503783808886	52.089267109438836	0.003720661936388488
95	[5, 7]	37.0	0.8597717386322381	0.973068400571042	0.9447416300559384	182.48120074127232	333.3030064069429	109.10049164637027	0.0029486619363883857
96	[0, 1]	13.0	0.8900063754361528	0.9855088486570756	0.9547704497288999	132.95606123482716	294.3379246624487	31.71036535478914	0.0024392588734453184
96	[4, 6]	39.0	0.8247831464997365	0.9934261894727379	0.9168349430527587	212.90481117407307	354.8413519567884	111.7218155191466	0.0028646619363883745
97	[0, 1, 2]	18.0	0.8163237956464926	0.9609455442947565	0.9231124232851132	227.9609734195252	455.13266394383214	45.958659722016	0.0025532588734453335
97	[10, 11]	29.0	0.9371064503750636	0.9679261640106813	0.9856571760576855	27.41456581379525	75.93605945544115	110.16119615526645	0.0037986619363884985
98	[0, 2]	45.0	0.835163171015259	0.9589556366426631	0.9385229955234224	104.90506437423323	248.16857024255637	112.87164930503974	0.0025082588734453275
98	[0, 2, 3]	27.0	0.8716107014584903	0.9371715159293176	0.965763177758368	136.87279947871428	301.4481287500248	68.04698958302389	0.002520258873445329
98	[0, 1, 3]	40.0	0.8478458198412808	0.9293971794454242	0.9567927495301459	159.78843523006992	339.52699883584927	101.25035493781323	0.0025312588734453306
98	[1, 2]	48.0	0.8933817555027479	0.9865394290686774	0.9558623575800672	117.03747195177098	221.09355158663215	121.7884259253759	0.0025372588734453314
98	[2, 3]	29.0	0.8769786326014664	0.9880102922948473	0.9469609616312356	79.02865320468874	144.78689925787228	73.92850732991465	0.002549258873445333
98	[1, 3]	43.0	0.8690235889737394	0.9360106637484207	0.9668800862527686	101.94428895604436	182.86576934369674	109.87613155814935	0.0025552588734453338
98	[4, 5]	10.0	0.8958502335264041	0.9285360925461192	0.9839676260571498	130.13983959177034	231.62527900681894	28.486619363883722	0.0028486619363883724
98	[3, 4]	36.0	0.8505864605783829	0.9493602600609734	0.15995839664493544	109.09560782232505	181.8260130372084	106.11582970998187	0.0029476619363883855
98	[3, 5]	42.0	0.8424952074588573	0.9304325495588948	0.9558289275816918	84.9797019784074	156.3583829845474	124.51580132831229	0.0029646619363883878
99	[0, 1]	39.0	0.9635660301021404	0.984570242698766	0.9904313541830192	80.97049680460844	388.8641555750865	91.89409606436699	0.0023562588734453074
99	[1, 3]	45.0	0.818612692806418	0.9528968654361211	0.9321276263589355	65.68163780458374	192.66732304409342	110.80164930503946	0.0024622588734453214
99	[2, 4]	12.0	0.8035168622148343	0.9604899674093449	0.9191503755122491	167.4326761045885	292.1807707450229	32.1991064813442	0.0026832588734453508
99	[3, 5]	30.0	0.8501101926282254	0.9939927300429845	0.18077997397570875	219.59568312310526	379.1285400241016	86.05985809165125	0.002868661936388375
100	[1, 2, 3]	31.0	0.8572581779158651	0.9060641461041088	0.9739271242465196	184.49581528003117	307.49302546671856	82.43702507680578	0.0026592588734453476
100	[1, 3]	48.0	0.9832597484583613	0.9955322045736645	0.994457126058704	136.29627011055052	227.1604501842509	129.18042592537688	0.002691258873445352
100	[3, 4]	35.0	0.8924586694723754	0.9505726622648324	0.9719538294646788	76.94226250106026	128.23710416843377	106.35316777359391	0.0030386619363883976
100	[2, 4]	33.0	0.8006116065014622	0.9197231008870888	0.9381660370607512	91.49763794353267	152.4960632392211	93.87384390081627	0.002844661936388372
101	[1, 3]	35.0	0.8408014812513886	0.9224426979479068	0.9588318046163462	77.3608489721807	128.93474828696785	99.10816777359295	0.00283166193638837
101	[3, 4]	35.0	0.9340872256197335	0.9824788612821318	0.9774749979843863	156.34930553700093	260.58217589500157	102.5031677735934	0.002928661936388383
101	[1, 2]	24.0	0.8814870614217122	0.9291181404558636	0.9765981306985811	85.96780054220373	143.27966757033954	69.5918864733211	0.002899661936388379
101	[1, 2, 4]	30.0	0.9692517705883407	0.9893857489662067	0.9903179099411702	207.79724144127388	346.32873573545646	88.15985809165153	0.0029386619363883843
101	[1, 2, 3]	47.0	0.9803056332841183	0.9861315471278029	0.9972125378973118	120.48766518013453	200.81277530022422	141.64211101025452	0.0030136619363883943
102	[0, 1]	18.0	0.9258854049399496	0.9476033593893292	0.9897223894392103	187.63472262043462	325.6959733093158	46.08465972201601	0.0025602588734453344
102	[2, 3]	6.0	0.9817567665911124	0.9913990318784899	0.9956535760290369	76.06596304411336	126.77660507352229	18.057971618330363	0.0030096619363883938
102	[1, 2, 3]	46.0	0.8420466969279787	0.9237246243358553	0.9563666041137985	154.74062655237992	257.90104425396646	123.61390817848617	0.0026872588734453513
103	[0, 1]	37.0	0.8847247531020123	0.9743891017505352	0.9572448278309673	130.42440662307885	242.27101660046884	94.9885783174774	0.0025672588734453354
103	[0, 2]	42.0	0.9458167773614292	0.9808969223057531	0.9837470270788522	115.04651179721176	216.64119189069038	107.06887268470399	0.002549258873445333
103	[0, 1, 2]	12.0	0.921061522442515	0.9375364213399804	0.9916566050870554	178.24900340287957	321.97867790013674	30.819106481344026	0.0025682588734453355
103	[1, 2]	44.0	0.8790925766301585	0.9474097056012436	0.9668925695834599	111.02708838546857	185.04514730911424	113.48739043159482	0.002579258873445337
104	[0, 1]	39.0	0.8723420133258882	0.9998400929643043	0.939175686145893	76.87952933169193	153.75905866338385	97.62709606436775	0.002503258873445327
104	[0, 2, 3]	20.0	0.8545773993304046	0.9408410015067646	0.9546277078701401	322.5021117778442	576.3753860810481	52.0651774689068	0.00260325887344534
104	[0, 1, 2, 3]	25.0	0.8688355937070122	0.9023723025276238	0.98164222519791	361.4468812263481	654.2649249780557	65.40647183613355	0.002616258873445342
106	[0, 1]	12.0	0.9999542862258883	0.9999542862258883	1.0	156.70729662561763	290.55396579299673	35.191943236660606	0.0029326619363883835
107	[0, 1]	11.0	0.8233019876293733	0.9882768191152574	0.918265419971007	149.86055792232153	262.5447573282276	29.207847607898817	0.002655258873445347
107	[2, 4]	49.0	0.8149277110113041	0.9924590477050629	0.9116346603385754	261.51771408649745	435.8628568108291	131.52868479882218	0.002684258873445351
107	[3, 4]	6.0	0.9397784849161618	0.9943581299151811	0.9749358858493529	77.02691899756539	128.37819832927565	18.3459716183304	0.0030576619363884
108	[0, 1]	17.0	0.999883137934633	0.999883137934633	1.0	233.29369406726136	388.82282344543563	49.82125291860252	0.0029306619363883833
109	[1, 2, 3]	34.0	0.9545200913011795	0.9865503431475559	0.9844861184548785	388.8566450791173	648.0944084651957	90.9928016971419	0.00267625887344535
109	[1, 2]	47.0	0.8452012017462721	0.9952015715893278	0.9271386783059901	275.40919374593153	459.01532290988587	125.87816705193144	0.00267825887344535
109	[2, 4]	37.0	0.8407093283998983	0.901300570829622	0.9690545998875271	108.87112114256611	181.45186857094353	105.36349164636977	0.0028476619363883723
110	[1, 2, 3]	23.0	0.8428309704404453	0.9506981223204473	0.9430432381055119	269.4992357512461	475.11512976903407	61.024954089242975	0.002653258873445347
110	[2, 3]	18.0	0.8213458809198712	0.9970339292836112	0.9137049120465224	230.7894055201172	397.6954693067764	47.81265972201624	0.002656258873445347
110	[4, 5]	16.0	0.9080055586114493	0.9753496170410365	0.968172336064133	266.72787636381037	458.95363181255345	46.12259098221403	0.002882661936388377
111	[2, 5]	34.0	0.9598451572210827	0.9925832779466176	0.9850967387266788	81.25521380502319	135.42535634170534	88.37480169714154	0.0025992588734453396
111	[0, 1, 3, 5]	27.0	0.9050719138497312	0.9189529916169439	0.9926282990884495	450.0180119951579	776.6394898376643	72.96098958302454	0.0027022588734453533
111	[4, 5]	11.0	0.9157137868701304	0.9561522778541214	0.9807770309855424	131.3461776579103	218.9102960965171	31.918281300272174	0.0029016619363883794
111	[5, 6]	19.0	0.9696623673419882	0.9928887419798753	0.9894536340401237	205.14220589835014	3009.6908793961734	61.42057679138004	0.0032326619363884234
112	[1, 2]	50.0	0.9217443103519929	0.9709654948250386	0.9768346664579174	63.64292492396155	106.07154153993592	127.56294367226667	0.0025512588734453332
112	[0, 2]	36.0	0.9184702574151984	0.9921666251062707	0.9657285689723605	110.84989401331971	184.74982335553287	92.16931944403203	0.0025602588734453344
112	[0, 1]	15.0	0.9173542780222789	0.9879330800834276	0.967017626668123	94.51345876608214	157.52243127680353	38.328883101680006	0.0025552588734453338
112	[0, 1, 2]	9.0	0.9328596772854554	0.9542719448522566	0.9893288708036219	134.50313885168168	224.17189808613614	23.12332986100802	0.0025692588734453356
112	[1, 3, 4]	48.0	0.8498007524840272	0.9033180029047108	0.971375480920469	281.42513918511304	469.0418986418551	136.0637729466418	0.0028346619363883705
112	[3, 4]	32.0	0.8542756121727003	0.9777487631556201	0.9400969779099135	257.7718943467511	429.61982391125173	91.89318196442801	0.0028716619363883754
112	[1, 4]	16.0	0.808924303150601	0.9098655741005524	0.9476136629340937	145.40069549385288	242.3344924897548	47.514590982214216	0.0029696619363883884
113	[4, 5]	12.0	0.8149372324625825	0.9860373416503785	0.9147973440745899	132.56584549915624	250.4005531533231	36.45194323666077	0.0030376619363883975
114	[1, 2]	10.0	0.9953598582150919	0.9956044081715405	0.9998908178584508	154.33756297873856	257.22927163123086	29.336619363883838	0.0029336619363883837
116	[0, 1]	43.0	0.9110865639421454	0.9891701579224403	0.9633326805338142	50.15920574514432	165.33797639520077	103.5551315581485	0.0024082588734453143
116	[0, 1, 2, 3]	18.0	0.8799088116643298	0.9105526694626297	0.983395274626094	182.48774386633775	398.74031862819623	45.54465972201595	0.0025302588734453305
116	[0, 2]	26.0	0.8608923899778959	0.9813068559848761	0.16915597644474195	127.97342656493127	295.40920478026146	65.8907307095786	0.002534258873445331
116	[1, 3]	44.0	0.8435462992678548	0.9862589906743296	0.9300444917667237	54.514317301406514	103.33111384793483	112.07939043159463	0.0025472588734453327
116	[0, 3]	47.0	0.8564263585531758	0.9990726618643941	0.18000434677030952	59.76741700242453	168.87774347841045	119.76816705193065	0.002548258873445333
116	[2, 3]	36.0	0.8629645899021452	0.9716283855457732	0.163895358640261	132.32853812119347	233.40234223299552	92.09731944403202	0.002558258873445334
116	[1, 5, 6]	19.0	0.8159715683617982	0.9633966857712389	0.9217011323237481	184.1227302014073	319.3451353479362	54.941576791379184	0.002891661936388378
117	[1, 2]	21.0	0.9864667968823423	0.9955368063282688	0.9959321969830931	96.56890562002171	190.29662149290226	62.40490066415616	0.0029716619363883887
118	[0, 1]	24.0	0.8956246108535687	0.939164342051918	0.978864734568466	220.2270571509402	417.6910992792156	59.83821296268781	0.0024932588734453255
118	[0, 1, 3]	26.0	0.8231672985477165	0.9176008428134209	0.9487831028389833	276.5591109726721	511.5778556487688	66.85273070957872	0.002571258873445336
118	[2, 3]	19.0	0.9459624715685235	0.999578827982766	0.9754787898413966	185.41521274568177	322.4715169640477	50.5069185954616	0.0026582588734453474
118	[3, 4]	40.0	0.8205458496824003	0.9468507898978202	0.9361258415870822	184.15865609640397	321.1340493023035	112.86647745553475	0.002821661936388369
120	[0, 1]	33.0	0.9933740069452822	0.9994319022482115	0.9972882427976222	213.63392637140998	501.85107638656945	80.85854282369556	0.00245025887344532
120	[2, 3]	25.0	0.9444649319423238	0.9664163404665336	0.9897751053587953	165.46051911093681	304.99199573631313	71.01654840970927	0.0028406619363883713
120	[3, 4]	35.0	0.978671544291831	0.9816165747241097	0.9986630485421302	130.97907044946484	425.3862234851636	109.18816777359429	0.0031196619363884084
121	[1, 2]	46.0	0.9972725902434619	0.9991507210377047	0.9991637790120352	86.76676724470192	159.7628848549564	130.99244907386512	0.0028476619363883723
122	[0, 2]	45.0	0.81020662442415	0.9482091845035981	0.18157145384541065	348.0087804181315	619.552921499892	119.39664930504061	0.002653258873445347
122	[1, 3, 4]	47.0	0.9115506260089664	0.9758453490685188	0.9679592395147902	288.0064336848812	493.26555390753805	126.20716705193149	0.002685258873445351
122	[5, 6]	10.0	0.9832222202319085	0.9976352727213982	0.9935352010032815	119.8549799018182	276.62388960827695	31.736619363884152	0.0031736619363884155
123	[0, 1, 2]	37.0	0.9443567266793645	0.9956230560919386	0.9751927187334701	201.5730661130827	387.87832351799267	94.9515783174774	0.0025662588734453352
123	[0, 1]	32.0	0.8870124989524552	0.9865334260116051	0.9527533701946697	169.41343100024963	320.8790836995905	83.56028395025092	0.002611258873445341
123	[1, 2]	22.0	0.8002028492262055	0.9659635295521746	0.9158071819331788	140.6506944033449	273.64887656223425	57.79969521579755	0.0026272588734453433
123	[2, 5]	31.0	0.8619180918777958	0.9928944788909826	0.17415802498785135	94.020902885496	184.8302260520459	88.30852002803954	0.0028486619363883724
123	[2, 4, 5]	16.0	0.8404811720893451	0.9593898476773333	0.12130390626886503	136.84995514009861	270.4883305612511	45.93059098221401	0.0028706619363883753
123	[2, 3, 4, 5]	37.0	0.913453483510193	0.9373779087870879	0.9874584015089204	205.2678097953949	384.5180883200782	106.2884916463699	0.0028726619363883756
123	[2, 4]	26.0	0.8481348994276293	0.9444361681819297	0.9520892314977837	74.98868736743563	152.65734432760735	75.36521034609785	0.002898661936388379
123	[3, 5]	36.0	0.9435040848339206	0.9944851818031127	0.9766591686204888	130.27912242795924	231.86074399247087	105.82782970998184	0.0029396619363883845
124	[0, 1]	31.0	0.9919003186008931	0.9926980979428427	0.9996426796970243	272.13653813000633	453.56089688334396	88.99052002803963	0.0028706619363883753
124	[0, 2]	49.0	0.8540779261494785	0.9418489765219275	0.9564483108182441	170.07289227358353	283.45482045597265	138.2614348830301	0.002821661936388369
124	[1, 2]	41.0	0.9141911799631519	0.9941800590221813	0.1484372319100289	136.0318807711936	226.71980128532266	116.2621393919232	0.0028356619363883707
124	[0, 1, 2]	29.0	0.9995495045035449	0.9995495045035449	1.0	289.12065558739175	481.8677593123196	83.3361961552629	0.0028736619363883757
125	[1, 2]	16.0	0.9999520282154045	0.9999810598802362	0.9999870966061452	89.10440846914557	194.03559043443352	46.93859098221414	0.0029336619363883837
126	[0, 1]	46.0	0.9584584672571869	0.9756953624561977	0.9920790287895787	139.98884669416825	246.23410124708758	116.62190817848524	0.002535258873445331
126	[0, 2]	42.0	0.9186975245468921	0.9617890602547822	0.9796063815097705	165.95713531046667	289.5145822742516	111.64687268470459	0.0026582588734453474
126	[0, 1, 2]	50.0	0.8794177204286006	0.9186019559108884	0.979478976785286	212.92661335562357	367.79704568284643	132.3129436722673	0.002646258873445346
126	[1, 2]	45.0	0.9809577370743398	0.9810872843407666	0.9999412382724306	119.90724470661223	199.84540784435373	120.74664930504078	0.0026832588734453508
128	[0, 2]	41.0	0.9837666915702914	0.9973368010837024	0.9939110250795156	145.94473405545648	243.2412234257608	109.97261381125938	0.0026822588734453506
128	[1, 2]	20.0	0.961185647142049	0.9881000651114656	0.9877244502947443	185.73122037989137	309.55203396648557	56.93323872776744	0.002846661936388372
129	[0, 1, 2, 4]	22.0	0.8716363395988939	0.9476770635553008	0.9596155293513181	167.55690318612844	279.261505310214	59.09769521579773	0.002686258873445351
129	[1, 2, 3]	38.0	0.873638168971422	0.9660853007135639	0.9529196913208264	145.35183658964246	242.25306098273748	102.4578371909234	0.0026962588734453525
129	[2, 3]	49.0	0.8861533879173612	0.9547334387498099	0.9672971861951468	106.08523724064179	176.808728734403	132.3616847988223	0.002701258873445353
129	[3, 4, 5]	50.0	0.9267222859621121	0.958383896797649	0.9842717612592191	112.55857965872455	202.1170789980871	153.48309681942007	0.0030696619363884017
129	[3, 4]	48.0	0.8657712483509503	0.9034971833300073	0.9812119260110465	60.288573217958245	100.48095536326373	140.0477729466423	0.0029176619363883815
130	[0, 1]	19.0	0.9940729348780399	0.9971421666033643	0.9986290264235889	68.50534484727876	126.93362912957909	45.946918595461	0.0024182588734453156
130	[0, 1, 2]	16.0	0.9927130333174619	0.9971193923297469	0.9979158135369751	197.4984172284708	341.92208309823246	43.06014197512563	0.002691258873445352
130	[1, 2]	46.0	0.8819756717368646	0.9804943341389152	0.9527444887553306	159.61240290306677	278.77872588922577	123.38390817848612	0.0026822588734453506
131	[0, 2, 3]	28.0	0.8218945675525491	0.9607137938786999	0.9263278071007671	320.2961609714918	547.2060043291967	74.2072484564697	0.0026502588734453464
131	[0, 2]	50.0	0.881137913978922	0.9986497252071035	0.944289119786857	207.60872824132443	359.3936164455844	134.86294367226765	0.0026972588734453526
131	[0, 4]	44.0	0.8886530347355202	0.9846165061877791	0.9542705324187413	76.58421917126083	142.53110093225123	125.73712520108843	0.0028576619363883736
131	[4, 5]	39.0	0.9755781176157664	0.9997552575029165	0.9891656789965603	128.05326596335786	290.35169361476164	118.11781551914744	0.0030286619363883963
132	[1, 2, 3]	11.0	0.9563603123472746	0.9817836158325454	0.9876530719279983	205.60017751488002	368.3292790575692	28.679847607898747	0.0026072588734453407
132	[2, 3]	34.0	0.9417342826389986	0.9847011977840995	0.9801901773751762	113.21583799691118	188.6930633281853	88.95280169714162	0.002616258873445342
132	[2, 3, 4]	8.0	0.8262869591844054	0.961960180608871	0.928218468531402	173.0284802773308	288.380800462218	22.57329549110695	0.002821661936388369
132	[4, 5]	27.0	0.8987030343347291	0.9609812868930068	0.970162591438502	204.98754903921989	387.0130734274916	80.39687228248651	0.0029776619363883895
134	[0, 1]	50.0	0.8809110087354466	0.9252891479594861	0.9781420009010099	168.14052253720453	330.20800950952514	127.51294367226664	0.002550258873445333
134	[1, 2]	23.0	0.9710058360310568	0.987140114784725	0.9926658733530603	166.01019936650198	289.7149444494488	61.093954089242985	0.002656258873445347
135	[0, 1]	45.0	0.9306433367832163	0.9991345935772948	0.9684192902733749	124.48760101593842	220.4206617495353	113.77164930503986	0.00252825887344533
135	[0, 2]	11.0	0.8252373197295476	0.9044380443609441	0.1518920538821977	166.6586822517759	290.7057971425978	28.954847607898785	0.002632258873445344
135	[0, 1, 2]	49.0	0.8906300420214152	0.9941369536351259	0.9481648051060703	213.49832292988677	368.77186493944924	129.47068479882194	0.0026422588734453453
135	[1, 2]	26.0	0.8819313402303223	0.9996017129770117	0.944190954488535	135.8503625920592	226.4172709867654	69.21873070957903	0.002662258873445348
135	[3, 4]	29.0	0.8226380736329085	0.9505222263096547	0.935655716121248	189.7770613365089	316.29510222751486	82.81419615526282	0.0028556619363883733
135	[3, 5]	26.0	0.8465214878504903	0.9770851025909818	0.1752086251174022	182.10714038620765	303.51190064367944	75.10521034609782	0.0028886619363883777
135	[4, 5]	49.0	0.8717351676821994	0.9448575871698647	0.964147203103134	200.39179728491624	333.9863288081938	144.68043488303093	0.002952661936388386
136	[1, 2]	35.0	0.8285191829152053	0.9847744113845331	0.9228293354079395	101.35266570323964	181.95852604684637	88.52406057058657	0.0025292588734453303
136	[1, 3]	50.0	0.8901886917027867	0.9740409745963543	0.9599380270789856	158.7887833600313	264.6479722667188	131.86294367226722	0.0026372588734453447
136	[1, 2, 3]	12.0	0.8225561396184365	0.9402601905724276	0.9368837565721113	190.0785830595041	329.8350549739538	32.03110648134419	0.002669258873445349
136	[4, 5, 6]	44.0	0.8441077984616239	0.9877002912313411	0.9257097345750162	444.3096560029347	740.5160933382244	126.08912520108848	0.0028656619363883746
137	[1, 2]	27.0	0.9667417702565645	0.9669764867487938	0.9998921058513441	277.8491560983572	463.08192683059536	73.09598958302456	0.002707258873445354
138	[0, 1]	47.0	0.929118156592624	0.9818732458236419	0.9754620835453913	146.61284973129574	270.0579000050016	121.31916705193085	0.0025812588734453372
139	[8, 9]	12.0	0.809150129470772	0.9511250124709796	0.9281666260073012	80.82118075177075	164.6659928299386	37.14794323666086	0.003095661936388405
139	[6, 7, 8]	50.0	0.8298219050057141	0.9846142414125406	0.13965434368874008	122.85300195914064	234.7190281755551	155.2830968194203	0.0031056619363884065
139	[6, 7]	36.0	0.8158998381526302	0.9705658214655694	0.18848645261168145	59.92854964746728	99.88091607911214	112.52382970998273	0.003125661936388409
139	[6, 7, 8, 9]	25.0	0.8140414257517598	0.901918239977758	0.9501571232609995	140.74973039923802	264.5469089090507	77.96654840971021	0.0031186619363884082
139	[6, 8, 9]	41.0	0.8124601892020815	0.9421693106070494	0.9300726073928545	97.2754435908137	192.08976422834354	128.4801393919248	0.00313366193638841
140	[0, 1]	21.0	0.9981963738887804	0.9981963738887804	1.0	171.47781057111567	300.21232814400116	60.89290066415596	0.002899661936388379
141	[0, 1, 5]	12.0	0.9064474157817485	0.9765931712058583	0.9650157414888862	96.84194070769716	210.24139995491296	28.959106481343778	0.002413258873445315
142	[1, 2]	41.0	0.8467071493657353	0.9272495322732137	0.1514554523423397	204.4349080838178	340.72484680636296	117.32813939192334	0.002861661936388374
142	[1, 2, 4]	38.0	0.8199659246405843	0.9015452062197565	0.10352767936890435	233.0718982094495	436.1814805584687	109.08515358275827	0.0028706619363883753
142	[1, 3, 4]	46.0	0.8846835076816432	0.9243623730485675	0.9793283085633436	285.2492877507773	537.4638835180091	132.83244907386538	0.0028876619363883776
142	[2, 3, 4]	25.0	0.8494638431996204	0.9652368741964997	0.9397677462766834	337.32579442895684	624.2580613149751	72.36654840970947	0.0028946619363883785
142	[2, 3]	22.0	0.8586162772193641	0.9414533850777803	0.9590476123053463	308.6888043033251	528.8014275628693	63.90256260054436	0.00290466193638838
143	[0, 1, 2]	15.0	0.8915324954623295	0.9362478046026325	0.9769396608220066	364.4540779261986	633.6818292568232	39.588883101680175	0.002639258873445345
143	[0, 1]	39.0	0.8091515849268504	0.9714403914531238	0.9183023112290917	259.78010228329094	459.2252031853106	102.5800960643684	0.0026302588734453437
143	[0, 2]	28.0	0.9089315574845575	0.9816242260226191	0.14533020188119028	245.40282283206776	422.0351535339241	74.09524845646969	0.002646258873445346
143	[1, 2]	35.0	0.8374177398234941	0.9785204162852833	0.9304628621555441	223.7252307370385	386.103301794412	93.52906057058723	0.0026722588734453493
143	[4, 5]	31.0	0.8733585459526179	0.9923977530455902	0.9430551220056643	361.4524448610381	602.4207414350634	88.09152002803953	0.0028416619363883715
143	[3, 4, 5]	40.0	0.8147013267578316	0.9331946222204794	0.935897687787909	429.08108910729595	715.1351485121598	115.78647745553513	0.0028946619363883785
144	[2, 3, 4]	39.0	0.8577268175758435	0.9154323472937761	0.9693640738817794	296.73786016121545	508.0042809053116	103.75009606436856	0.0026602588734453477
146	[0, 1]	12.0	0.9999852997014261	0.9999852997014261	1.0	63.61469390520556	211.43061416061116	28.863106481343767	0.002405258873445314
147	[0, 1]	15.0	0.9823554189981689	0.9988830477193003	0.9925836563486273	102.47548984135985	255.93113888567422	35.40388310167962	0.002360258873445308
147	[1, 2]	28.0	0.8829112224310673	0.9833788130285809	0.9518651955787327	176.14400199685954	306.17757729421055	74.31924845646971	0.002654258873445347
147	[1, 3]	38.0	0.89453756440196	0.9762634370300789	0.9610994474954262	133.13858393059587	248.66225882371927	107.22315358275802	0.002821661936388369
147	[3, 4]	32.0	0.9550896191206506	0.9758397751499752	0.9904748345528855	172.07761683179277	315.62942208345925	91.57318196442797	0.002861661936388374
147	[1, 4]	50.0	0.8834082087598172	0.9381668757467835	0.9732132857324104	84.31429917919759	167.8010883219638	142.1830968194186	0.0028436619363883717
147	[1, 3, 4]	16.0	0.905344316341887	0.9096199617457545	0.9977821715341607	194.76524997079312	366.04638461457114	45.898590982214	0.002868661936388375
148	[0, 1]	34.0	0.959722115419506	0.9988749189444599	0.9822296064336375	99.39372595598638	178.24299060615135	84.328801697141	0.002480258873445324
148	[0, 2]	44.0	0.9150338880312604	0.9796686005605182	0.14142769310602188	275.35171296019786	484.77390510073604	115.73139043159513	0.0026302588734453437
148	[1, 2, 5]	28.0	0.8763743183426534	0.95875357528001	0.9576655116300477	280.1357903945009	480.1605868117337	74.79524845646978	0.002671258873445349
148	[1, 5]	47.0	0.8559024173801221	0.9300212470732402	0.9630009779982913	65.20062469593827	108.6677078265638	127.24116705193164	0.002707258873445354
148	[4, 5]	49.0	0.8623891746044975	0.9949286829158156	0.9364016755764203	129.5814511855921	215.96908530932018	143.84743488303081	0.002935661936388384
149	[0, 1]	9.0	0.9291664618245942	0.9993415071937315	0.9676860911946912	76.59871691537651	153.1945471000185	22.08832986100788	0.0024542588734453204
149	[0, 4]	16.0	0.9404183387379461	0.9854921362258113	0.9792695768888614	69.95717842532007	142.68817022001284	40.38814197512527	0.0025242588734453297
149	[0, 1, 4]	26.0	0.9281770991737581	0.99736257010327	0.9661601824560724	100.57588073018226	206.47713335514243	65.00673070957849	0.0025002588734453265
149	[1, 4]	20.0	0.8227658013059109	0.9944923256603205	0.9152409927464025	54.595866119667946	117.07154939025347	51.2651774689067	0.002563258873445335
149	[0, 2]	40.0	0.8341907445374435	0.9938820853976504	0.9213433472338417	254.6876064159418	450.63026208966727	105.97035493781384	0.0026492588734453463
149	[0, 2, 3]	27.0	0.9125972849576354	0.9461651524152367	0.9830599776492713	432.7020882232763	747.3210651018913	71.79998958302438	0.0026592588734453476
149	[1, 2, 3, 4]	30.0	0.8120841053671368	0.9012833854592655	0.9495853638167134	441.31793973242986	774.987030527256	80.10776620336047	0.002670258873445349
149	[4, 5]	13.0	0.9659123444589889	0.9936019192314949	0.9874912409499755	74.9331967409585	138.2093077987118	37.95560517304896	0.002919661936388382
150	[0, 1]	48.0	0.9423615284777506	0.9738070841980211	0.9853100288971124	124.56669747075084	620.4592820675383	107.62842592537403	0.0022422588734452922
150	[1, 2]	42.0	0.9095567649852646	0.9390203190462545	0.9857903275269994	37.694101926767225	87.84381151586057	105.01087268470371	0.0025002588734453265
150	[1, 2, 3, 4, 5]	21.0	0.9140115324845774	0.9343327749768463	0.9891769028766	395.01452489974815	696.4693410984543	55.29843634235223	0.002633258873445344
150	[1, 3, 4, 5]	24.0	0.9102991577787335	0.9782154532595596	0.9650979990000389	372.00532901594113	645.3377946899942	63.39021296268829	0.002641258873445345
150	[2, 3, 5]	32.0	0.8073723559886288	0.9226657401573558	0.9375630598322244	308.2753755216017	539.6666704324099	84.84028395025109	0.0026512588734453465
150	[1, 5]	31.0	0.8639616545730765	0.962734392217111	0.9518430705458572	119.2885058195235	211.0515980683393	83.92502507680598	0.002707258873445354
150	[1, 7]	35.0	0.8463370439251463	0.9927260015280108	0.9288149952560829	163.45987439161814	313.84210810980255	103.34316777359352	0.002952661936388386
150	[1, 6, 7]	18.0	0.9044285820103571	0.99042387377645	0.9572456278789299	276.3744326129701	516.5092638917163	53.11191485499095	0.002950661936388386
150	[1, 6]	46.0	0.8250193886790583	0.9445287374415524	0.9396200195064041	127.59946426431215	239.37942088931422	136.2364490738658	0.0029616619363883874
151	[0, 1]	38.0	0.8923917821360239	0.9265961235834805	0.9832837657473076	102.58552874447238	196.45578180310787	99.75983719092304	0.002625258873445343
151	[2, 3]	47.0	0.8464362345419252	0.9813405877557818	0.9343889125074482	367.68455343935176	612.8075890655862	134.96811101025364	0.0028716619363883754
151	[4, 5]	31.0	0.8720842032302771	0.9469995362206699	0.9631622557537862	155.09493154762274	417.8093664539239	93.57852002804024	0.003018661936388395
151	[1, 4]	30.0	0.900213212263398	0.982741131356293	0.9608900976098709	150.03101689356856	279.8571357629634	88.30985809165155	0.002943661936388385
151	[1, 4, 5]	15.0	0.9589822270960473	0.9632646209249212	0.9979045056526838	188.88472877382958	474.1256951642686	45.71492904582598	0.003047661936388399
151	[1, 5]	22.0	0.8733292985588954	0.9233517508644129	0.9751911467827712	72.64350910646787	250.58488811164986	68.06056260054491	0.003093661936388405
152	[0, 1]	48.0	0.940667489722078	0.961474479460471	0.9902430585713503	157.3103001330426	275.19051161163424	124.09242592537622	0.0025852588734453378
153	[0, 1, 2]	43.0	0.9309065278022587	0.9711348217051221	0.9804025104928705	99.02334762881286	329.2411529217881	96.41713155814757	0.0022422588734452922
153	[1, 2]	49.0	0.867959300227796	0.9857633405571171	0.9434351544786873	50.30957357586165	143.66487081530732	123.93368479882119	0.0025292588734453303
153	[0, 1]	35.0	0.8495341264502089	0.9959395677921633	0.9301689828649442	70.18289830373503	257.1400296090935	81.20906057058559	0.0023202588734453026
153	[0, 2]	44.0	0.8834188414926943	0.9789308291667747	0.9547309595704563	77.55422337802905	257.6774054191754	103.01539043159345	0.0023412588734453054
153	[0, 1, 2, 3]	45.0	0.8794740519713552	0.9261484218025631	0.9750996930954826	130.6642765774656	381.9760345028761	110.53164930503944	0.0024562588734453206
153	[2, 3, 6]	24.0	0.8278645244090636	0.9021465150259905	0.959620383409489	78.06358126570024	154.13967654706522	62.23821296268813	0.002593258873445339
153	[1, 3]	45.0	0.8136558664618585	0.9934731022834484	0.910603572838484	53.110053199436585	124.29862908370067	119.66664930504065	0.0026592588734453476
154	[1, 2]	41.0	0.8489828897388643	0.9694354884864415	0.9413549487616206	45.31494287398234	75.52490478997056	94.67961381125735	0.002309258873445301
154	[0, 1]	43.0	0.8163933214254125	0.9767841277790895	0.19038579439638031	52.461377348158315	99.90544786114766	108.80113155814922	0.0025302588734453305
154	[1, 7]	36.0	0.8161470191027146	0.9184011295126013	0.16349628483273007	42.27905515943596	383.09811061787434	109.03182970998226	0.0030286619363883963
155	[0, 1]	26.0	0.9516907958545833	0.956868422691171	0.997570316924157	91.63362657588223	177.37673856388952	65.42273070957854	0.0025162588734453286
155	[2, 3]	41.0	0.9393422120146415	0.9755641657393694	0.983168927375208	96.29214122791073	225.54867699581987	119.91113939192368	0.0029246619363883825
156	[0, 1]	32.0	0.9982489130291843	0.9992477822748235	0.999555501644565	222.45469077421936	409.23371136636916	84.84028395025109	0.0026512588734453465
157	[1, 2, 3, 5]	35.0	0.8971111914712809	0.901125936838915	0.9978427067760102	324.89794188111597	570.8753705113318	100.19316777359309	0.0028626619363883742
157	[1, 3, 4, 5]	29.0	0.8910860873010491	0.9109747555254841	0.989309017908993	180.75832335296656	330.81028928575034	84.67019615526307	0.002919661936388382
158	[1, 2]	15.0	0.9445507997740643	0.9461376542452066	0.9992539551933346	232.33203023034739	401.9038100498645	43.014929045825625	0.002867661936388375
159	[2, 3]	28.0	0.9615743690771964	0.999876787955887	0.9826354565620884	87.27646226982606	160.47752587121542	82.5625342188748	0.0029486619363883857
159	[1, 3]	25.0	0.9921418850359675	0.9979811847773024	0.9973881534631633	215.25093997273527	388.0274720589449	70.71654840970925	0.0028286619363883697
159	[1, 2]	40.0	0.9103604613876632	0.9380685885871402	0.9866939212106308	248.46708272514218	428.3709545581177	112.86647745553475	0.002821661936388369
159	[1, 2, 3]	19.0	0.8984832511225598	0.900385625115804	0.999004668061743	275.4972424838518	488.437976244139	54.75157679137916	0.0028816619363883768
160	[0, 1]	42.0	0.8807526151669194	0.9383621971259999	0.9717958904999597	92.08277321300781	273.6822114171412	102.23887268470334	0.0024342588734453177
160	[1, 2]	50.0	0.8733998157660378	0.9505322786793545	0.9624148516442927	215.66607701098212	372.1535765366998	134.31294367226758	0.002686258873445351
160	[3, 4, 6, 7]	47.0	0.8187013571650978	0.9526525330479678	0.9267245276297547	328.6857382375807	577.4220520614717	134.3571110102536	0.0028586619363883737
162	[1, 2]	34.0	0.8504836403174475	0.911994500136266	0.969002372361896	266.4619852797196	457.51071277571623	90.58480169714184	0.0026642588734453482
162	[0, 1, 2]	39.0	0.8004182379193223	0.9961389769733615	0.8960520889283217	305.209053934572	535.004850085421	104.17909606436862	0.002671258873445349
162	[0, 1]	37.0	0.9201761102247338	0.961960999215192	0.13086715661991813	143.3248196690847	265.19779297627554	99.79857831747805	0.0026972588734453526
162	[3, 4]	25.0	0.8188261569663537	0.9147224663368697	0.950739171497159	289.01597341587404	495.865516138161	71.8915484097094	0.002875661936388376
163	[0, 4]	39.0	0.83417487664097	0.981055368074481	0.927759868099543	172.78943759490312	314.0258402365134	100.63009606436815	0.002580258873445337
163	[0, 2]	46.0	0.8516381939390661	0.93431973745731	0.9588056591605575	220.6460829937761	393.7869159013017	118.87590817848553	0.0025842588734453376
163	[3, 4]	32.0	0.9874909147010619	0.9991988265734035	0.9947638526117243	35.325597486680905	58.875995811134835	101.97318196442936	0.0031866619363884172
164	[0, 1]	33.0	0.9483871129289322	0.9840999622835979	0.9835833235447752	38.32280063973929	76.22181139928566	80.75954282369554	0.0024472588734453194
164	[0, 7]	20.0	0.8447361600497135	0.979169558173793	0.9343406480577103	131.18195027959163	260.8233115374825	58.69323872776767	0.002934661936388384
164	[1, 7]	22.0	0.8201751144794359	0.935819878304506	0.9413670811326482	139.86360612000252	262.94226093844713	64.54056260054445	0.0029336619363883837
164	[0, 1, 6]	27.0	0.8461607316056459	0.9660766790251449	0.12137331115972984	98.24123236239247	176.08586427037426	80.47787228248653	0.00298066193638839
165	[0, 1]	40.0	0.9301170336004757	0.9709002670166	0.9808988864254538	239.26377795176913	425.34811466667605	105.6503549378138	0.002641258873445345
165	[2, 3]	29.0	0.8373751605512398	0.9633271027226474	0.9374554470872863	215.25674569474756	387.46714693279336	82.35019615526276	0.002839661936388371
165	[2, 3, 4]	22.0	0.9253189299361113	0.9720931513454216	0.9767736311219032	293.8618008595011	518.4755722073826	63.24256260054427	0.002874661936388376
165	[2, 4]	43.0	0.9546322129018445	0.9966074168331809	0.13023160018544583	259.4058841374424	446.6924123697603	124.55646326470028	0.0028966619363883788
165	[3, 4]	36.0	0.9033437134717904	0.9850561152030072	0.9614458469343469	113.06097188681224	202.79158511221158	108.27582970998216	0.0030076619363883935
166	[0, 1]	42.0	0.9816645813851961	0.9816645813851961	1.0	65.82884529806928	109.71474216344882	118.50980132831148	0.002821661936388369
167	[0, 1, 2]	26.0	0.8587925261574578	0.9480270366785367	0.95332364522787	272.6585080780891	467.76633694772994	68.46473070957896	0.002633258873445344
167	[1, 2]	37.0	0.9064381424453336	0.9540611635805578	0.9770977642298901	184.6442730820505	307.7404551367508	100.05757831747808	0.0027042588734453536
167	[1, 4]	41.0	0.8332107384304104	0.9390198833579747	0.9468282404702704	171.29014774366632	285.4835795727772	110.75161381125947	0.002701258873445353
167	[0, 1, 2, 4]	26.0	0.9082001014368682	0.9082801743253152	0.999957254456058	299.450161273884	512.4190922740548	70.38873070957919	0.002707258873445354
167	[2, 4]	48.0	0.9202469937460381	0.9981138453803997	0.963853064297025	66.93743172997405	111.56238621662338	135.5357729466417	0.002823661936388369
167	[3, 4]	38.0	0.9614131150576838	0.988780616905718	0.9875268841998913	114.3389403100229	205.15611503574283	114.25315358275896	0.0030066619363883934
167	[2, 3, 4]	44.0	0.8937805259878966	0.9507109252488212	0.970934555775351	154.484718844202	272.0657459260413	125.38512520108839	0.0028496619363883725
168	[3, 4]	35.0	0.9032794237631308	0.9914419895390125	0.9585428252464937	135.53954380241015	239.98297295139426	101.80316777359332	0.0029086619363883803
168	[3, 5]	48.0	0.801635272969361	0.9017549766184401	0.9475640841438508	141.48656851879727	280.389084049007	140.43177294664235	0.0029256619363883826
169	[0, 1, 2, 6]	40.0	0.8138248663357003	0.905490989925341	0.9481635897298271	335.9491326509397	573.2034595520545	105.37035493781377	0.0026342588734453443
169	[4, 5]	47.0	0.9671613903919104	0.9855490230588418	0.9916487762287751	154.71182960304182	257.853049338403	137.60011101025398	0.002927661936388383
169	[5, 6]	39.0	0.9485105832299959	0.9901054641402608	0.9809155274815361	68.84481547920811	114.74135913201351	119.9118155191477	0.0030746619363884024
170	[0, 1]	40.0	0.9269014367531485	0.9530340676392023	0.1234770796460413	248.5346887197994	427.6340086536734	108.29035493781417	0.002707258873445354
170	[0, 2]	47.0	0.8385296084424188	0.96562887308613	0.17403636388905486	233.76685588993215	403.1370592104685	126.11316705193148	0.0026832588734453508
170	[0, 1, 2]	20.0	0.9608197985004283	0.9650130785453427	0.9979506865253692	402.72690181042924	698.1466631986381	54.145177468907086	0.002707258873445354
171	[2, 4, 5]	27.0	0.8057137073485227	0.931424199879909	0.9326730781837216	126.17769721483846	223.34131774256835	69.6669895830241	0.002580258873445337
171	[0, 1, 4, 5]	43.0	0.8238199294203508	0.9082708448463224	0.9525597492244999	138.2464568347583	267.75722029007153	112.24113155814966	0.002610258873445341
171	[4, 7]	41.0	0.9011628410077313	0.9856707159743424	0.9603069319818447	42.3787354281545	86.4259037297644	119.70613939192364	0.002919661936388382
171	[5, 7]	43.0	0.8665247290032648	0.9434442579666342	0.9622631626080488	35.60816128777248	75.14161349579439	132.42546326470134	0.003079661936388403
172	[2, 3]	33.0	0.8703344069530968	0.9855017220473501	0.16650287492989793	209.7869289863632	363.1191822780881	88.05254282369651	0.0026682588734453488
172	[4, 5]	28.0	0.8954142434470685	0.9897241191765067	0.9554499062564245	238.49544796362898	397.492413272715	80.57453421887453	0.0028776619363883762
173	[0, 2]	29.0	0.9196397403641968	0.959526340799671	0.9811533180618532	76.72615380842241	152.74882768966089	72.6815073299145	0.0025062588734453273
173	[0, 1, 2]	31.0	0.848924592905144	0.9309193473380217	0.9564476762344396	140.6796774429334	259.3380337471792	79.5850250768054	0.0025672588734453354
173	[1, 2]	33.0	0.8842006256584076	0.9217171503990478	0.9813992324393589	95.91024902681106	159.8504150446851	85.51154282369617	0.0025912588734453386
173	[0, 1]	42.0	0.8380215698988711	0.982448710214695	0.9296532762730183	108.7229520506334	206.07682476001256	109.21087268470427	0.0026002588734453397
173	[2, 3, 4]	38.0	0.8371341539303276	0.914242376343662	0.9584296055664647	137.67638775435137	244.29082243517956	108.43915358275817	0.002853661936388373
173	[2, 4]	26.0	0.8529328325977521	0.978336014725307	0.9388151024443694	58.65104251256921	112.58191369887601	74.2212103460977	0.002854661936388373
173	[2, 3]	23.0	0.8549761078078962	0.9850310244729799	0.9367029919712756	110.98207063408219	184.9701177234703	66.5082245369327	0.002891661936388378
173	[4, 5]	46.0	0.8225092262539826	0.98831707986783	0.9182027965601145	180.34308425454824	360.5927971318643	138.95044907386617	0.003020661936388395
174	[0, 1]	40.0	0.891915222416809	0.9427513336211487	0.9754111953934809	127.73914703384226	260.9491468199489	100.93035493781319	0.0025232588734453295
174	[1, 2]	18.0	0.9893940674171189	0.9994675873301007	0.995497198300723	126.60204749066473	211.0034124844412	47.75865972201624	0.002653258873445347
174	[2, 3, 4]	23.0	0.8341287414937221	0.9004327971363248	0.9638534442974735	330.96145508633447	551.6024251438907	64.96722453693249	0.002824661936388369
174	[3, 4]	28.0	0.8678320778146839	0.991806647572915	0.9405375229703183	274.43787251325784	457.3964541887631	79.90253421887445	0.002853661936388373
175	[0, 1]	21.0	0.8366147153101456	0.9722572917675913	0.9330435890445129	190.91332837249493	369.0993685124641	54.164436342352076	0.002579258873445337
175	[9, 10]	8.0	0.8509157881246109	0.9770165584845616	0.9383782183708883	92.082103971375	215.12611172746932	25.565295491107346	0.0031956619363884184
176	[0, 1, 6]	20.0	0.8742229851561377	0.9461348565355002	0.962753613986658	123.99174165288619	218.75207586692304	51.02517746890667	0.0025512588734453332
177	[0, 1]	49.0	0.8146703410464277	0.9898992564483869	0.9128509637557766	141.33446517865823	261.68090007110385	127.41268479882164	0.0026002588734453397
177	[0, 2]	34.0	0.9010229028599108	0.9721757348821553	0.966187116058223	125.94954680353132	222.7544808903707	88.91880169714162	0.0026152588734453417
177	[2, 3]	40.0	0.9311354717603304	0.9952809283553754	0.970353871012942	209.57353064560118	349.2892177426687	106.61035493781392	0.0026652588734453484
177	[0, 1, 3]	30.0	0.871696056850142	0.9936651943370637	0.9381844722897981	286.5835828662567	503.762762883768	79.5977662033604	0.002653258873445347
177	[4, 5]	10.0	0.8330708032791949	0.9830251322038368	0.9260614215646765	183.7732111516543	321.02404462161115	29.276619363883828	0.002927661936388383
178	[0, 1, 2]	10.0	0.9208316192710047	0.9709714850164054	0.9750114947100469	225.6598284050967	1904.5996598631257	21.672588734452823	0.0021672588734452823
178	[1, 2]	33.0	0.9399123419797015	0.9953744633526833	0.9744262088166636	114.89963768797584	1035.8922816896286	72.54254282369445	0.0021982588734452864
178	[1, 3]	38.0	0.8717087539779846	0.9593944795934974	0.9572389777334227	69.15347119708197	610.9802919973162	88.66383719092157	0.0023332588734453043
178	[1, 2, 3]	24.0	0.9369689016378131	0.9805569294745271	0.9785532794261137	130.1335256229518	1073.9770015270685	56.454212962687365	0.002352258873445307
178	[2, 3]	46.0	0.9188902037246204	0.9688724219340309	0.9764756318125423	76.21394236084578	501.08142936719224	108.01990817848409	0.0023482588734453063
178	[3, 5]	36.0	0.8595527096146902	0.9790823619913829	0.16901444611566843	71.90326630929258	146.0263929313763	96.3453194440326	0.00267625887344535
178	[3, 4, 5]	21.0	0.9384307492192071	0.9763819662865589	0.9813954706115018	224.59275556131948	413.9026898647569	56.054436342352325	0.002669258873445349
178	[3, 6]	23.0	0.9471728282779559	0.9928935804094541	0.9790044738753083	216.33846699653367	402.40460944171105	67.12922453693278	0.0029186619363883817
179	[0, 5]	41.0	0.9909929501974536	0.9961793043761281	0.9976859388949464	24.996768999564868	41.66128166594145	129.751139391925	0.0031646619363884143
179	[3, 5]	40.0	0.8159388109376433	0.9733508646861705	0.9213591187285234	43.03779626346088	71.72966043910147	107.8503549378141	0.0026962588734453525
179	[1, 2, 4, 5]	47.0	0.8534057861235445	0.9448104762830196	0.9501223769312324	298.9863259329355	526.9136044057886	132.80611101025335	0.0028256619363883693
179	[2, 5]	40.0	0.8186252155976678	0.9714508091191433	0.9237822578973444	85.06718878698439	155.9244428057654	115.30647745553507	0.002882661936388377
179	[0, 3, 4, 5]	18.0	0.9622887059728008	0.9898144330141799	0.9863123503509613	146.09826668494358	257.9543774983441	53.29191485499097	0.0029606619363883873
179	[0, 3, 5]	48.0	0.9706343640109811	0.9779179576783606	0.9964855893011185	59.35466854431497	98.92444757385827	146.6237729466432	0.0030546619363883997
179	[0, 3]	47.0	0.8800367450036226	0.9545682185952987	0.9632799449502505	50.67477182560418	84.45795304267365	143.99211101025483	0.003063661936388401
180	[0, 1]	42.0	0.8728431243961708	0.92053231068342	0.9763369115038488	139.352819565099	340.5739408631218	103.07887268470346	0.0024542588734453204
180	[1, 2]	22.0	0.8894631931614518	0.9350954047763599	0.9777322851286866	256.98106153238825	441.1556964651581	59.55969521579779	0.002707258873445354
180	[3, 4]	45.0	0.8527158675819974	0.916072918282223	0.9681446591898475	195.3460263555004	339.7669960227887	130.52978713747706	0.0029006619363883793
181	[0, 1]	45.0	0.9056760261556253	0.906882645017095	0.999408267113353	194.62763819257955	349.748751699948	117.23664930504033	0.0026052588734453404
181	[1, 2]	26.0	0.8696112146496825	0.9189323529494269	0.9754686711830093	147.59915876553714	245.9985979425619	70.38873070957919	0.002707258873445354
182	[0, 1]	15.0	0.9291334821687107	0.9760717383981757	0.9781188102859768	61.979702848995665	256.1934451504809	34.5338831016795	0.0023022588734453
183	[0, 1]	22.0	0.8757681234892944	0.9863613719599579	0.947074779879143	87.35629826301802	218.11921111222043	52.62969521579687	0.002392258873445312
183	[7, 8]	48.0	0.855492701770088	0.9284294207827465	0.9634628347581999	54.18382690715502	237.46748206062108	151.13577294664378	0.003148661936388412
184	[4, 5]	33.0	0.8723364065732757	0.9651701190340461	0.9548815975694188	100.10379846336289	213.39966500600937	101.5628439008173	0.0030776619363884028
184	[4, 6]	44.0	0.8385017836541954	0.9986505960325658	0.921720176955429	110.98260397082605	495.03466002617233	134.00912520108955	0.0030456619363883985
184	[5, 6]	38.0	0.967831023801899	0.995058472335718	0.9876420375763368	67.82536205757644	439.8198743260333	136.71115358276194	0.003597661936388472
185	[0, 1]	38.0	0.8370457791481736	0.9225675109278311	0.9568614528531603	138.4975196839175	256.4565078627102	94.89583719092239	0.002497258873445326
185	[0, 2, 3, 5, 6]	25.0	0.8245359573658554	0.9282504453040775	0.9419288389498753	575.7306338129025	1012.3457080946787	66.5564718361337	0.002662258873445348
185	[7, 8]	18.0	0.8854956868245415	0.9796750477068595	0.9549619660066508	81.99601101270585	166.98775432155165	53.81391485499104	0.002989661936388391
185	[6, 8]	48.0	0.8858328447444952	0.99864659726515	0.9466201360098078	43.36887463626211	72.28145772710351	147.67977294664334	0.0030766619363884026
185	[6, 7]	29.0	0.8925036673558949	0.9685683653209545	0.14753905367379933	88.74935468513209	178.2433271089287	91.42719615526397	0.0031526619363884127
185	[6, 7, 8]	38.0	0.85690284474192	0.9445142450147083	0.9541446411612076	107.05712016705002	208.75626957879192	117.93915358275945	0.0031036619363884062
186	[0, 4]	42.0	0.8393000628326814	0.9015438818031402	0.9681710290767719	65.67804245722253	136.8292551192136	118.6358013283115	0.002824661936388369
187	[0, 1]	35.0	0.9770419774310031	0.996871402245139	0.9910695409595015	242.3851724796992	417.4460925679311	93.35406057058721	0.0026672588734453486
187	[1, 2]	41.0	0.9320045288960569	0.9324148346888387	0.9998043807712831	175.3578493635178	292.26308227252974	115.77013939192312	0.002823661936388369
188	[0, 1]	44.0	0.8054562022288154	0.9474074181167488	0.9275502301860297	65.41432036082207	224.14568889196968	105.12739043159372	0.0023892588734453117
188	[9, 10]	18.0	0.8038717512112926	0.9860121224692477	0.9085562827428256	90.77391052215268	197.0985577836726	55.99191485499133	0.003110661936388407
189	[0, 1]	47.0	0.9623750561089215	0.9928378802549684	0.9861480721677971	111.05158071337011	198.26437791747537	123.38716705193112	0.002625258873445343
189	[1, 2]	38.0	0.9340738013902403	0.9982344676815552	0.9704490434341677	272.67292045846455	467.63327749263277	100.93783719092319	0.002656258873445347
189	[0, 1, 2]	29.0	0.932952327236564	0.9377199786253768	0.9976012738764581	352.09631702337424	600.0056051008156	77.23450732991509	0.002663258873445348
189	[0, 2]	47.0	0.8173544345276048	0.9306859624945151	0.9421079618652407	320.4681328749138	534.113554791523	127.05316705193162	0.0027032588734453534
189	[1, 3]	16.0	0.9079202626193766	0.9654539696891554	0.9726846679680599	176.82218427725465	322.1167564189294	45.1465909822139	0.002821661936388369
190	[0, 2]	42.0	0.802284693094608	0.9877874224088676	0.9074497694495929	171.565528035874	285.9425467264566	121.23980132831186	0.0028866619363883774
190	[2, 3, 4, 5]	31.0	0.886135790449652	0.9202976980725345	0.9816560608540719	212.24421685974883	368.63395412234473	93.1755200280402	0.0030056619363883932
190	[3, 4, 5]	43.0	0.9084237257029889	0.9530849597651607	0.9774069592845185	133.8760788185499	238.0203907203465	129.32946326470093	0.0030076619363883935
190	[2, 3, 4]	30.0	0.8706743505913113	0.9359547001731364	0.9656879120540938	193.48192233489937	337.3634632475956	90.46985809165184	0.0030156619363883946
190	[3, 4]	40.0	0.8916927492449751	0.965947810833707	0.964267321286715	115.11378429370042	206.74989984559735	121.10647745553585	0.003027661936388396
190	[4, 5]	24.0	0.843819260188608	0.9792935178878729	0.9335610768735414	81.3153838204555	150.41923239018914	75.06388647332182	0.0031276619363884094
191	[0, 1]	25.0	0.9273822353534904	0.9794513851960186	0.9757125809843927	118.19453582458537	209.83953521245869	67.00647183613376	0.0026802588734453504
191	[0, 1, 4]	9.0	0.933248052571427	0.9454810667783821	0.9938571362482516	136.08363160872221	254.56227467280078	24.23032986100817	0.002692258873445352
191	[2, 3]	29.0	0.9249994813722673	0.9821179889417818	0.973413069974815	127.41660500411662	257.8896875068006	92.21019615526407	0.0031796619363884163
191	[3, 4]	13.0	0.9235779226970646	0.9957382519038388	0.9665380400729991	100.41398824545689	212.8290018815496	40.997605173049365	0.003153661936388413
191	[2, 3, 4]	32.0	0.9150626541614468	0.9955427921664098	0.960365356538384	145.30570078825343	302.61242696714277	100.50118196442915	0.003140661936388411
191	[2, 4]	46.0	0.9899570789836115	0.9979284419458034	0.1146804604053242	62.78080832693339	134.50616454593523	140.97444907386645	0.003064661936388401
192	[0, 1]	40.0	0.8975662590066311	0.965167885316789	0.9677109459962767	121.34822119783065	239.30604861423254	100.3303549378131	0.0025082588734453275
192	[4, 5, 6, 7]	22.0	0.873095207205739	0.9762178698696921	0.9459144510344103	486.82195557872063	840.3025906263416	62.076562600544115	0.002821661936388369
193	[1, 2]	29.0	0.9359333182215683	0.9743082511882653	0.12897338474466538	242.55608742937437	404.260145715624	77.11850732991509	0.0026592588734453476
193	[0, 1, 2]	24.0	0.9296078870589212	0.9902323759709253	0.9702505287611207	282.0347775443509	470.0579625739183	63.70221296268833	0.002654258873445347
193	[0, 1]	50.0	0.9323382118315858	0.9820069781045274	0.9769210451139534	176.84166244334804	294.73610407224675	134.26294367226754	0.002685258873445351
193	[0, 3]	17.0	0.8815929319360919	0.9076412000172707	0.9870477032894212	201.2646649342892	335.4411082238153	48.1722529186023	0.0028336619363883704
194	[0, 2]	15.0	0.9907888916382684	0.9954496057952684	0.9979168135303464	67.22300789708527	149.62829006821698	37.60888310167991	0.0025072588734453274
194	[0, 1, 2]	44.0	0.9861253912096966	0.9916605784420738	0.9973667320173351	114.57121712516529	228.541972115017	112.60739043159471	0.0025592588734453343
194	[0, 1]	46.0	0.9205212399364269	0.9477175469655877	0.9870600796404451	98.95005231666937	189.4890600937772	117.21990817848531	0.002548258873445333
194	[1, 2]	39.0	0.9517935303416365	0.9535043622853681	0.9992017398744456	62.969374036575914	117.96659406803981	98.48509606436787	0.00252525887344533
194	[2, 3]	30.0	0.9320868078357284	0.9847163106116487	0.9756420777270618	154.34882887294137	270.2656854619823	85.66985809165121	0.0028556619363883733
194	[2, 4]	24.0	0.8119856422803393	0.9151464749994288	0.9465765742253206	207.0467387339368	724.9945519207364	75.42388647332187	0.0031426619363884114
195	[1, 2]	34.0	0.97571817174658	0.982668160354897	0.9968454407417684	72.67661042430467	134.49017888373143	89.19080169714165	0.002623258873445343
195	[0, 1]	14.0	0.9792214448227398	0.9846148009593786	0.9975587930954397	144.15485529455407	253.6205870008138	36.44562422823476	0.00260325887344534
195	[0, 1, 2]	48.0	0.9733190042610994	0.9733190042610994	1.0	160.70898737731932	281.21080713875585	129.900425925377	0.002706258873445354
195	[0, 2]	27.0	0.9943886620151441	0.9979475560071346	0.9984121799273558	104.58650903577987	174.31084839296645	71.1789895830243	0.0026362588734453445
196	[2, 5]	36.0	0.8109973129901822	0.9899156150585651	0.9108172996832442	137.03428509940312	243.39794858863152	102.26382970998137	0.0028406619363883713
196	[3, 5]	47.0	0.9152022385515757	0.996746461603466	0.9619799591563973	111.65223529394778	201.094532246206	134.16911101025352	0.002854661936388373
196	[4, 5]	21.0	0.9829569307418878	0.9913205525803628	0.9962379358916532	192.88676637919846	351.03570810915636	61.73290066415607	0.0029396619363883845
197	[0, 1]	14.0	0.9855035543916978	0.9894356511984963	0.9982324607097384	152.09434715291604	253.49057858819342	37.243624228234864	0.0026602588734453477
197	[1, 3, 4]	17.0	0.854295119192863	0.9058373558589365	0.0863856353680384	223.70119167496944	388.0997090671331	48.44425291860233	0.0028496619363883725
197	[2, 3]	38.0	0.8838797140105678	0.9833371746778479	0.9525784413573655	214.89367884324813	358.1561314054136	110.22515358275842	0.0029006619363883793
197	[2, 3, 4]	18.0	0.9037456123020281	0.978298338493768	0.9626462831847113	260.68684766980016	449.7424690585177	52.46391485499086	0.002914661936388381
197	[2, 4]	45.0	0.9329765359918936	0.988234322497015	0.9744297438152235	122.66003832461229	219.69778681653784	131.20478713747715	0.0029156619363883813
198	[0, 1]	24.0	0.8105700747252359	0.9596272468837423	0.9245823478503491	206.1580129425887	356.8297870981342	62.45421296268816	0.00260225887344534
198	[3, 5]	39.0	0.8185448126908436	0.9938718053837877	0.9131408321480592	198.21346488361615	359.3014305741271	110.43481551914644	0.00283166193638837
198	[3, 4, 5]	49.0	0.8140698108269623	0.9043134937877716	0.9504839016794504	250.84528415356843	461.6410791545899	139.48643488303023	0.002846661936388372
198	[3, 5, 6]	44.0	0.8141063269296059	0.9745884846457463	0.9149331769107835	295.6095532598899	536.3852276218975	126.88112520108861	0.002883661936388377
198	[4, 5, 6]	28.0	0.8080246493190038	0.9847662041129649	0.9061996920889539	185.16577721228623	352.6273405575252	83.3185342188749	0.0029756619363883892
198	[4, 5]	34.0	0.8449902951182189	0.992614430640839	0.9281086541578245	87.76968883601249	175.54354350975487	102.22650583720537	0.0030066619363883934
198	[5, 6]	19.0	0.888136562230618	0.9920558887238483	0.950709494536708	132.53395794233393	250.28769197706242	57.3355767913795	0.003017661936388395
198	[4, 6]	14.0	0.8336373963984894	0.9183920337902561	0.9568133724704481	150.02790764622603	279.4234456282332	42.261267109437526	0.003018661936388395
199	[0, 2]	40.0	0.8783762818808176	0.9991756327088028	0.9427120325021044	54.602897937040325	91.00482989506719	101.01035493781319	0.00252525887344533
199	[4, 5, 6]	28.0	0.8492890520526862	0.9612621670124291	0.9413170527557367	172.35094889701	316.0949438073361	80.3785342188745	0.0028706619363883753
199	[5, 6]	38.0	0.9447239907331468	0.9978967823791367	0.9756961623011298	61.8129781206979	117.6934577985708	119.57315358275964	0.003146661936388412
199	[2, 6]	31.0	0.9213150950931035	0.9365231124863846	0.9927147644797413	41.94092589945932	69.90154316576555	101.4835200280413	0.003273661936388429
199	[2, 4, 6]	50.0	0.911928526034383	0.9709418546315645	0.970542554911628	152.47889667577144	268.3030291745309	144.83309681941896	0.0028966619363883788
199	[2, 5]	42.0	0.9234024340583152	0.9822297347202813	0.9725352975239138	50.55272024631808	98.92636134127109	126.99380132831261	0.0030236619363883956
199	[2, 5, 6]	23.0	0.9017885145575476	0.9668399523414496	0.9672253640797941	77.15331213323766	143.26068115280373	70.39522453693321	0.0030606619363884005
200	[1, 2]	45.0	0.8975818968644964	0.9990408685830218	0.9523528774394151	79.8960178046032	146.32265142679526	116.65164930504024	0.0025922588734453387
200	[2, 3]	16.0	0.8821075157999446	0.9904314581140986	0.9486353714584643	137.39670728252213	228.9945121375369	42.30814197512553	0.0026442588734453456
200	[1, 3]	46.0	0.8968253259869384	0.9796245527647162	0.9607160599841779	120.6812738897106	214.29807823530763	122.00390817848594	0.0026522588734453467
201	[0, 1]	44.0	0.9148810664018738	0.9874734287374375	0.9660375522532967	296.5749432505359	507.627458807849	116.2593904315952	0.0026422588734453453
201	[0, 1, 2]	27.0	0.9866726114948435	0.9905730195088835	0.9981428619274465	457.8717427253491	776.4554579325377	71.77298958302438	0.0026582588734453474
201	[0, 2]	34.0	0.8032497990720294	0.9006577568722895	0.9489786104696966	377.33816439749944	642.2328273861217	90.17680169714178	0.0026522588734453467
201	[1, 2]	48.0	0.8911578264439491	0.9878169930146694	0.15695576156856	241.8303778026628	403.0506296711047	128.12442592537676	0.002669258873445349
201	[3, 4]	37.0	0.930617103066917	0.9556078781780927	0.9882207091530159	235.07773515820028	420.9745928240373	106.91749164636998	0.002889661936388378
202	[0, 1]	18.0	0.9657484750348017	0.9693464453723138	0.9983421168469705	70.42973015675476	400.25721214352717	43.13265972201563	0.0023962588734453127
202	[1, 2]	37.0	0.8967250501458663	0.9684263861478439	0.9655606503009159	94.09725325855786	169.2725691528917	98.39257831747786	0.0026592588734453476
203	[0, 1]	33.0	0.992431479977644	0.9951888009933418	0.9987668888465558	177.82390987502177	309.25687903097133	88.21754282369653	0.0026732588734453494
203	[0, 2]	35.0	0.9875686195060596	0.9875743786674183	0.9999974081600618	60.456305537893776	128.64282861934856	99.98316777359308	0.0028566619363883734
204	[0, 1, 2, 4]	50.0	0.8379177832205414	0.9001105074336084	0.9652546499038029	436.27467467082204	755.4789228886642	133.8129436722675	0.00267625887344535
204	[3, 4]	31.0	0.9301279316857669	0.9767105328412503	0.9782758035294137	161.89123764522282	284.68725575881484	88.7425200280396	0.0028626619363883742
205	[0, 1]	35.0	0.9267135612889247	0.9989697225900465	0.9665978647683112	208.4453137496307	347.40885624938454	93.17906057058718	0.002662258873445348
206	[3, 6, 7]	28.0	0.8594177216641237	0.930861635292596	0.9623806477610642	173.5562220481653	430.04316840543424	84.7745342188751	0.003027661936388396
206	[7, 8]	47.0	0.8225396576890963	0.902807897182318	0.958491305051069	112.99733003759827	313.90314462186365	157.05811101025657	0.003341661936388438
207	[1, 2]	19.0	0.9291093769070111	0.9547548520152085	0.9879096480494035	136.1073093254908	226.84551554248472	51.39991859546172	0.0027052588734453537
207	[0, 1, 2]	46.0	0.9206775725388681	0.9674692669604176	0.9766615449788845	173.3291509917219	301.28919887494686	119.15190817848556	0.0025902588734453384
207	[0, 1]	22.0	0.8201893174008673	0.9980508866701041	0.9123062908920144	116.67700315407805	206.86895247887384	57.337695215797496	0.0026062588734453405
207	[0, 2]	17.0	0.8476618696914641	0.9948153406884209	0.18251203075037914	93.87398950387491	168.86392972853523	45.1224008485709	0.002654258873445347
207	[2, 3, 4]	38.0	0.9313519513787342	0.9377437025016849	0.9967721667571375	244.55436661383828	407.59061102306384	108.09715358275814	0.002844661936388372
207	[3, 4]	12.0	0.8171173337962797	0.9029717198339021	0.9553419952679107	187.90221877619445	313.17036462699076	34.78394323666055	0.002898661936388379
208	[0, 4]	23.0	0.8717932543740801	0.9996610980152612	0.9389697914314422	122.27356903810482	242.2016429135279	57.4369540892425	0.002497258873445326
208	[1, 4]	34.0	0.815488221508696	0.9998607141935411	0.9087061192984132	165.1149199870985	301.3242791851489	88.13680169714151	0.0025922588734453387
208	[1, 2]	50.0	0.8515957262806431	0.9823866787176839	0.17493210230252942	292.4416068291566	513.7520881311464	131.7629436722672	0.0026352588734453444
208	[5, 7]	28.0	0.8245185755420115	0.9724428453314313	0.18484113094998947	306.36223815381044	510.6037302563506	79.6225342188744	0.0028436619363883717
208	[4, 5, 7]	30.0	0.8050510933322118	0.9547219099813523	0.13949722864238476	321.98557732660186	549.6620781883292	85.45985809165117	0.0028486619363883724
208	[5, 6]	41.0	0.8331028458684961	0.999862564427257	0.9183259743384191	340.2738971351189	581.3485543847563	117.16413939192331	0.0028576619363883736
208	[4, 5, 6]	39.0	0.8380948890357006	0.9429384740721106	0.9443955662726228	355.89723630791036	620.4069023167349	111.48781551914658	0.0028586619363883737
208	[4, 7]	43.0	0.8767132107918404	0.9603409679063032	0.959436636653505	101.20497713177151	181.6944111969454	124.34146326470027	0.002891661936388378
210	[1, 2]	37.0	0.8325522771794125	0.9608063623034265	0.9361869488567094	328.1684743706427	560.2957982621097	99.61357831747803	0.002692258873445352
210	[3, 4, 5]	25.0	0.9418439098884677	0.950827272938204	0.9955302148562789	319.198932283416	561.2297638451267	71.76654840970937	0.0028706619363883753
210	[3, 5]	39.0	0.9083959687222275	0.9486001683796736	0.9807547862936855	276.2242824654742	489.60534748189025	112.15081551914666	0.002875661936388376
210	[3, 4]	34.0	0.9341069740476892	0.9845955585764825	0.9765985180990907	265.26259403850975	456.35355059114244	97.97650583720481	0.0028816619363883768
210	[4, 5]	39.0	0.9724552011526552	0.9955160022906719	0.9895836939208493	96.91098806284818	176.5006296172209	116.83081551914728	0.002995661936388392
211	[0, 2]	27.0	0.8954759775312902	0.9652035414898236	0.9666437722037078	55.14595974329037	105.25691317672111	70.04498958302416	0.002594258873445339
211	[0, 1, 2]	48.0	0.9192434871121103	0.938868990441662	0.9900737317814177	118.49829501971266	210.84413863742492	128.41242592537677	0.0026752588734453497
211	[1, 2]	10.0	0.9474006687914782	0.9867998962159064	0.9817320623713969	95.38508792739151	172.3221268168897	25.772588734453365	0.0025772588734453367
211	[0, 1]	46.0	0.8750758625235452	0.9585088692038058	0.9594432914943678	86.4655423687434	144.10923728123902	119.28990817848559	0.002593258873445339
211	[0, 3, 4]	37.0	0.93418537454707	0.9971920322735799	0.9694116766098492	203.26895731316463	338.781595521941	104.69749164636968	0.00282966193638837
211	[0, 3]	44.0	0.8558440727592962	0.9843987790169312	0.9372186388052474	151.48277438140354	252.47129063567252	125.69312520108844	0.0028566619363883734
211	[0, 4]	25.0	0.9665953009034405	0.9822576586933385	0.9928402655486567	74.89939002408222	124.8323167068037	73.84154840970966	0.0029536619363883863
211	[3, 4]	18.0	0.8126921220994732	0.9010816525830648	0.9536093865080804	180.15575022084352	300.2595837014058	52.30191485499084	0.00290566193638838
212	[0, 1]	49.0	0.8661356375170877	0.9647454968755989	0.952048473306757	83.61483588495938	151.74856670147096	125.45268479882138	0.0025602588734453344
212	[0, 1, 2]	37.0	0.8776991376210629	0.938734080274305	0.9683474952061817	140.10802250221528	245.90387773023082	96.80157831747765	0.002616258873445342
212	[0, 2]	8.0	0.8028263732874776	0.9738264780734668	0.19772609978902528	108.5333155687183	193.2793661744025	20.90607098756273	0.0026132588734453415
212	[1, 2]	49.0	0.8850206286580075	0.9873413214170527	0.9512881659969366	88.06789355075287	146.77982258458815	132.50868479882232	0.0027042588734453536
212	[1, 5]	46.0	0.886233748468074	0.9682295889047476	0.15045588096629375	83.7755726950663	139.62595449177715	130.53244907386508	0.002837661936388371
213	[0, 1]	32.0	0.9012488168381179	0.9436517332523575	0.9794874824221469	92.2175678346917	179.4380684401638	78.92028395025031	0.002466258873445322
213	[0, 1, 2]	21.0	0.8711200461223038	0.9433835875107871	0.9624940091708398	132.2373060630892	246.13763215415963	53.744436342352024	0.0025592588734453343
213	[1, 2]	46.0	0.9023317422664433	0.9885860564865622	0.9593887351879135	71.36435622895837	132.00085121516432	119.56590817848563	0.0025992588734453396
214	[1, 2, 3]	28.0	0.8765352374954135	0.9183472997018388	0.9780620656456303	329.9031516335178	563.2997457914089	74.2352484564697	0.0026512588734453465
214	[0, 2, 3]	20.0	0.8300061802898709	0.9234572214639108	0.10916102959162374	313.8237265805317	536.5007040364321	53.12517746890694	0.002656258873445347
214	[4, 5]	39.0	0.8307679763715845	0.9779472837998986	0.9271484368951058	259.08015745802305	431.80026243003846	113.12581551914678	0.0029006619363883793
215	[0, 1]	14.0	0.9979157381788823	0.9998844995147934	0.999123753199034	113.89038654848957	344.02908723685215	32.38562422823423	0.0023132588734453017
216	[0, 1]	24.0	0.9325113218301015	0.9799996409117332	0.9779113589221593	142.28965337547467	250.4188646935867	63.82221296268833	0.0026592588734453476
216	[0, 1, 2]	41.0	0.9720916637555331	0.9760546079909052	0.9980854387638274	175.96477012604578	306.5440592778719	109.27561381125929	0.0026652588734453484
216	[1, 2]	47.0	0.9063296372365438	0.9803286928517286	0.9651146967595645	97.36844027598967	175.550176194445	127.14716705193163	0.0027052588734453537
216	[0, 2]	17.0	0.8378407918647519	0.9416917569797861	0.16319776725125945	112.2714466006272	187.11907766771202	45.47940084857095	0.0026752588734453497
216	[2, 3]	9.0	0.9748824831531725	0.9881388099475014	0.9940086513204538	96.9956502248189	176.73573453523338	26.24995742749543	0.0029166619363883814
217	[0, 2]	45.0	0.9212024254419944	0.9921042809835124	0.9670259218390882	83.96728221864764	175.81862870386942	115.88664930504014	0.0025752588734453364
217	[0, 1]	44.0	0.8232936879284297	0.9198935484674773	0.9509126837230337	236.4443656407598	429.9471010740563	116.52339043159523	0.002648258873445346
217	[2, 3, 4]	30.0	0.8596474991803785	0.9010222811246349	0.9778425572095264	120.0071313599293	215.02535770228715	85.33985809165115	0.002844661936388372
217	[2, 5]	46.0	0.8826441198848514	0.9420699428072805	0.9711596671498606	66.81527758678537	126.95975740097096	130.39444907386505	0.0028346619363883705
217	[3, 4, 5]	5.0	0.9144198065232195	0.9714464563628572	0.9717606482326815	90.63416118833268	181.6713688392881	16.298309681942136	0.003259661936388427
217	[3, 5]	38.0	0.9160911188925048	0.9809270496837246	0.9697704865501515	54.601828142560734	106.6040083272632	119.34515358275962	0.003140661936388411
217	[4, 5]	41.0	0.92443572134248	0.9944988553010682	0.967641987025073	54.75348675336633	121.87024478101085	130.73513939192514	0.0031886619363884175
217	[3, 4]	14.0	0.9909001753568144	0.9927149425728421	0.9991685444739803	71.91300748073832	134.86848457030214	45.299267109437935	0.0032356619363884238
218	[2, 3, 4]	21.0	0.8048914865699721	0.9406493363215493	0.9264711861854517	326.5896604933038	571.0332199064268	55.823436342352295	0.0026582588734453474
218	[2, 5, 6]	31.0	0.8022363305817468	0.940128807873604	0.13385270092378387	130.32300895424808	217.20501492374677	83.92502507680598	0.002707258873445354
218	[5, 7]	15.0	0.8212533754177639	0.9668706449688943	0.9270619962795423	147.18832172209855	259.8176837909614	43.974929045825746	0.0029316619363883834
218	[5, 6]	44.0	0.8649363875056535	0.9332358042862189	0.9662049060936001	59.81969028583158	99.6994838097193	133.08512520108943	0.0030246619363883957
218	[6, 7]	35.0	0.8304873772891848	0.9870079084812714	0.9227101452987827	156.29544803312515	274.9962276426724	102.3981677735934	0.0029256619363883826
219	[0, 1]	35.0	0.9081701357210064	0.9493627558238319	0.9802885675991921	170.58545596178678	310.08974751941696	91.849060570587	0.002624258873445343
219	[0, 1, 2]	13.0	0.9579962309089366	0.984012066360401	0.9873889101443425	258.7913806204437	457.0996219505119	34.23236535478948	0.002633258873445344
220	[3, 4, 5]	48.0	0.8071227716534785	0.9108654233454387	0.9426113785936787	139.08339752402148	261.4714591170539	137.503772946642	0.0028646619363883745
220	[4, 5, 6]	24.0	0.9253994506213802	0.9557019010857343	0.9848437591556773	90.3999410279758	197.61614404808617	74.1038864733217	0.003087661936388404
220	[3, 5]	22.0	0.9146145905100235	0.998581775729005	0.15021640206079587	104.7895199810671	204.31499654546323	63.88056260054435	0.0029036619363883797
220	[3, 4, 5, 6]	40.0	0.8130031305922956	0.9519793629383793	0.9231316819741803	167.4865702416278	340.3691611104047	116.14647745553519	0.0029036619363883797
220	[3, 5, 6]	42.0	0.9002212682822598	0.9770501065412445	0.9613751506602576	133.1926926986734	283.2126985388141	123.0458013283121	0.002929661936388383
220	[3, 4]	38.0	0.8348979903189573	0.9963203241785743	0.9211388031033804	111.38050675660641	199.90947963390923	111.36515358275855	0.0029306619363883833
220	[3, 4, 6]	10.0	0.8108920555857974	0.9337376041967723	0.9333701066258188	139.78367947421273	278.8071816272601	29.376619363883844	0.002937661936388384
220	[5, 6]	22.0	0.97593654517567	0.9980692592772205	0.990039100913963	56.106063485021394	140.45968147649552	76.59656260054604	0.0034816619363884564
220	[4, 5]	35.0	0.9411942466726028	0.9852760583307489	0.9796635763092649	61.99676831036949	118.7184420547353	107.82316777359412	0.003080661936388403
220	[4, 6]	33.0	0.9142937608464042	0.9972360384198619	0.9615100712150352	62.697050260560715	136.05416456494152	102.25584390081738	0.0030986619363884056
221	[5, 6, 7]	47.0	0.8397902526868628	0.9484544640529812	0.9426313871144312	194.31759083905337	368.4773293259269	138.25811101025408	0.0029416619363883847
221	[5, 7]	9.0	0.9022716265558592	0.9945428534129617	0.9566375416725074	43.75123882627135	88.01059518447013	29.147957427495818	0.003238661936388424
222	[1, 2]	14.0	0.9878372823116273	0.9898800508583624	0.9990818727365531	238.02438202040227	396.7073033673371	40.063267109437234	0.002861661936388374
223	[3, 5]	21.0	0.9754195622556538	0.9964914239767918	0.9904998747002318	31.727623148205833	52.87937191367638	51.43443634235172	0.0024492588734453197
223	[0, 3]	20.0	0.8388415054690643	0.9805893612343671	0.930899800726027	193.2560177558507	347.8365568712859	51.405177468906714	0.0025702588734453358
223	[1, 2]	35.0	0.8162318234160942	0.9071524610038595	0.951683384129193	272.4614618270747	454.10243637845787	92.65406057058712	0.002647258873445346
223	[1, 3, 4]	28.0	0.8470395070371045	0.9256664070311492	0.9585882067417885	329.0740285491186	548.4567142485311	74.71124845646976	0.0026682588734453488
223	[1, 2, 4, 5]	34.0	0.8535020243235504	0.9383348297448387	0.9539649348392997	385.74371124964216	642.9061854160702	91.70680169714198	0.0026972588734453526
225	[1, 2, 6]	21.0	0.823123695183195	0.9186960084313446	0.9482426441851265	183.8329307864832	319.5750315464131	54.50043634235212	0.002595258873445339
225	[0, 2, 6]	30.0	0.8051709920496422	0.9092790405532385	0.9426228535604053	148.29173833739398	328.10647588432215	78.36776620336023	0.0026122588734453413
225	[2, 3]	29.0	0.9112145324530756	0.9930247895466175	0.9616212433408933	304.67163999582215	507.7860666597036	77.43750732991512	0.002670258873445349
225	[4, 5, 6]	26.0	0.8036335875161754	0.9568059823768713	0.9174854990785954	367.88274887930464	627.3820445058135	73.36321034609759	0.002821661936388369
225	[4, 5, 6, 7]	20.0	0.8281207815174579	0.9398712337127677	0.9387275299161957	491.3156888782084	862.4924064084871	57.61323872776753	0.0028806619363883766
225	[6, 8]	36.0	0.8112035470664617	0.9005981656005596	0.9532790535352991	179.82292957907006	360.2433662190619	107.8438297099821	0.002995661936388392
225	[6, 7, 8]	16.0	0.8206366930859026	0.9697391986589168	0.9212273761131163	303.2558695779738	595.3537281217356	48.058590982214284	0.003003661936388393
226	[0, 1]	26.0	0.964064098033541	0.9926259027539853	0.9870181948133846	120.38022526001684	238.27101781312024	65.0847307095785	0.002503258873445327
226	[0, 2, 3]	20.0	0.8131952151080786	0.9007259280215609	0.9518008359557839	286.41666616296044	503.27980673314653	52.88517746890691	0.0026442588734453456
226	[0, 2]	32.0	0.9104745556859418	0.9651397229760358	0.9740692593609387	213.67038835727587	368.5644774633603	84.80828395025108	0.0026502588734453464
227	[0, 1]	11.0	0.9316046811542625	0.9748223571634972	0.9798387597931635	185.09119682857968	321.9441324145296	29.779847607898894	0.002707258873445354
227	[0, 1, 2]	50.0	0.9852486218227149	0.9852486218227149	1.0	210.46321788092825	364.2308341684439	132.01294367226726	0.002640258873445345
227	[1, 2]	38.0	0.9348393836585149	0.9480525924101821	0.9937619060828832	122.27541249400534	217.25115852357231	102.60983719092341	0.002700258873445353
227	[0, 2]	49.0	0.9601637224487789	0.9799863761056666	0.990917200005025	113.55982643927149	189.2663773987858	132.60668479882236	0.002706258873445354
228	[1, 2, 3, 6]	29.0	0.8137277007696411	0.9219018683058757	0.09113336890982263	227.2431635231685	391.66102527917354	75.98750732991492	0.0026202588734453424
228	[2, 4, 5, 6]	32.0	0.8356617411119355	0.9619341833354037	0.9314392434961583	216.74111540701202	361.23519234502	85.19228395025114	0.002662258873445348
228	[2, 3, 4, 6]	49.0	0.850729300761213	0.9625074480293199	0.9397944819833686	165.7492323023375	276.24872050389587	130.9896847988221	0.0026732588734453494
229	[0, 2]	39.0	0.8966295148029242	0.9779644364521005	0.9612934332402384	67.99181382488807	149.1815590490373	97.74409606436777	0.0025062588734453273
230	[0, 1, 5]	17.0	0.8087263809273075	0.9068730757628735	0.9457377721947687	201.4259985475727	361.41682595623047	42.81040084857059	0.002518258873445329
230	[0, 1, 2, 4]	29.0	0.8342571873063503	0.9116919957424592	0.9567441220953012	264.8561052844034	480.3037454435296	74.04450732991468	0.0025532588734453335
230	[3, 4, 5]	20.0	0.8418757364987723	0.9700654972276451	0.9329443711877221	222.60894613876582	384.26659666854846	53.585177468907006	0.0026792588734453502
231	[0, 3]	30.0	0.9504899347327103	0.985774823579266	0.9837772298760679	51.78037194257316	133.70195080902795	72.42776620335944	0.002414258873445315
231	[0, 1, 3]	17.0	0.8824031501584302	0.9719053213848128	0.9544967439673084	144.31237534873648	300.7736236257117	42.8954008485706	0.0025232588734453295
231	[0, 1, 2, 3]	43.0	0.8723825136746651	0.9189809188079915	0.9747534001679249	279.4059753437065	539.1740942050706	113.05813155814977	0.0026292588734453436
231	[3, 7]	21.0	0.8343623722409574	0.960909582540795	0.9368066888636769	206.2645242380214	372.8099135456375	61.29190066415602	0.0029186619363883817
231	[6, 7]	24.0	0.8298145109051454	0.9875201275678902	0.9222498491847728	225.935097120255	405.5942016826935	70.55188647332122	0.0029396619363883845
231	[3, 6]	50.0	0.9070743951899368	0.9658904032819452	0.9720832204609328	66.3497196816927	110.58286613615448	150.78309681941974	0.0030156619363883946
232	[0, 2]	30.0	0.9143707763994118	0.9607117230909114	0.9780313593312348	149.08638144902537	310.24906534853517	73.17776620335955	0.0024392588734453184
232	[1, 2]	36.0	0.9404611179078257	0.9827951578296915	0.9804464132012711	124.24960332499874	220.05416172888238	93.96931944403228	0.002610258873445341
232	[2, 3, 4]	39.0	0.870917051547525	0.9034979312068367	0.9827895309172623	160.78930200886717	267.98217001477866	113.63281551914686	0.002913661936388381
232	[2, 5]	39.0	0.9313822570616215	0.9649722989345563	0.9842623992350789	42.18216666183916	118.07906509591356	116.08981551914718	0.0029766619363883894
232	[2, 4]	47.0	0.9130358826774245	0.9947157622530836	0.9617406063302053	75.40794760058401	125.67991266764	138.4461110102541	0.0029456619363883853
232	[2, 3, 5]	43.0	0.9217083499319175	0.9907672637586261	0.9659637513432529	127.56352107012233	260.38132244305217	125.67446326470045	0.002922661936388382
232	[3, 5]	42.0	0.8814677397867878	0.9835945062099943	0.951159133914655	104.49153600542249	221.92801400188577	121.91180132831195	0.0029026619363883796
232	[3, 4, 5]	17.0	0.8657736715661402	0.9276207525355438	0.967703484946792	156.82749854130665	309.15461822835937	49.6682529186025	0.002921661936388382
232	[2, 3]	45.0	0.8264108830004834	0.9700497894732281	0.9284843091960003	108.45333947298302	180.755565788305	131.02478713747715	0.0029116619363883807
232	[2, 3, 4, 5]	37.0	0.9753044351055303	0.9790921216385938	0.9981202207083821	179.8994836060065	347.6079266695258	108.61949164637021	0.002935661936388384
232	[2, 4, 5]	47.0	0.8817154253218916	0.9102546164910829	0.9850029100870413	94.51812919772331	205.30566932238716	144.6031110102549	0.0030766619363884026
232	[4, 5]	50.0	0.9397276523901003	0.9552138169640711	0.9927356023023526	71.44614413302347	166.85236088122076	153.28309681942008	0.003065661936388401
233	[2, 3]	29.0	0.9437044354834685	0.9999147249970891	0.9745873994034507	168.15223924566115	280.25373207610187	77.2055073299151	0.002662258873445348
233	[1, 2]	45.0	0.8663749142986018	0.9610217267395137	0.9538607563241359	110.3276979432204	196.69959916187918	120.61164930504077	0.0026802588734453504
233	[1, 2, 3]	49.0	0.8597180136561012	0.9505578211885727	0.9527675079005142	198.92048546128956	344.35424502532777	129.47068479882194	0.0026422588734453453
233	[1, 3]	31.0	0.8137463388690668	0.9264508870273745	0.9419230251276574	119.36103373369758	211.7551588126745	83.70802507680594	0.002700258873445353
234	[0, 1]	41.0	0.9744649248490472	0.9967091181465372	0.9899780593612806	113.88785392530679	227.31410814225413	101.36261381125823	0.0024722588734453228
234	[0, 1, 2, 3]	48.0	0.8085068452574594	0.937473111205371	0.927940667791516	224.7147594340265	425.2459153312743	122.36442592537598	0.002549258873445333
234	[1, 4]	22.0	0.8282493222946771	0.9665392281763393	0.931270501525776	190.96803452966893	318.2800575494482	59.55969521579779	0.002707258873445354
236	[0, 1]	23.0	0.9764043414460188	0.9981414485485071	0.9902133233086535	377.24024417719903	628.7337402953318	61.852954089243084	0.0026892588734453516
239	[0, 1]	8.0	0.9601714905940084	0.9958814117449913	0.9838709704182247	84.79544440280355	270.41881313528705	18.458070987562408	0.002307258873445301
239	[1, 2]	42.0	0.9014580241502506	0.9418325112081031	0.9803868119701273	111.46857154673887	257.12710764073756	104.1708726847036	0.002480258873445324
239	[0, 1, 2]	49.0	0.8572256753782589	0.9113913524910514	0.971071775263386	139.18709189927085	361.0715589627326	123.39468479882112	0.002518258873445329
239	[0, 2]	29.0	0.9666872494321893	0.9859348003333179	0.9913161189502774	82.11016784899931	194.59719714944052	72.79750732991451	0.002510258873445328
239	[0, 2, 3]	30.0	0.9093648457193294	0.92859676165911	0.990159838712835	300.7818043738883	559.0499246909222	80.43776620336051	0.0026812588734453505
239	[4, 5]	42.0	0.9487620425481434	0.9903478601431324	0.9808665385554709	164.87587341010385	1072.4534736502053	140.26580132831438	0.0033396619363884376
240	[1, 2, 3]	25.0	0.9075485233221583	0.9291674382147265	0.9889216031542947	241.6185826322638	431.5636293451721	70.79154840970925	0.00283166193638837
240	[1, 2, 4]	11.0	0.9248154642818489	0.9378257285990972	0.06540239436599309	285.8728977104887	505.44878010722573	31.940281300272176	0.0029036619363883797
240	[1, 3]	37.0	0.8234969305414341	0.958262566845265	0.9323978506392292	155.39575546017272	273.4884461963386	106.80649164636996	0.0028866619363883774
240	[2, 3, 4]	48.0	0.8863710658117901	0.9488368389898545	0.9679286032278507	217.45026482662016	405.9065790634956	138.94377294664218	0.0028946619363883785
240	[1, 2]	21.0	0.9677243575649555	0.9921067813932025	0.12219359047840624	198.13202134411168	344.59050676886795	61.48090066415604	0.002927661936388383
240	[3, 4]	24.0	0.9944093417811872	0.9988440510239871	0.9980215450067231	131.2274376545291	247.831395914662	71.29588647332133	0.0029706619363883886
241	[0, 1]	46.0	0.9687444088896768	0.9760499457260381	0.9966612397629164	102.18845718461294	183.06296174167673	121.77390817848593	0.002647258873445346
242	[0, 1]	49.0	0.9186433496759201	0.9878624100194139	0.9677517192112584	69.54657133704117	115.91095222840195	124.0806847988212	0.0025322588734453307
242	[0, 3, 4]	27.0	0.8104768321107857	0.9264844010548716	0.9363550882669229	288.4064972277209	480.67749537953483	71.9079895830244	0.002663258873445348
242	[5, 6]	22.0	0.8271019004109708	0.9146634389803722	0.9554975205840526	274.58991600088757	486.24518729732404	63.77056260054434	0.002898661936388379
243	[0, 2]	50.0	0.868173496843611	0.9541166253847296	0.9579932973844194	147.31236929610105	258.34991086955864	125.71294367226643	0.0025142588734453283
243	[1, 2]	23.0	0.8789976515599807	0.9958561597050639	0.1667279468444329	149.18307656214154	261.69045955891664	59.04695408924272	0.0025672588734453354
243	[5, 6]	18.0	0.819067154182146	0.998119752299305	0.9114542977663677	242.9705798132193	419.6413178465104	52.13991485499081	0.0028966619363883788
244	[0, 1]	36.0	0.8991634183779326	0.9893750932202527	0.9574546346622748	50.46971145720136	164.24670232018582	84.93331944403108	0.0023592588734453078
244	[5, 6]	40.0	0.9393491752433041	0.9983378595845688	0.9736079294754942	26.00155687892917	43.33592813154861	151.02647745553983	0.0037756619363884954
244	[0, 1, 5, 6]	3.0	0.8221888157977402	0.98069387771612	0.9142097583814937	76.47126833613052	207.58263045173442	7.869776620336028	0.002623258873445343
244	[0, 2, 5]	38.0	0.8626451843490621	0.967103857355203	0.9462889867202812	215.1822147240419	438.7675410982534	101.31783719092324	0.0026662588734453485
244	[1, 2, 5, 6]	35.0	0.8096009795224791	0.9024361815453972	0.9474894843877203	241.86988777087427	403.1164796181238	93.3190605705872	0.0026662588734453485
244	[5, 6, 7]	25.0	0.9590642400010078	0.9867364191580349	0.9866016339523375	110.12655671481805	113.44009466145602	84.21654840971104	0.0033686619363884414
244	[6, 7]	14.0	0.893742010575716	0.96755886268854	0.9652630748017882	101.55294136972854	99.15073575297352	52.48126710943889	0.003748661936388492
244	[5, 7]	32.0	0.8564652550031179	0.9716656909263717	0.9441098268270096	92.69861518097838	84.3935254383899	114.06918196443095	0.0035646619363884674
245	[0, 2]	42.0	0.9970121430907126	0.9980541908212743	0.9995357222532064	89.58729502929128	162.726695930977	110.63887268470445	0.0026342588734453443
245	[1, 2]	44.0	0.9742414529558544	0.9890596794987034	0.9932906303317076	195.46031790634115	339.9189048947514	125.64912520108842	0.0028556619363883733
246	[0, 4]	21.0	0.8043159621330123	0.9605112225829235	0.9208085169958882	185.14303331143452	346.6743495268238	54.017436342352056	0.002572258873445336
246	[2, 4]	33.0	0.9030324948675487	0.979636708246402	0.9638178660976509	81.39884429808941	135.6647404968157	86.27054282369627	0.0026142588734453416
246	[4, 5]	24.0	0.8430068376432459	0.9366989321591436	0.9530863392270188	171.01876684718044	285.0312780786341	69.5198864733211	0.0028966619363883788
246	[4, 6, 7]	29.0	0.8658119502467739	0.9008259720436056	0.9813389662288877	203.62793837845183	384.31897558391984	88.17919615526354	0.003040661936388398
246	[4, 6]	25.0	0.8539219479532938	0.9369198338990781	0.9586523558617789	86.78633483355142	144.64389138925236	77.1915484097101	0.003087661936388404
247	[0, 1]	26.0	0.8629864175931707	0.9224645446339348	0.9704217504094532	85.12077781659568	337.72044914570154	60.95073070957795	0.0023442588734453058
247	[1, 2]	27.0	0.8827466489667815	0.9711142367330396	0.9575413496964107	69.12808224604255	127.76824754396759	68.20898958302391	0.00252625887344533
247	[1, 3]	42.0	0.9138195414160352	0.9684907273426807	0.9741329463066731	61.25780834962765	114.6511243832761	104.50687268470364	0.002488258873445325
247	[1, 2, 3]	39.0	0.825975071879822	0.9769832130224473	0.9205436115596751	100.25442547431815	179.64548625776024	100.35709606436812	0.002573258873445336
247	[1, 3, 4]	16.0	0.8630430263510016	0.9808925497775569	0.9398850938534613	182.48907128037862	316.703229267861	43.06014197512563	0.002691258873445352
247	[5, 6]	27.0	0.8097339441345304	0.9964382743822984	0.9076473399585797	247.11254676735024	471.4845068243491	79.61387228248641	0.0029486619363883857
248	[0, 3]	33.0	0.9517625506487074	0.9734221999250824	0.9899991402543844	150.04581541699372	263.07773169565957	86.20454282369626	0.0026122588734453413
248	[0, 1, 3]	11.0	0.860884417066943	0.9922674627910156	0.9329025116476689	221.65234864691493	395.6824228621803	28.55884760789873	0.0025962588734453392
248	[1, 3]	47.0	0.8054381492051499	0.9796694553274938	0.9123194053160696	128.04246544209084	226.66457818680345	121.88316705193091	0.002593258873445339
248	[0, 1, 2, 3]	44.0	0.8191732225525863	0.934556428079653	0.9359021979271515	422.9513370074202	731.1807367963556	117.0953904315953	0.002661258873445348
248	[1, 2]	26.0	0.9274445798168506	0.9928930314264318	0.9696383214378047	272.9055215904265	468.10300510069624	69.55673070957909	0.0026752588734453497
248	[3, 4]	49.0	0.8372233906413786	0.902262687527074	0.9666820227313303	142.4307399099759	237.38456651662653	139.63343488303025	0.0028496619363883725
249	[0, 1]	46.0	0.8800929590883526	0.9599703551362828	0.9613422862419432	103.16686162178709	184.671874304959	122.09590817848596	0.002654258873445347
249	[1, 2]	41.0	0.854043536532498	0.9962196211270772	0.9312091641609813	160.90242442267515	268.17070737112533	115.89313939192316	0.0028266619363883695
249	[1, 3]	49.0	0.8666064515504722	0.9607455424826365	0.954055723419603	126.96152650647124	211.60254417745205	139.43743488303022	0.002845661936388372
249	[1, 2, 4]	39.0	0.8573856034838466	0.9002995791648117	0.9769964115597615	290.06250493913325	483.4375082318888	111.13681551914654	0.0028496619363883725
249	[1, 3, 4]	45.0	0.8238673821151539	0.9085073130359435	0.9538925163073105	256.12160702292937	426.8693450382156	129.35978713747693	0.002874661936388376
249	[2, 3, 4]	15.0	0.8825428050617625	0.9349968565315873	0.9729415538156763	332.87051558104355	554.7841926350726	43.464929045825684	0.002897661936388379
249	[2, 3]	48.0	0.8241153429730369	0.9381357889017177	0.9424183117935361	203.71043506458543	339.5173917743091	139.0397729466422	0.0028966619363883788
249	[1, 4]	25.0	0.8985705953699535	0.9821677764292003	0.960377860912482	171.2368384487386	285.39473074789765	73.01654840970954	0.002920661936388382
250	[0, 1]	49.0	0.8447876622657957	0.9958262437589521	0.9267025581102472	117.15878620058318	268.3180655419193	116.63268479882022	0.0023802588734453105
250	[4, 6, 9]	27.0	0.8443752000933461	0.9822324960410034	0.9285057078619505	94.24998255303461	157.0833042550577	81.07187228248661	0.003002661936388393
250	[4, 6]	26.0	0.8356996073876313	0.9944832233521754	0.923002001522573	85.47183130571467	142.45305217619114	78.32921034609825	0.003012661936388394
250	[6, 9]	37.0	0.8027978708000346	0.9420736235545609	0.928568055313541	60.631894832491334	101.05315805415223	112.61549164637073	0.0030436619363883983
251	[0, 1, 2]	41.0	0.8431045997266404	0.9471009439783867	0.9450409587030775	347.21997074953936	578.6999512492322	115.68813939192312	0.002821661936388369
251	[0, 2]	26.0	0.8332644707341997	0.9978386885888437	0.19170100699000162	228.60295590731522	381.004926512192	73.5452103460976	0.0028286619363883697
251	[1, 2]	43.0	0.8337619577357979	0.9794585713387504	0.9282938585005903	315.3790903660075	525.6318172766792	121.54646326469988	0.0028266619363883695
251	[1, 2, 3]	20.0	0.8042196715666796	0.9023154531589468	0.9456280686177089	430.0362576956396	731.4267329965318	57.53323872776752	0.002876661936388376
251	[4, 5]	16.0	0.8728084263938445	0.9113897241632075	0.9807641860191086	271.46043880398526	633.2082181427317	52.71459098221491	0.0032946619363884316
252	[0, 1]	20.0	0.9476473541294117	0.9893172970136541	0.9808117206931248	142.54199901267287	250.80605309160276	54.06517746890707	0.0027032588734453534
252	[0, 1, 4]	13.0	0.9355002468119445	0.9568248897417783	0.9893845471974383	168.34777230850642	293.81567525132533	34.33636535478949	0.002641258873445345
252	[0, 4]	36.0	0.867812575907586	0.9445707074929263	0.9622571085034171	65.10654535875213	108.51090893125355	97.17331944403271	0.002699258873445353
252	[1, 4]	33.0	0.9675880310529608	0.9958621080242956	0.9872038593411024	129.04700024558784	228.31438847979442	88.28354282369654	0.0026752588734453497
252	[3, 4]	27.0	0.8960882527243322	0.9865095487081827	0.9572560752597786	212.47443903858965	354.1240650643161	77.37287228248611	0.0028656619363883746
252	[2, 3]	36.0	0.8865559016601846	0.959928368436706	0.9648417977386847	254.36822190475667	423.94703650792775	103.05582970998148	0.0028626619363883742
252	[2, 4]	32.0	0.921076865764774	0.9752133737411188	0.9745896260937812	93.50532945783412	155.84221576305686	93.23718196442819	0.002913661936388381
253	[0, 3]	35.0	0.9754369026724555	0.9991813483940751	0.9893173421406118	38.7437981087653	90.4668509903494	84.91906057058608	0.0024262588734453167
253	[1, 3]	12.0	0.800533550245061	0.9819916730620494	0.9084393146679769	78.99344188260469	144.7643020502874	30.603106481343996	0.002550258873445333
253	[0, 3, 4]	21.0	0.8648986078964395	0.9018901584161162	0.9803241808213957	70.88858018444357	144.04148778314652	53.618436342352005	0.0025532588734453335
253	[0, 2, 3]	31.0	0.8676254394752224	0.975701265255556	0.9443447880604483	191.15350336109708	344.48302641090237	81.97202507680572	0.0026442588734453456
253	[2, 3]	45.0	0.8039153866462708	0.9625413490696018	0.19124912444156664	168.13998394746727	293.34187215839177	119.3516493050406	0.0026522588734453467
253	[0, 1, 3, 4]	35.0	0.9148656712993047	0.9761857337266918	0.06176629828997901	134.15174337191277	249.48009309559515	93.73906057058726	0.00267825887344535
253	[0, 2]	23.0	0.8219182949035808	0.9949402693357378	0.9144427110658488	175.42322466596158	305.15732967306366	62.26695408924314	0.002707258873445354
253	[5, 6]	20.0	0.824414030878379	0.9857387861572057	0.9214241869215652	186.86054562471642	311.43424270786073	57.813238727767555	0.002890661936388378
253	[0, 5, 6]	48.0	0.8491772288668298	0.924416869364098	0.9606692882495426	209.87406503834626	362.57539696037145	138.99177294664216	0.0028956619363883786
254	[0, 1]	32.0	0.9726351699694771	0.9997635387473058	0.9878826074320237	67.10593285925658	939.358930905322	68.13628395024887	0.0021292588734452772
254	[4, 5]	17.0	0.8991295406547813	0.9793816985251131	0.9622119302953358	62.48018111558156	104.13363519263594	53.25525291860298	0.00313266193638841
255	[0, 1]	9.0	0.9649844060385909	0.9893934526064859	0.9888997676683419	84.84417894736885	284.6671245113377	21.458329861007797	0.002384258873445311
257	[2, 3]	33.0	0.8910105110867149	0.9946755087005366	0.9511160622564286	296.99586858638014	523.9726897172822	94.69884390081639	0.002869661936388375
257	[1, 2]	23.0	0.8748765470973187	0.928305924691947	0.9734893631877073	294.54229805360416	519.8834054959889	66.14022453693265	0.002875661936388376
257	[1, 2, 3]	36.0	0.8584592560721303	0.9091294474726586	0.9728672309403102	365.497478468125	638.1420395201902	105.4678297099818	0.002929661936388383
257	[1, 3]	50.0	0.8243246014056858	0.9387441038854878	0.941879147940707	139.4567902962657	232.4279838271095	147.68309681941932	0.0029536619363883863
258	[0, 1]	19.0	0.9986489462086191	0.9991337841077735	0.9997842773188915	53.84215231035813	102.17462505122649	48.68291859546136	0.0025622588734453347
258	[1, 2]	16.0	0.9881006385123277	0.9966307119674762	0.9961796198866825	161.88843667655814	315.23887299262464	49.32259098221446	0.0030826619363884034
259	[0, 2]	37.0	0.9521782528652034	0.9590474625161544	0.9968095555925194	49.42905777841644	82.3817629640274	96.87557831747766	0.002618258873445342
259	[0, 1]	29.0	0.9657793025164376	0.980518101373074	0.9932708439951194	192.62972513828993	334.44763356153163	76.74150732991502	0.002646258873445346
259	[1, 2]	26.0	0.9245919698251802	0.9887069596551012	0.14106362588064505	178.35353258528838	310.6539793065291	68.98473070957901	0.002653258873445347
259	[0, 1, 2]	38.0	0.9932808730051236	0.9964483674775247	0.9985017163267728	210.2061577509974	363.74168791604404	100.74783719092318	0.0026512588734453465
259	[2, 3]	5.0	0.9894069696293096	0.9898359912318094	0.9998077005614413	89.27037241997776	234.1338823752847	18.558309681942436	0.003711661936388487
260	[0, 1]	13.0	0.8279280564663701	0.9495492117941664	0.938779857523189	171.68970208643267	311.85266270752834	33.34836535478936	0.002565258873445335
260	[6, 7]	31.0	0.8439865006415359	0.9708151774015198	0.9375691446321777	97.99479312829959	193.0078131965506	95.28352002804047	0.0030736619363884022
260	[7, 8]	39.0	0.8334407627468283	0.9429269841609452	0.9449971356665448	231.52703669031888	1560.1339119747363	126.93181551914861	0.0032546619363884263
261	[0, 6]	27.0	0.8346358725342223	0.9819452118133829	0.9275676997843398	61.09744857446777	114.29419589985994	65.58998958302357	0.002429258873445317
261	[0, 1, 2, 6]	41.0	0.8291667675099068	0.9139001053527301	0.9529019038518711	201.6756390376901	348.5911800052305	105.42161381125877	0.002571258873445336
261	[6, 7]	23.0	0.8014477703545962	0.9665636084100265	0.9162780069044727	50.133758759159576	98.2405173830064	67.12922453693278	0.0029186619363883817
261	[6, 7, 8]	43.0	0.8248956738104493	0.9654995363384296	0.925592595586459	86.82594552115351	174.68257313716043	126.31946326470053	0.002937661936388384
261	[6, 8]	36.0	0.8197547651963	0.9902942590793582	0.9155249194873651	60.3942905092207	115.94556199953198	109.17582970998228	0.003032661936388397
261	[7, 8]	4.0	0.8453156627482515	0.918268382103834	0.9631723724763566	63.12384177392674	135.1790668917825	12.9786477455537	0.003244661936388425
262	[0, 1]	20.0	0.8381091776747621	0.9770958004053768	0.9313853013923885	198.55625038895934	357.40218248680156	51.905177468906786	0.002595258873445339
262	[0, 1, 2]	23.0	0.834279040757019	0.9984414800510466	0.9152171448474532	385.11793261333014	668.3383195274196	61.96795408924311	0.0026942588734453522
262	[5, 6]	40.0	0.9230413886299583	0.9635269603111255	0.9809251976419533	45.00573489969268	90.24910934219454	135.2664774555377	0.003381661936388443
262	[3, 5, 6]	42.0	0.8984196156511697	0.9531979719564715	0.972028912175949	146.84665133392437	259.98397006591404	121.91180132831195	0.0029026619363883796
262	[6, 7]	36.0	0.9657176704864182	0.9807925215223725	0.9931193361154429	58.501664524102495	447.8606846566642	135.27582970998574	0.003757661936388493
262	[5, 7]	15.0	0.9487444618970793	0.9936250723478449	0.9794362427685632	66.93247660129897	446.67248694261826	47.76992904582625	0.003184661936388417
262	[5, 6, 7]	24.0	0.9502482007611467	0.9778886253502835	0.9865103173791174	85.21993801254708	492.3911404707385	76.47988647332201	0.0031866619363884172
263	[0, 1]	44.0	0.9073999556666726	0.9911887871045	0.9606933087078862	55.082372713192065	188.34721977220022	105.25939043159374	0.002392258873445312
263	[1, 2]	16.0	0.9106972301750096	0.9612802407174924	0.9760377807602183	54.589698926964665	90.9828315449411	39.940141975125215	0.002496258873445326
263	[0, 1, 2]	40.0	0.8075042138596755	0.9235956543076793	0.936624641802286	86.77078734370247	241.16124415638424	99.97035493781306	0.0024992588734453263
265	[0, 2]	31.0	0.8837851136254046	0.9752069696257932	0.9562031315537215	68.76952392686967	127.09793899335357	76.42302507680498	0.002465258873445322
265	[1, 2, 3]	28.0	0.8078701407932205	0.9729564652781811	0.9118729107930591	244.4669238221906	433.7311732664502	72.89124845646953	0.00260325887344534
265	[7, 8]	38.0	0.8424235325509667	0.9788062564607082	0.9331057117109021	148.80227284451158	406.3334743944675	116.45715358275923	0.003064661936388401
265	[8, 9]	40.0	0.8335546470879833	0.9711729765206135	0.9319474723203918	118.03024950165701	477.13172474260955	132.0264774555373	0.0033006619363884324
266	[0, 1]	37.0	0.991794549152807	0.9972746074837486	0.9975478758985411	61.91872400868052	353.7528577938727	91.43657831747694	0.0024712588734453226
266	[1, 2]	11.0	0.9132970475613302	0.951042432731891	0.9819466792534746	100.27451910801746	238.83346582097758	28.789847607898764	0.002617258873445342
266	[3, 4]	23.0	0.8940701810444194	0.9959441657743935	0.9520205215866381	231.86962143725935	386.4493690620989	66.99122453693276	0.002912661936388381
267	[0, 1]	40.0	0.8311304974226952	0.9713278482625155	0.9307554585714418	287.4587069069082	479.0978448448471	105.5703549378138	0.002639258873445345
267	[3, 5]	46.0	0.9153026864865965	0.9676691586973082	0.9752567589240372	137.73817363053632	229.5636227175605	129.79644907386498	0.002821661936388369
267	[3, 4, 5]	27.0	0.8776254393841209	0.9376185615675667	0.9688616305958729	171.91541124614585	286.5256854102431	77.42687228248613	0.002867661936388375
267	[4, 5]	34.0	0.9441494860159034	0.9965784666060036	0.9759725329440014	86.61693590665149	144.36155984441913	104.7085058372057	0.003079661936388403
267	[3, 4]	11.0	0.9720623588605006	0.9923502457405466	0.12029617755927262	119.47571295510393	199.12618825850655	32.06128130027219	0.002914661936388381
268	[0, 1]	9.0	0.9850113541588476	0.9850113541588476	1.0	125.70490373832502	209.50817289720837	25.39495742749532	0.002821661936388369
269	[0, 6]	50.0	0.8119985172805573	0.9380266631803564	0.935664573424196	52.72861330612229	123.91154635590168	122.51294367226599	0.00245025887344532
269	[7, 8]	40.0	0.8105710545356697	0.9840983969149047	0.9128989539269474	271.2139943257921	496.23078739528813	116.66647745553526	0.0029166619363883814
270	[1, 3]	29.0	0.8976238037755697	0.9019380781090529	0.9978720314137935	211.52061812253544	366.94195909992675	78.51050732991527	0.002707258873445354
270	[2, 3]	22.0	0.9727695961445805	0.9804750696101603	0.9964925268554781	86.11705618655793	157.9360225399642	66.4765626005447	0.0030216619363883953
271	[1, 2, 4]	34.0	0.9109824797047359	0.990767359990043	0.9604716729777368	315.2356922360788	564.627752988178	88.61280169714159	0.0026062588734453405
271	[0, 1, 2, 4]	32.0	0.8753760069476774	0.9622544004360526	0.9540469269588319	336.708717583035	612.3455870925252	83.4002839502509	0.0026062588734453405
271	[2, 3]	47.0	0.814721486816184	0.9431115820703695	0.9345959175983469	246.09543116221826	423.4768510658691	122.87016705193106	0.0026142588734453416
271	[0, 2, 4]	22.0	0.8355214150764503	0.9910200772439761	0.13957316787284554	235.97195712622724	418.6210477525102	58.81169521579769	0.0026732588734453494
271	[0, 4]	36.0	0.8359706551853084	0.9967543350326337	0.9212685551313777	77.77400021434413	154.95778623270505	97.38931944403274	0.0027052588734453537
271	[0, 5, 6]	23.0	0.8300256213614379	0.9348068918487527	0.9439042353897039	271.2631779118417	478.6547457403597	66.30122453693266	0.002882661936388377
271	[0, 6]	30.0	0.8367553477017379	0.9031063807878367	0.9660319056647806	117.96496393089933	223.15772243878916	87.64985809165147	0.002921661936388382
271	[5, 6]	25.0	0.8445949691627559	0.994976928969457	0.9273160564802055	249.79015256488552	430.93691163601267	72.09154840970942	0.002883661936388377
272	[0, 1]	50.0	0.9848718226418693	0.9936727322501541	0.9960411854342297	96.39333475956717	209.15643041538146	121.96294367226591	0.0024392588734453184
272	[1, 4, 5]	49.0	0.8480680510114068	0.9465607988664854	0.9481803820846985	191.88601915589032	319.8100319264838	140.36843488303035	0.0028646619363883745
272	[4, 5]	43.0	0.8615201808838534	0.9712411237589909	0.9466615802539134	160.968862248062	268.28143708010333	124.08346326470023	0.0028856619363883773
273	[0, 4]	21.0	0.9229402836409437	0.9908978283296448	0.9684173335409364	79.86725187916105	146.18533983627083	54.080436342352066	0.0025752588734453364
273	[1, 4]	30.0	0.9099257551893843	0.9965153484469552	0.9595341225699272	129.99481561826354	230.0960236399528	79.56776620336039	0.0026522588734453467
273	[0, 1, 4]	16.0	0.8546885391252809	0.9128590097358322	0.9688831101756283	192.74643179907503	347.7553039789744	42.8361419751256	0.00267725887344535
273	[2, 3, 4]	9.0	0.82388597405537	0.9014299145260817	0.9576284618674682	186.4414535542347	310.7357559237244	26.015957427495405	0.002890661936388378
273	[2, 3]	36.0	0.9047996775271674	0.9435471413654857	0.9813837628049207	169.32581785588513	282.2096964264752	104.60382970998168	0.00290566193638838
273	[4, 5]	21.0	0.9881865985184686	0.9988623523358799	0.9952264216727453	84.8876061743537	335.1135449839347	70.34290066415721	0.003349661936388439
274	[0, 1]	49.0	0.9901538786699526	0.993997376612107	0.9982854404162579	52.862781092638365	113.181870477317	131.47968479882218	0.0026832588734453508
274	[0, 1, 2]	18.0	0.973026786536847	0.9827092451929876	0.9953403084055	158.2798259381069	288.8769452197646	47.90265972201626	0.002661258873445348
274	[1, 2]	24.0	0.9012628755667597	0.9856553563033806	0.959276356127434	136.31207489099992	240.05972067063792	63.82221296268833	0.0026592588734453476
274	[0, 2]	38.0	0.9179055788671049	0.950086615332142	0.9844460965334697	127.38479589257557	224.51229929157427	102.68583719092342	0.0027022588734453533
274	[1, 3]	36.0	0.8195132278443443	0.9027939468833673	0.9571135994383372	58.434761551211636	110.26419843765746	102.73182970998143	0.002853661936388373
275	[0, 1]	46.0	0.8908751428593946	0.9454068420271678	0.9735631741522395	103.47804276306472	185.80039934540625	123.61390817848617	0.0026872588734453513
275	[0, 2]	44.0	0.9026110704158564	0.9984663585393501	0.9551227711078081	202.66674243261124	352.0452766599486	124.50512520108828	0.00282966193638837
275	[3, 5]	38.0	0.8240404006651153	0.9736604865736354	0.9256453743024965	213.7506742358735	416.2518485791533	110.94715358275852	0.002919661936388382
275	[4, 5]	28.0	0.8838455213585746	0.9100078658536288	0.9870118936634746	90.27719047836543	195.82264969774303	88.44253421887558	0.0031586619363884135
276	[0, 1]	44.0	0.8870498201991024	0.9733930116586034	0.9586530343639741	311.5625564845355	545.8900023480055	116.2153904315952	0.002641258873445345
276	[1, 2]	28.0	0.8581407296018676	0.912275218908134	0.13831717340908323	385.52470522831516	655.8791367367755	74.40324845646973	0.0026572588734453473
276	[0, 2]	46.0	0.962482569437743	0.9810905419472606	0.11962221419510184	328.9595282803439	561.5469939847692	122.60190817848603	0.0026652588734453484
276	[0, 1, 2]	26.0	0.9897121113532419	0.9897121113532419	1.0	513.0233949965972	881.6580665347751	70.12873070957917	0.0026972588734453526
279	[8, 9]	36.0	0.9234755073102636	0.9967837314625547	0.9662797459552703	81.74229308960552	181.39160293518333	112.91982970998278	0.0031366619363884106
279	[6, 9]	43.0	0.9042247617291819	0.9945870524559868	0.9576280774820451	81.04813468994321	165.69906420167936	136.59646326470187	0.003176661936388416
279	[6, 8, 9]	25.0	0.8531081884836234	0.9809527394621409	0.9339875388396492	98.4908643708233	209.30588840387964	80.1415484097105	0.0032056619363884198
279	[6, 8]	43.0	0.9356559639659513	0.9969686198111084	0.9717854727312176	34.19130096209789	71.52110967089658	139.26246326470223	0.003238661936388424
280	[0, 1]	22.0	0.991052609920957	0.9955964338009854	0.9979637895963233	93.12191769862616	295.6955067743574	54.01569521579705	0.0024552588734453205
280	[2, 3]	27.0	0.9921892674734841	0.9957203716077383	0.9984040448203054	172.061694785899	301.63579146964287	77.39987228248611	0.0028666619363883748
281	[0, 2]	38.0	0.9441665777758884	0.981669418995656	0.9826871764970535	292.0892979117931	499.95232251117056	98.92383719092292	0.00260325887344534
281	[0, 1, 2]	31.0	0.9904652364254736	0.9922594979460045	0.9991482841364003	507.5585135090113	872.3682507038932	81.81702507680569	0.002639258873445345
281	[0, 1]	36.0	0.8296470362202022	0.9423572463512697	0.16787931715190937	459.81417903940434	792.794359921215	95.08531944403242	0.002641258873445345
281	[1, 2]	41.0	0.9447990614092294	0.9963832949383447	0.976363728303499	263.213550066825	451.98981897540074	110.1366138112594	0.002686258873445351
282	[0, 4]	44.0	0.9415353259584793	0.9980206441384398	0.9741062441159004	75.2345324097569	161.86155663904162	111.50739043159456	0.002534258873445331
282	[0, 1, 4]	40.0	0.9762663169035731	0.9772474227657137	0.9995257914193483	137.9780552664486	266.43409473352784	102.09035493781333	0.0025522588734453334
282	[0, 1]	31.0	0.9087716080466759	0.9715878084911315	0.9702983477289813	121.09659371980659	238.2983254891245	78.15902507680521	0.0025212588734453293
282	[1, 4]	34.0	0.9572563269734988	0.9961736453917149	0.9823128419078452	79.62498440333373	132.70830733888954	86.33480169714127	0.0025392588734453317
282	[1, 2, 4]	49.0	0.8099468860507869	0.9968668300860309	0.9013545645672203	313.12826690957525	535.3001737289611	132.60668479882236	0.002706258873445354
282	[2, 4]	40.0	0.8125301276968058	0.9307308225714905	0.9394771821336015	250.38474405288358	430.72763563447495	108.29035493781417	0.002707258873445354
282	[3, 4]	31.0	0.8675670531231334	0.9704020162637659	0.9502198628174093	79.55835048235163	162.44338839235252	94.50852002804037	0.003048661936388399
282	[3, 4, 5]	7.0	0.9244131770007675	0.9959990511810065	0.9649447892155837	136.48277074150712	336.37911696199427	21.15863355471877	0.0030226619363883955
282	[3, 5]	34.0	0.9325147714734321	0.9465756654637671	0.993298533445363	119.60130919486512	308.243347717591	101.85250583720533	0.002995661936388392
282	[4, 5]	23.0	0.9688822977939734	0.9766876061410538	0.9964246352445875	73.80588180579751	202.07149781404516	70.28022453693319	0.0030556619363884
283	[0, 2]	49.0	0.9809982599733232	0.9857933361976797	0.9978329262156419	127.98739399267173	213.31232332111952	129.56868479882195	0.0026442588734453456
283	[1, 2]	39.0	0.9843677455449917	0.995999557088185	0.9947767484123666	225.94805389964483	390.030523958823	103.86709606436857	0.002663258873445348
283	[0, 1, 2]	28.0	0.951589903130686	0.9517501828363948	0.9999207438072053	305.5331244569479	522.6723082209948	74.68324845646976	0.0026672588734453486
283	[0, 1]	23.0	0.959515773174393	0.9962992143289118	0.9832739983213443	257.13080102157926	442.00176916204697	62.03695408924311	0.0026972588734453526
283	[2, 3]	50.0	0.8608190211566851	0.9294462894840557	0.9658630850535113	280.69153468069766	467.81922446782943	142.2330968194186	0.002844661936388372
284	[0, 4]	29.0	0.8681760022453242	0.9894104798306854	0.9417551831648944	53.24726489049492	125.29939343718246	75.32050732991485	0.0025972588734453394
284	[0, 1]	37.0	0.8857067518485318	0.9793805159403247	0.9554787766543968	99.78383900664787	216.03324343360896	94.58157831747735	0.002556258873445334
284	[0, 1, 4]	19.0	0.9340286879556862	0.9942302819441056	0.9705606079163595	116.4771519441185	243.8554316627267	49.119918595461414	0.0025852588734453378
284	[1, 4]	22.0	0.8427080704238213	0.9501435881522297	0.9465596415591141	79.92319999109422	146.37822645466196	57.51369521579752	0.0026142588734453416
284	[3, 4]	34.0	0.9272216812534588	0.9830936839185646	0.13722992822308525	135.54037070370057	240.04907709738544	97.16050583720471	0.0028576619363883736
284	[4, 5]	22.0	0.8710825350318393	0.9588660808821878	0.957247662994693	67.99189097797377	113.31981829662296	65.22256260054453	0.0029646619363883878
285	[1, 2]	14.0	0.9951248007636423	0.9991628353303235	0.9982001699554139	182.07572992086557	303.4595498681093	39.71326710943719	0.002836661936388371
286	[0, 1]	30.0	0.9477290363689069	0.9757488801591084	0.987095905399741	42.620985041054155	163.99612240248493	68.947766203359	0.0022982588734452997
286	[1, 5]	34.0	0.8100286383095121	0.9680928720624815	0.9209575590827678	74.70189511600485	137.04318214094673	97.39850583720474	0.0028646619363883745
286	[1, 5, 6, 7]	36.0	0.8390106480207574	0.9664361869710155	0.9312530252315541	160.80927033446903	280.5554741717204	105.03582970998174	0.0029176619363883815
286	[1, 5, 7]	44.0	0.8271573544746103	0.9687671927932615	0.9254912948386237	92.03674659763956	165.93460127700456	130.00512520108902	0.0029546619363883865
286	[1, 6]	33.0	0.8146700074539328	0.9173092354072262	0.9473428615762565	83.82055207395584	152.2409437375317	98.13084390081683	0.002973661936388389
287	[0, 3]	9.0	0.9287751316241711	0.9417347180035913	0.9938253986025769	74.29371380203608	160.72537466017442	21.37732986100779	0.00237525887344531
287	[0, 1]	48.0	0.9070472336259182	0.9670203353202528	0.9711626961166551	106.30935088234972	214.08476979403045	121.93242592537592	0.002540258873445332
287	[0, 1, 3]	50.0	0.8471656196703732	0.9812995556289581	0.9307502897845032	121.55903536686964	239.50091060156367	127.36294367226664	0.0025472588734453327
287	[1, 2]	41.0	0.8496611111994237	0.9347760080151016	0.9586258154542852	135.97542596007187	226.62570993345312	107.22561381125901	0.0026152588734453417
287	[3, 4]	30.0	0.9778621175251073	0.9919569999553671	0.9936385902565857	42.0413461420024	84.95316671304982	85.75985809165121	0.0028586619363883737
288	[0, 1]	12.0	0.8543041357762815	0.9976240197385897	0.9310140567111259	127.73037712957122	212.8839618826187	31.023106481344055	0.0025852588734453378
288	[2, 3, 6]	24.0	0.8599337820836142	0.9001052797425523	0.9785805458812556	361.53375169943274	664.8269325364734	68.96788647332102	0.0028736619363883757
288	[4, 5]	23.0	0.897307135064427	0.9881927480597781	0.15412934644216775	103.38607775479788	314.51579533688533	74.88022453693381	0.0032556619363884264
288	[5, 6]	34.0	0.9810324347275832	0.9972047047284526	0.9927334799811675	57.45457346189661	239.39405609123585	117.01650583720733	0.003441661936388451
288	[4, 5, 6]	27.0	0.9095979496903488	0.9746299219290735	0.9674586810462875	122.55990950110257	394.4067609464882	82.15187228248675	0.003042661936388398
288	[4, 6]	48.0	0.9453631370453249	0.9975585156705232	0.13502526279620847	84.27916778551065	234.9036704648551	153.96777294664415	0.00320766193638842
289	[7, 8]	12.0	0.9111434800141092	0.9567595261255795	0.9781380360763956	36.08929928695697	75.0818218252936	42.51194323666157	0.0035426619363884645
289	[7, 8, 9]	43.0	0.8929566498406678	0.960387970901312	0.9657156413547395	440.09045945716923	149.89685148644404	153.1514632647041	0.003561661936388467
290	[0, 1]	36.0	0.9987383409347269	0.9991425937284647	0.9998201415183754	92.36611388515183	166.54969050625579	92.27731944403206	0.002563258873445335
290	[1, 2]	46.0	0.9619766612297386	0.9652093671748764	0.9985089532342426	168.71545690436557	281.1924281739426	124.53390817848629	0.002707258873445354
290	[0, 2]	21.0	0.9942116496669074	0.9963511527950162	0.9990446004741171	167.11374804243346	291.1290807683918	55.865436342352304	0.0026602588734453477
290	[0, 1, 2]	34.0	0.9535686279445613	0.9535686279445613	1.0	214.09765941597541	369.43559972429506	90.92480169714189	0.0026742588734453496
291	[0, 1]	29.0	0.9999860972375048	0.9999860972375048	1.0	256.03043497240697	450.677236608956	78.24950732991523	0.0026982588734453528
292	[0, 1, 2]	10.0	0.9038344271874704	0.9604480254664942	0.9705125639068736	174.0307688971637	329.62932444745337	25.66258873445335	0.0025662588734453352
292	[1, 2]	29.0	0.8733903118793318	0.9154536604929908	0.9790780394240283	103.10372734637983	198.282951205261	74.36350732991471	0.002564258873445335
292	[0, 1]	39.0	0.9337103223305819	0.9855437024093974	0.976387957609359	126.27931115081789	236.7792677184476	100.3180960643681	0.002572258873445336
292	[0, 2]	49.0	0.9123045000129288	0.9574887107273558	0.9786147588619327	118.67849929712968	224.19642997119809	126.3836847988215	0.002579258873445337
292	[0, 1, 2, 4]	19.0	0.8055097439913573	0.9085782815753852	0.9414657725377887	191.86632172151656	359.35524582137475	50.90591859546166	0.0026792588734453502
292	[0, 1, 2, 3]	17.0	0.8613669088305326	0.9869839651632023	0.9337677682097556	197.7401736938838	369.1449991086535	45.819400848570986	0.0026952588734453524
292	[3, 4]	14.0	0.9480845489075964	0.9624224772643875	0.9933286313951232	41.54495762107294	69.24159603512156	42.177267109437516	0.003012661936388394
293	[0, 2]	23.0	0.8755512831336065	0.9938216055611123	0.9434468404824703	105.12202896917016	188.53970348565014	60.38095408924289	0.002625258873445343
293	[1, 2]	36.0	0.9909886118180249	0.9929526951193421	0.9991183029032219	59.6665387455413	99.44423124256885	106.58382970998194	0.0029606619363883873
293	[1, 3]	39.0	0.9771120623487075	0.9988366654857558	0.990289442034523	97.42744421081066	177.6188542652457	114.21781551914694	0.002928661936388383
293	[2, 3]	43.0	0.983254408287505	0.9897561002179437	0.9970763525246333	71.96551471477142	135.18230510518026	127.99646326470074	0.0029766619363883894
293	[1, 2, 3]	46.0	0.9375729281733447	0.95358085684217	0.9920327078636642	114.52974883556169	206.1226953064974	138.07644907386606	0.0030016619363883927
295	[0, 1]	28.0	0.994663324326283	0.9995889320605489	0.9978047259421602	84.60531854412177	281.76593058615373	67.3752484564688	0.002406258873445314
295	[6, 7]	26.0	0.8906043479883582	0.9879037252566933	0.9540750359338873	265.17872875375525	486.1610027152179	75.70321034609789	0.0029116619363883807
296	[0, 1]	11.0	0.9959544624728182	0.9968228257335323	0.9996126792981795	69.14271503342479	377.7476240702928	24.18084760789815	0.0021982588734452864
296	[1, 2]	36.0	0.8168666736218765	0.9104201173817613	0.9517360997423553	85.3877590585192	166.08544876016222	94.61731944403238	0.0026282588734453435
296	[1, 2, 3]	37.0	0.8928011543277565	0.9868507635921265	0.10603090816655775	206.06133440237596	367.2080743332569	100.02057831747807	0.0027032588734453534
297	[0, 5, 7]	46.0	0.8590019139685843	0.9646552778669996	0.9452134812676166	99.40505285648904	212.51929147060386	118.27790817848545	0.002571258873445336
297	[6, 7]	13.0	0.9026834601705616	0.9629233350466788	0.9711022974484054	33.37058322054659	55.61763870091099	39.788605173049206	0.0030606619363884005
298	[0, 1]	46.0	0.9951433869468099	0.9984193524342729	0.9985383986441414	38.47038480654146	76.88968476047627	110.54990817848443	0.0024032588734453136
298	[2, 3]	31.0	0.822320068291464	0.9920327931086703	0.9161375246364951	161.23796595810254	295.60293758985466	83.55302507680592	0.0026952588734453524
298	[1, 2, 3]	47.0	0.8314123788704795	0.996913548755355	0.9137245979550052	176.71807261541105	321.40311535203557	123.48116705193114	0.0026272588734453433
298	[0, 1, 2, 3]	26.0	0.8979323697160119	0.9500957712403473	0.9725959332856629	199.708350764644	372.49262235033086	68.98473070957901	0.002653258873445347
298	[1, 4]	15.0	0.8652928240840011	0.9636753066692673	0.9520177618754315	151.5648308281253	252.60805138020882	42.489929045825555	0.0028326619363883703
298	[0, 1, 4]	17.0	0.873957791859254	0.9329906991684803	0.9691105169245477	174.5551089773582	303.69755837850414	48.410252918602325	0.0028476619363883723
298	[1, 4, 5]	26.0	0.8627182186343064	0.9103596433431845	0.9746643017127523	204.89048649094576	341.48414415157623	74.9492103460978	0.002882661936388377
298	[1, 5]	38.0	0.8917697997257459	0.9872490773397893	0.9549420971169158	68.80576232012903	114.67627053354839	113.03715358275879	0.002974661936388389
299	[1, 2]	35.0	0.9725143970311422	0.9897897930865003	0.9921739409294561	139.11762390008263	246.69013111110445	102.43316777359338	0.0029266619363883827
300	[0, 1, 2]	15.0	0.8247163942445451	0.900692630136197	0.958373834119502	386.53641834208787	644.2273639034798	40.398883101680276	0.002693258873445352
300	[3, 4, 5]	48.0	0.8237024812627176	0.9496523754494256	0.9327984536023872	309.39534956049147	560.545700905221	137.40777294664198	0.0028626619363883742
300	[4, 5]	33.0	0.9187930349280038	0.9813664935840066	0.9707028454521693	79.54598807064592	177.46343175547852	99.51684390081702	0.0030156619363883946
301	[0, 3]	16.0	0.9683794780772912	0.9934622490619038	0.9886459234690933	108.2385999286096	193.20390779749204	40.084141975125235	0.002505258873445327
301	[4, 6]	23.0	0.9030143855403859	0.9869911240049419	0.9604938247871821	221.3879844967789	368.9799741612981	66.14022453693265	0.002875661936388376
301	[3, 4, 5]	28.0	0.8233218902267384	0.9892554925810769	0.14579111524934496	253.5740615083314	422.6234358472189	80.51853421887454	0.002875661936388376
301	[3, 5, 6]	34.0	0.8970085152691352	0.9250743869032725	0.985487945439129	117.35091713687196	195.58486189478657	101.88650583720533	0.002996661936388392
301	[3, 6]	50.0	0.9301517646296729	0.9978734746348051	0.9687347093261692	66.29982774252748	110.49971290421246	147.68309681941932	0.0029536619363883863
301	[3, 5]	33.0	0.878224285925734	0.984598053026738	0.9489907479876916	74.7684970742122	124.61416179035368	96.2828439008166	0.0029176619363883815
301	[5, 6]	38.0	0.9382087932945635	0.9946998012084866	0.9740310239819061	93.63350945700421	156.05584909500703	112.92315358275877	0.0029716619363883887
302	[0, 1]	27.0	0.9105882792478376	0.9900665085073966	0.962758599989433	69.56793569657329	128.63642827781524	66.56198958302369	0.002465258873445322
302	[1, 4]	21.0	0.8683555765788504	0.9850126300721449	0.9438509847799013	91.83153337739544	153.05255562899242	60.4099006641559	0.002876661936388376
302	[4, 5]	28.0	0.9088709651773182	0.9858543030842591	0.9639902842156769	112.9890450568773	188.3150750947955	82.98253421887486	0.0029636619363883876
302	[1, 5]	14.0	0.8541727734198425	0.9692136961503922	0.16742311001919497	84.15417037146977	140.25695061911628	40.09126710943725	0.0028636619363883744
302	[1, 4, 5]	49.0	0.8124802728673616	0.9221846066023691	0.9401708545025036	144.48737440287124	240.8122906714521	140.51543488303037	0.002867661936388375
303	[7, 9, 10]	12.0	0.8363998028245776	0.9987147769340166	0.14268811900542633	86.20716270484239	143.67860450807063	34.61594323666053	0.002884661936388377
303	[7, 9]	16.0	0.8445750663283307	0.9600700060386336	0.9429315227956516	42.015220698081556	70.02536783013592	48.058590982214284	0.003003661936388393
303	[7, 8, 9, 10]	37.0	0.8052580823574951	0.9311234326992497	0.9292838964192625	137.95502459266876	244.299447067733	111.83849164637064	0.0030226619363883955
303	[9, 10]	39.0	0.8483557344778071	0.985745958888279	0.9328264063320181	52.330832346579236	87.21805391096541	122.83681551914809	0.0031496619363884123
304	[1, 2]	23.0	0.8329097313052498	0.9987812326935812	0.9190048420198842	278.52150860555025	477.3869937189958	60.79495408924294	0.0026432588734453455
304	[4, 5]	32.0	0.8347477914141138	0.9512951047640279	0.941683871947696	67.58226074311183	112.63710123851972	96.3091819644286	0.0030096619363883938
305	[0, 2]	38.0	0.9982154535305929	0.9986228425037491	0.9998186515415407	89.02330102282006	163.63763280746056	109.35115358275829	0.0028776619363883762
305	[0, 1, 2]	39.0	0.9685329651670612	0.9685329651670612	1.0	256.78588137454915	472.67396503432997	113.67181551914686	0.002914661936388381
305	[1, 2]	21.0	0.9659500120499473	0.9659844231758834	0.9999841673366568	204.39969499835425	385.3636544073384	62.19490066415614	0.0029616619363883874
305	[0, 1]	26.0	0.9573526595902118	0.9684021538980723	0.9948996113696326	220.14876672792406	396.34664285386094	77.54921034609815	0.00298266193638839
308	[3, 6]	41.0	0.8123861857479608	0.9447273479341924	0.932982798872818	59.379259110435655	98.96543185072609	110.58761381125946	0.0026972588734453526
310	[0, 1]	13.0	0.9560480094106794	0.9965181510207628	0.9816057015435726	108.10869173701035	340.27456010978045	34.08936535478946	0.0026222588734453427
310	[2, 3]	24.0	0.8108586689189458	0.9491360065145361	0.9287587123318484	265.1738631355323	456.2576033394162	69.13588647332104	0.0028806619363883766
310	[4, 5]	27.0	0.9124496740266033	0.9310542892355945	0.12007803214634238	133.37907761619758	500.18329006809046	99.21587228248902	0.003674661936388482
310	[4, 6]	22.0	0.9175169714412775	0.9688920428488986	0.97580641293103	873.779971034636	435.76407122286577	81.21656260054667	0.0036916619363884843
310	[4, 5, 6]	48.0	0.9350860979347753	0.9601976664012785	0.9874744930279967	977.6395725547227	591.5534735029958	178.3997729466474	0.0037166619363884876
310	[5, 6]	43.0	0.8517063864901926	0.9142898011281125	0.9684099612784354	948.1200964586118	247.15958571503532	162.1814632647053	0.003771661936388495
311	[0, 1]	33.0	0.8508301226873229	0.9613202519687205	0.9455647941990794	130.06799277156028	336.454690868409	80.79254282369556	0.0024482588734453196
311	[0, 2]	22.0	0.9402023899760246	0.9845081983764764	0.9795953494982998	106.25561960993305	236.9631345092703	58.30569521579762	0.0026502588734453464
311	[0, 2, 3, 4]	27.0	0.8332030976620688	0.9059501985465611	0.9593641682942319	202.27180954859384	396.9901177403716	69.6939895830241	0.0025812588734453372
311	[2, 3, 4]	48.0	0.898758565338063	0.9263529091912909	0.985862208087986	174.1643660656651	303.29863946394255	125.72442592537641	0.0026192588734453423
311	[0, 3, 4]	37.0	0.9489780228488313	0.99661784381084	0.9769711419267011	124.12363342158953	253.7184615075304	97.24557831747771	0.0026282588734453435
311	[2, 3]	49.0	0.8864397567594047	0.9826628411147937	0.954338833063525	125.91669343496945	222.88585174611643	130.5976847988221	0.0026652588734453484
311	[2, 4]	42.0	0.8703665906217962	0.9931244773345671	0.941243899688465	126.39584875769997	223.68444395066732	112.40287268470469	0.00267625887344535
312	[0, 1]	21.0	0.9833249790884112	0.9981760421775161	0.9933434202745796	87.96186410128294	146.60310683547155	54.584436342352134	0.0025992588734453396
312	[2, 3]	11.0	0.9292495198981432	0.9710831422656315	0.9805825916463031	163.3346345250969	272.2243908751615	31.038281300272057	0.002821661936388369
312	[1, 2]	49.0	0.8565283360315122	0.9738295239997132	0.16839990469274813	110.80741787612678	184.6790297935446	140.46643488303036	0.0028666619363883748
312	[1, 2, 3]	16.0	0.9070366761378241	0.9108233009318346	0.9980395092581915	188.44632408290877	314.07720680484795	47.06659098221416	0.0029416619363883847
315	[1, 2]	18.0	0.909305303590729	0.9733492004412951	0.9697545336228381	79.49800788155973	132.49667980259952	50.78991485499064	0.002821661936388369
315	[1, 2, 3, 4, 5]	25.0	0.8945059517827515	0.9327449493701393	0.9793856652076334	299.8759434644127	499.79323910735445	66.4814718361337	0.0026592588734453476
315	[1, 2, 4]	15.0	0.8180427008469966	0.9605243754809684	0.13458953592565903	201.00635565409192	335.0105927568199	40.218883101680255	0.0026812588734453505
316	[1, 2]	45.0	0.9917150850197866	0.9917347085957625	0.9999912056363914	152.21003961821415	266.950005469349	118.18164930504044	0.002626258873445343
317	[0, 1, 2]	40.0	0.9379574971604087	0.9743704557031287	0.9820722716963242	158.62087995880972	290.62498276924845	103.21035493781348	0.002580258873445337
317	[0, 1]	19.0	0.9098118210975541	0.9781643436678943	0.9678112020838807	142.99800805195474	251.56780300211102	49.328918595461445	0.0025962588734453392
317	[1, 2]	40.0	0.9728794992865728	0.9784849669445692	0.9974458342388566	79.19414246569131	145.00929736519802	105.37035493781377	0.0026342588734453443
317	[0, 2]	49.0	0.9339036349508252	0.9545938581143274	0.12085255339258341	95.04960939997339	184.67286517118788	129.76468479882197	0.002648258873445346
317	[0, 2, 3]	30.0	0.8863773776359017	0.9196070495859204	0.9826766061437662	297.30293514617404	521.7617414148557	79.98776620336045	0.0026662588734453485
317	[1, 2, 3]	39.0	0.9835412282914122	0.9933348904302861	0.9953371930365724	281.44746821189193	482.09817360886575	104.1010960643686	0.002669258873445349
317	[0, 3]	46.0	0.8355531948186189	0.9531681466558107	0.169809403582216	281.68006323931905	482.70456164771815	122.96990817848608	0.0026732588734453494
317	[2, 3]	29.0	0.8229974132722361	0.934753004906469	0.9433609541187122	217.87619765305564	376.1460560108052	78.33650732991525	0.002701258873445353
318	[0, 1]	24.0	0.9417346038980766	0.9645961170713887	0.9893430700966961	412.76308398039896	701.4408097759967	64.97421296268848	0.002707258873445354
318	[2, 3]	17.0	0.9414167598490396	0.9555901863701498	0.9933569540675066	258.9713601122566	460.463259027558	48.835252918602386	0.0028726619363883756
319	[0, 1]	28.0	0.9755011365375406	0.9914177832884833	0.9928657620250574	107.94662577789418	192.76831739007307	69.53124845646907	0.0024832588734453242
319	[0, 1, 2]	43.0	0.8932113092515311	0.9244548712325125	0.98379745461541	220.20476529187195	379.865216580036	114.99313155815003	0.0026742588734453496
319	[3, 4]	16.0	0.9549425125672789	0.9651909908326878	0.995255544539267	108.14320889703558	142.26233317674104	51.29059098221472	0.0032056619363884198
320	[1, 2]	31.0	0.943088644067282	0.9513782591574417	0.996110415841328	250.57766895105848	431.0591316284513	82.5920250768058	0.0026642588734453482
320	[0, 1, 2]	34.0	0.9818920844511146	0.9818920844511146	1.0	280.6062576133976	493.61869134165784	90.75480169714187	0.002669258873445349
320	[0, 2]	46.0	0.9339415372055337	0.9941041962247547	0.9722352140487772	183.91253730124973	319.03280744472426	123.29190817848612	0.0026802588734453504
320	[0, 1]	34.0	0.9376746282851989	0.9885797705073771	0.13461866117121932	126.72230897448694	237.14544361014006	91.87680169714201	0.0027022588734453533
321	[0, 4]	38.0	0.8767387326132768	0.960668540679152	0.9591781907411749	70.4828285041617	117.4713808402695	95.7318371909225	0.002519258873445329
321	[0, 1, 4]	17.0	0.8989837876679156	0.9752161351290883	0.9617224276446767	158.2567023588155	263.76117059802584	44.306400848570796	0.0026062588734453405
321	[1, 4]	49.0	0.8027813152280817	0.9737071668280289	0.9139568465522553	104.35307455224293	173.92179092040487	127.31468479882163	0.0025982588734453395
321	[1, 2, 4]	47.0	0.8415396212754437	0.9346144652178677	0.9505459270244302	144.59906143448373	240.99843572413957	122.58816705193101	0.002608258873445341
321	[0, 1, 2, 4]	50.0	0.8833524425487421	0.9098315457976602	0.985676404885195	198.50268924105626	330.8378154017605	131.41294367226718	0.0026282588734453435
321	[0, 1, 2]	33.0	0.8703681686190737	0.976485115697521	0.9449552949675666	181.92348854346713	303.20581423911193	87.35954282369642	0.002647258873445346
321	[2, 4]	46.0	0.938159740562396	0.9897454444832974	0.9762404328030724	56.82518757982996	94.70864596638326	129.980449073865	0.0028256619363883693
321	[3, 4]	25.0	0.8963838785973017	0.9526302108830237	0.972831349470267	224.296103464646	388.2516240221222	71.49154840970935	0.002859661936388374
321	[2, 3, 4]	42.0	0.8278214654796541	0.9877421599113564	0.9160388179991132	264.5420903468868	455.3282688258569	120.0218013283117	0.0028576619363883736
321	[3, 5]	23.0	0.8068573446634058	0.9021354468374343	0.16054266128993414	245.2954533894213	454.5659994153848	66.43922453693268	0.0028886619363883777
321	[4, 5]	46.0	0.9825370405330479	0.9976680846459037	0.9932134752656613	54.1577513199536	121.5783777185597	138.12244907386605	0.003002661936388393
322	[0, 1]	47.0	0.8149070915252924	0.9902219490449242	0.9128331912092531	86.72227065949534	157.50138358565135	122.30616705193098	0.00260225887344534
322	[0, 3]	44.0	0.839736879262826	0.9468654129744762	0.94665407117873	111.8159612639379	199.3242012597223	116.39139043159521	0.0026452588734453457
322	[4, 5]	39.0	0.9300689698012945	0.9713375354831263	0.9806489071864557	104.8223692376331	189.16903822871524	115.81681551914714	0.0029696619363883884
323	[0, 2]	42.0	0.9196564350890899	0.9239997329482266	0.997905937803274	65.00597665639734	136.78707989721346	112.82287268470476	0.002686258873445351
323	[1, 2]	39.0	0.9981514775660925	0.9984296838708699	0.9998761410240904	104.92476777318187	190.45446755329777	115.19281551914706	0.0029536619363883863
324	[0, 2]	31.0	0.8389470010129302	0.9696174800123579	0.9354867212303942	135.73609377429952	226.22682295716584	81.53802507680565	0.0026302588734453437
324	[2, 3]	13.0	0.9254940329189343	0.997772843079277	0.1445393328139607	66.379655731483	124.97300129934632	37.60460517304892	0.0028926619363883782
324	[2, 4]	17.0	0.9113615812961768	0.986394632633348	0.9648320161564881	92.62856955441498	154.38094925735828	48.2062529186023	0.0028356619363883707
324	[3, 4]	48.0	0.8970686552707544	0.9362099074059832	0.9810488092917468	95.08207420793038	172.8103654267586	137.695772946642	0.002868661936388375
324	[2, 3, 4]	21.0	0.9175773362733725	0.9476989274402438	0.9848004116486058	127.04514974691416	226.0821579917316	61.165900664156	0.002912661936388381
325	[0, 2]	50.0	0.9176951138821154	0.9550110955424775	0.9822846473992746	78.45283020387086	143.37065934557617	127.9629436722667	0.0025592588734453343
325	[0, 1]	25.0	0.8199453787743016	0.9206554008084699	0.9483874568506877	158.44983161857928	276.69899503675686	65.43147183613355	0.002617258873445342
325	[0, 1, 2]	47.0	0.8972709296668137	0.9433025584478691	0.9764658246907859	214.1939656120257	369.60588502583425	124.98516705193134	0.0026592588734453476
325	[1, 2]	18.0	0.9321804799040435	0.9990054343110754	0.9691347115528356	191.48526940160124	319.1421156693354	48.55065972201635	0.0026972588734453526
326	[0, 1]	33.0	0.8775475704880358	0.9784593383492779	0.9516224867482234	67.40107908007731	149.62368620318844	78.77954282369527	0.0023872588734453115
326	[0, 1, 2]	36.0	0.8433358556270283	0.9166583215679694	0.9607525901600357	91.0880834577999	202.26147370923863	88.46131944403155	0.0024572588734453208
326	[1, 2]	39.0	0.8840923835666423	0.963294975195563	0.14937915565666093	61.44502737173226	128.15383349406952	97.12009606436769	0.002490258873445325
327	[0, 1]	46.0	0.9789406306423424	0.9971838732852205	0.9917971711888783	132.81983408204576	233.71956432845013	120.34790817848572	0.002616258873445342
327	[2, 3]	28.0	0.8320352295085137	0.9705312159096777	0.9312945169558663	248.25513552979385	442.30890519848276	80.96653421887459	0.002891661936388378
328	[1, 3]	46.0	0.8873488807098138	0.9581967538637478	0.9658488492073047	186.31878455069182	340.6963787114456	135.27044907386568	0.0029406619363883846
328	[1, 2, 3]	18.0	0.958413596178967	0.9670330508972378	0.9957866444688441	325.2910368289537	572.3167991752154	53.05791485499093	0.0029476619363883855
329	[0, 1, 3]	32.0	0.8446762107826362	0.9360013614638357	0.9515887498549468	342.2281925300965	596.6919740347172	83.94428395025096	0.002623258873445343
329	[1, 3]	42.0	0.9606779086938763	0.9792815380442134	0.991472884798175	256.01574720599655	439.9420734454447	110.34487268470441	0.0026272588734453433
329	[1, 2, 3]	34.0	0.8963228377698025	0.9671265764065562	0.9641833639589048	497.77275078638763	856.3013573894514	90.61880169714185	0.0026652588734453484
329	[1, 2]	31.0	0.957663948727241	0.9875770737771685	0.9862832346368596	472.2924125572284	813.8341270075193	82.87102507680582	0.0026732588734453494
329	[0, 1, 2]	50.0	0.8728534051121808	0.9158371645816726	0.9773997437004738	558.5048578813283	970.5840275967919	133.41294367226743	0.0026682588734453488
329	[2, 3]	47.0	0.919657765666132	0.9792609373909075	0.9720689914183315	267.23734180955023	458.8265143259388	127.19416705193163	0.002706258873445354
329	[3, 4]	50.0	0.9174385831102555	0.9366504320407929	0.9907901100028401	254.80122563553437	454.0688231626053	148.33309681941938	0.002966661936388388
329	[4, 5]	23.0	0.896289588304625	0.9555918216658832	0.971490431240252	345.02805733414556	634.1153811033087	67.17522453693279	0.002920661936388382
329	[3, 4, 5]	26.0	0.9530888713001601	0.9993813241642165	0.977672813839051	370.5083955633048	676.5826114852408	75.98921034609795	0.002922661936388382
329	[3, 5]	49.0	0.8621285715079015	0.9798810976533299	0.9429330325337596	141.18750815692965	264.9810187045675	148.89443488303147	0.0030386619363883976
330	[0, 1]	24.0	0.8889037877129309	0.9260206924902189	0.9818136215559659	148.3216133224811	283.33480629779075	62.95821296268822	0.002623258873445343
331	[0, 1]	28.0	0.9833295286350487	0.9889699246701209	0.9974557464181669	283.15427339968966	701.4906060998841	67.5432484564688	0.002412258873445315
331	[1, 2]	33.0	0.9662695448087774	0.9875277895102884	0.9903370448142423	123.06361659420465	230.48269398836453	84.81854282369608	0.0025702588734453358
331	[1, 2, 3]	49.0	0.9674959143232897	0.9900939248508803	0.9891337891657448	171.31823082291424	310.90705103621383	128.98068479882184	0.002632258873445344
331	[2, 3]	33.0	0.9777566028114764	0.9974217190077325	0.9911419847613404	141.49404032713218	248.77332083666786	86.10554282369625	0.002609258873445341
331	[1, 3]	40.0	0.9789787353326465	0.9956977423016841	0.9924701825831777	78.0788047244917	142.55808724739538	108.13035493781415	0.0027032588734453534
332	[0, 1]	50.0	0.8757420773809658	0.9567290064084614	0.9607299526086466	65.30540872658011	180.77253327248252	118.66294367226548	0.0023732588734453096
332	[1, 3]	22.0	0.8093703740577273	0.9567391609731192	0.9256485316876473	76.01969687306665	164.3434479070615	54.69769521579714	0.0024862588734453246
332	[9, 10]	46.0	0.8291887196659038	0.9903994092479073	0.9206969795096308	301.7950328940286	4438.671841178453	150.81844907386775	0.0032786619363884295
332	[8, 10]	48.0	0.801841846125685	0.9395679337036431	0.9293123901497975	139.72243368712313	520.6915938208275	172.20777294664657	0.0035876619363884705
335	[4, 6]	6.0	0.9663974805368295	0.9897019168188538	0.989423210986593	16.62530804385526	27.70884673975877	22.893971618331005	0.0038156619363885007
335	[5, 6]	41.0	0.9126644599516088	0.9898294680782079	0.9638855333065931	25.837026738678333	43.06171123113056	145.82313939192713	0.0035566619363884664
335	[4, 5, 6]	13.0	0.9344868022527147	0.9759525249385321	0.9795691382931611	34.07733491052499	56.79555818420832	46.73060517305013	0.0035946619363884714
335	[4, 5]	48.0	0.9288758631003089	0.9998168498172804	0.9672467712832934	25.692335038516383	42.82055839752731	164.9117729466456	0.0034356619363884503
335	[3, 4, 6]	39.0	0.8129627000687166	0.9353374015290711	0.1251934344104261	105.11492961520818	189.93981962057245	112.54081551914672	0.0028856619363883773
337	[1, 2, 3]	41.0	0.8082155810612558	0.9318981738014828	0.9327203147144347	156.0166051252844	272.8755363863929	103.12561381125848	0.0025152588734453285
337	[5, 6]	15.0	0.841198243970933	0.9969391969862772	0.18672091056567347	137.099621162417	242.774418836321	44.01992904582576	0.002934661936388384
337	[4, 7]	22.0	0.8363282452351941	0.9976516708908932	0.9212788826350804	112.1629841095702	201.53707115414176	64.93656260054449	0.002951661936388386
337	[4, 5, 6, 7]	8.0	0.8695008742739863	0.9181327592431053	0.9734446856996596	249.26260527198718	444.31148999046275	23.54129549110708	0.002942661936388385
338	[1, 2]	31.0	0.9495740134361702	0.9963104071193862	0.9786929812959659	203.9045280372917	339.84088006215285	82.87102507680582	0.0026732588734453494
338	[2, 3]	38.0	0.9656624837488093	0.987464456716089	0.9900625578329662	113.73215497658673	204.39196028851498	110.22515358275842	0.0029006619363883793
339	[0, 2]	11.0	0.8410862735557505	0.9888079112922578	0.9277475953210361	110.13989011875566	196.15641410538237	28.789847607898764	0.002617258873445342
339	[0, 1, 2]	39.0	0.95509888411711	0.9583023306159004	0.9984231505181728	341.8358489278785	582.3163454539205	102.93109606436846	0.002639258873445345
339	[0, 1]	32.0	0.9367690069135376	0.9486665612084064	0.994380229291	277.0197088759654	474.2894453673987	85.83228395025122	0.0026822588734453506
339	[3, 4]	37.0	0.8302512508901985	0.9733016622677807	0.929185193983201	248.50605503311374	428.49445014180986	104.77149164636968	0.00283166193638837
340	[0, 1]	46.0	0.950149422329207	0.9990650112455215	0.9776756108587741	110.93545587882647	234.15304643642483	110.73390817848446	0.002407258873445314
340	[1, 2]	14.0	0.9285385916554272	0.9831676380467117	0.9751514343916758	86.88639054043304	144.81065090072175	36.64162422823479	0.002617258873445342
340	[2, 3]	37.0	0.8082335723797308	0.9382831245146942	0.9321843461219019	82.8669088456862	138.11151474281033	98.35557831747785	0.0026582588734453474
340	[1, 3, 4]	28.0	0.8509262484183447	0.911128043490564	0.9678497402727657	69.53788095631974	196.52058712604475	80.43453421887452	0.0028726619363883756
340	[1, 3]	38.0	0.9332103215247225	0.9899835343916195	0.9737233521445078	40.51319816473547	67.52199694122578	109.65515358275833	0.0028856619363883773
340	[3, 4]	23.0	0.9954849577104543	0.9956960288686758	0.9999059874002132	47.271541026578575	159.41002057647614	86.1272245369353	0.0037446619363884913
340	[1, 4]	19.0	0.8708171307631127	0.9428220733238938	0.9643038682331824	51.291022721325426	166.10915673438757	56.78457679137943	0.002988661936388391
341	[0, 1]	12.0	0.9363871049587372	0.9934886870933564	0.9736732659694761	68.62703992031282	126.69242890364873	32.1511064813442	0.0026792588734453502
341	[2, 3]	29.0	0.8655496979510037	0.9842434148083715	0.9428180868089368	164.17881514411735	273.6313585735289	82.40819615526277	0.0028416619363883715
341	[3, 4]	43.0	0.9252832978517899	0.9869981651978404	0.9711365095342993	224.501199331383	449.79567612508845	129.0714632647009	0.0030016619363883927
341	[4, 5]	44.0	0.8783448106277543	0.9819485440000055	0.95030245452814	229.0644203715652	520.32864037608	134.22912520108957	0.003050661936388399
342	[0, 1]	24.0	0.9984446493007263	0.9985844167514725	0.9999377887198868	127.58527901290748	212.64213168817915	63.36621296268828	0.002640258873445345
343	[0, 3]	29.0	0.9655654552020771	0.9915268559311707	0.9883251788099444	56.57915468122572	210.8224802069352	65.69250732991357	0.0022652588734452953
343	[0, 1]	49.0	0.9282592379717188	0.9926392791670238	0.9701730445333546	70.6534810250204	233.9129940152978	114.42768479881993	0.0023352588734453046
343	[1, 3]	37.0	0.8558085606633606	0.9739579059379098	0.9417534353509638	43.983123501601014	97.86250670287843	86.14557831747624	0.0023282588734453036
343	[0, 1, 3]	39.0	0.8758942007979817	0.9022699214156139	0.9860409559287713	85.60787960392356	271.2989904625557	91.89409606436699	0.0023562588734453074
343	[0, 2, 3]	25.0	0.9534062910750061	0.9713980206298692	0.9911602638162302	101.73524044831629	311.1693374671365	60.156471836132845	0.002406258873445314
343	[0, 1, 2, 3]	40.0	0.8201291606110696	0.9253408640896033	0.9413217589682935	130.7639653710141	371.64584772275697	96.13035493781256	0.0024032588734453136
343	[1, 2, 3]	28.0	0.9091617960621252	0.9758605528013199	0.9666532542946953	89.13920926869157	198.20936396307974	67.71124845646884	0.0024182588734453156
343	[2, 3]	13.0	0.9124603428565858	0.958373984530409	0.9782830925438589	60.11048434599374	137.73285370745918	31.671365354789135	0.002436258873445318
343	[0, 2]	31.0	0.8756190192770551	0.9894448505960055	0.1658571539650375	86.78084186941312	273.78334101987855	75.55502507680487	0.002437258873445318
343	[0, 1, 2]	46.0	0.865119512297844	0.9684841525412045	0.9470854258783954	115.80956679211096	334.25985127549905	112.48190817848467	0.002445258873445319
343	[1, 2]	22.0	0.8334756748188086	0.9313674708896873	0.16123375050138106	74.1848106897884	160.8233675158218	57.53569521579752	0.0026152588734453417
343	[1, 3, 4]	12.0	0.9408031661696339	0.9615599499675301	0.9896840571132732	122.5064263793679	241.82189531211773	32.0791064813442	0.0026732588734453494
343	[1, 4]	47.0	0.8255844317643195	0.9068209092652171	0.9581845661138466	107.55202780046474	204.4358988648598	126.16016705193151	0.002684258873445351
344	[1, 2]	48.0	0.8917720649254499	0.924716877785068	0.98387289366195	120.22541579333411	229.0294790999985	142.20777294664262	0.0029626619363883875
344	[1, 3]	24.0	0.9592470210992685	0.9735009540218768	0.9934563643238697	225.92152778231772	405.35814415099617	68.94388647332102	0.0028726619363883756
344	[2, 3]	31.0	0.9544122840804636	0.9958047403349514	0.9811381798491917	209.57265722889727	378.3108363508298	89.39352002803969	0.002883661936388377
344	[1, 2, 3]	18.0	0.9656493209353813	0.9963440159999808	0.9852719624674033	277.8598004022745	506.3492298009122	52.39191485499085	0.0029106619363883806
345	[0, 1]	29.0	0.8203010588717125	0.9824554534126768	0.9193391130986587	269.98580041257446	549.7289528833613	72.91350732991452	0.0025142588734453283
345	[0, 2]	9.0	0.8369643214299788	0.979222840187487	0.929956947802816	92.88047532341366	179.33036599373798	23.222329861008035	0.002580258873445337
345	[0, 2, 6]	41.0	0.8487546153942317	0.9168895684221129	0.9636551731844567	118.4571883677749	221.95822106767338	107.38961381125903	0.0026192588734453423
345	[2, 6]	33.0	0.8090793696005422	0.9390183279097549	0.933454364636657	81.66282768570206	136.10471280950344	87.02954282369637	0.0026372588734453447
345	[4, 5]	50.0	0.8358186943811479	0.9684098894673651	0.9345369671429462	94.34759461406466	157.24599102344112	143.58309681941878	0.0028716619363883754
345	[3, 4, 6]	22.0	0.9022176635142569	0.944977183183724	0.9781323589964155	196.43059582679487	327.3843263779915	63.63856260054432	0.0028926619363883782
345	[4, 6]	42.0	0.8373337489563212	0.9940470824303009	0.9234987715329824	68.38293375391339	113.97155625652233	127.20380132831264	0.0030286619363883963
346	[0, 1]	32.0	0.8332801179178736	0.9527625051006742	0.9402747261786282	62.462837879040684	104.10472979840114	78.47228395025024	0.00245225887344532
346	[0, 1, 2]	31.0	0.8386501747701401	0.9871277060355124	0.9230085532479414	158.35591883726272	263.92653139543785	81.75502507680568	0.0026372588734453447
346	[1, 4, 5, 6]	25.0	0.8643744861224527	0.9688986757961514	0.9442835363456935	333.8229660267581	570.9508627189224	71.81654840970938	0.0028726619363883756
346	[5, 6, 7]	18.0	0.8375831000222336	0.9712856652690688	0.9303233111612884	253.5479925195766	437.1592402069532	53.65191485499102	0.00298066193638839
348	[0, 1]	7.0	0.9723337312210424	0.9902983139675169	0.9918461770735014	85.95361252808907	238.52067188407278	16.136812114117106	0.0023052588734453006
348	[0, 2]	28.0	0.9073090834155831	0.9692755111481017	0.970675580520899	79.50535766245729	203.4188511289791	67.12324845646876	0.002397258873445313
348	[1, 2]	36.0	0.9640575351724224	0.9840533020643992	0.12023000167583377	52.003095484065895	111.02655511915052	85.32931944403113	0.0023702588734453092
348	[0, 1, 2]	42.0	0.9158005249848	0.9421063545065653	0.9866758001123787	108.73103283730612	276.48303906610124	98.66887268470286	0.0023492588734453064
348	[1, 3]	46.0	0.8708680704618388	0.9523007187264443	0.9602943812587507	92.82579037479968	192.3144039370299	119.4279081784856	0.0025962588734453392
348	[1, 2, 3]	41.0	0.8937614463424339	0.9564828669721142	0.9680789368444586	115.60321068401674	230.27677111905837	108.41461381125916	0.0026442588734453456
348	[2, 5]	40.0	0.9651762905751864	0.9927933956881413	0.9873637917382219	142.21072858689462	237.0178809781577	113.22647745553479	0.00283066193638837
349	[0, 1, 2]	36.0	0.8980430192168283	0.9557876681089946	0.9705766580732246	116.8023617486367	194.6706029143945	90.62131944403183	0.0025172588734453287
349	[0, 2]	33.0	0.9105921593213115	0.9651330150264101	0.9741739879882517	93.7408100123954	156.23468335399232	82.57454282369578	0.0025022588734453267
349	[0, 1]	14.0	0.833814185361377	0.9883678950678347	0.9240002531891574	77.25287550499755	128.75479250832922	35.11562422823458	0.0025082588734453275
349	[6, 8]	44.0	0.8242401216538232	0.9871742202088338	0.9194377841520369	147.64888885504266	261.1724850732878	127.7611252010887	0.0029036619363883797
351	[0, 1]	24.0	0.8281844207038614	0.9985347748305685	0.9163239966169041	169.7904135793255	320.18075997020156	61.71021296268806	0.002571258873445336
351	[2, 3]	29.0	0.8762968250125489	0.9820019506048774	0.16178099754953287	320.33744596230497	560.5722790131912	78.24950732991523	0.0026982588734453528
351	[0, 2, 3]	26.0	0.8220636728086593	0.9342737540386065	0.11922271788809483	349.329239671179	633.0517632853763	70.15473070957917	0.0026982588734453528
352	[0, 1]	33.0	0.8149824258785532	0.9755332010368888	0.9195887335478024	221.19879225719103	394.7978817091618	86.93054282369636	0.0026342588734453443
352	[1, 2]	30.0	0.8539131262952523	0.9927306833994897	0.9327823094874511	370.09876274662514	643.6314102456453	81.18776620336061	0.002706258873445354
353	[0, 1]	31.0	0.9940649333469357	0.9998043343388276	0.997442457435547	320.1134770174295	546.70204926561	82.53002507680579	0.002662258873445348
353	[2, 3]	50.0	0.9934874477756644	0.9967260077918256	0.9985528232976435	298.3988325833394	497.3313876388991	141.88309681941854	0.002837661936388371
354	[5, 6]	18.0	0.8991547080873186	0.993229888863859	0.9557436989088334	184.31644429848564	321.70526037344246	53.29191485499097	0.0029606619363883873
355	[0, 4]	34.0	0.8019361590892322	0.9005417443614795	0.9483740891142494	114.5875898048308	205.50129961383615	91.40080169714194	0.0026882588734453514
355	[3, 4]	30.0	0.8194883859146096	0.9743972857498236	0.9226072859964327	190.6547937346251	332.27997283016	87.88985809165149	0.002929661936388383
355	[4, 5]	36.0	0.9298918646071181	0.9875284088183133	0.973254030247937	114.16078347650068	661.1962484018908	114.86382970998305	0.0031906619363884178
355	[5, 6]	36.0	0.9502680907575702	0.9907523356760872	0.9814533560701275	149.55015940294928	756.930679854238	120.19182970998375	0.0033386619363884374
355	[4, 5, 6]	12.0	0.8899399064507814	0.951748621608941	0.9683570684462122	175.6897292933619	815.0186129440438	37.89194323666096	0.0031576619363884134
355	[4, 6]	39.0	0.9104282829074468	0.9842369640153125	0.9653244544653768	87.66851570727383	211.91029763195888	123.38281551914815	0.003163661936388414
356	[9, 10]	36.0	0.8359943442992542	0.9483443544774851	0.9436747613172424	54.23698942140237	105.91048121889084	124.3678297099843	0.003454661936388453
357	[0, 1]	17.0	0.9453257423713762	0.998871123559646	0.975508020071841	52.775441221056056	113.18791356047807	41.56940084857043	0.002445258873445319
357	[0, 1, 3]	30.0	0.9846450103873834	0.9852039541677515	0.9997329415674414	76.63410722223811	152.9523568957815	77.52776620336013	0.0025842588734453376
357	[1, 3]	29.0	0.9779221214059208	0.9890639211597727	0.9949604618480856	47.18002532078328	91.5896862677506	82.43719615526278	0.0028426619363883716
357	[0, 3]	23.0	0.8769053968858272	0.9392385658849056	0.9694417187453146	53.312747902636886	101.12711396333432	56.999954089242436	0.0024782588734453236
357	[2, 3]	20.0	0.9697083764228528	0.9766916687637738	0.11432209211225272	151.68689799353461	252.81149665589103	52.445177468906856	0.0026222588734453427
357	[0, 1, 2]	23.0	0.9777558090733838	0.9900830399725261	0.9941039085226506	180.6036732134086	326.2349668810657	60.38095408924289	0.002625258873445343
357	[0, 2, 3]	26.0	0.9484243577302723	0.9612546293188942	0.9936763725074488	181.1409798949894	314.1741672839219	68.28273070957893	0.002626258873445343
357	[0, 2]	33.0	0.8078997486654592	0.9783685948338624	0.19637265984926974	157.28231389380736	274.40972394861853	86.79854282369634	0.0026302588734453437
357	[1, 2]	33.0	0.8276529702624802	0.90073439690259	0.9624534438242792	151.14959131195377	264.8722962530348	88.84454282369661	0.002692258873445352
357	[0, 1, 2, 3]	20.0	0.9146257180079079	0.9146257180079079	1.0	204.46233921459066	365.99941021636914	54.02517746890706	0.002701258873445353
358	[0, 1]	33.0	0.9126526984995056	0.9869942816632903	0.9651720047335592	108.70813498681834	207.0693109644677	83.26754282369588	0.0025232588734453295
358	[0, 1, 2, 3, 4]	14.0	0.91930851527109	0.9624364418521394	0.9774149903937502	462.3972078279161	796.5510990329639	37.299624228234876	0.0026642588734453482
358	[0, 2]	42.0	0.8358654409470155	0.9618613929560841	0.9373778751355257	190.01426002045275	329.61328789712513	111.14287268470451	0.002646258873445346
358	[1, 2]	46.0	0.8871838652568066	0.9894426712656308	0.9513403470508027	174.66299152211363	304.0712173269226	122.23390817848598	0.0026572588734453473
358	[1, 2, 3, 4]	41.0	0.8820849954147884	0.959623153701922	0.9591101536056718	400.36750608533737	680.2454082656288	110.09561381125938	0.002685258873445351
358	[2, 3, 4]	16.0	0.8321429615564925	0.9070361119086947	0.9594167796227002	353.68907284109775	589.4817880684961	43.31614197512566	0.002707258873445354
358	[5, 6]	20.0	0.8942608757117081	0.9503733278696752	0.9729082460770933	254.41932364816694	453.50512329618647	59.013238727767714	0.002950661936388386
359	[0, 1]	42.0	0.9743561777976593	0.9773133458916089	0.9986506023817608	49.87830894063271	220.4218032808547	106.18687268470387	0.00252825887344533
359	[0, 1, 2]	27.0	0.9809768303257153	0.9875769794147061	0.9968443966022318	80.68140233096437	271.7602922647408	65.53598958302355	0.002427258873445317
359	[1, 2]	50.0	0.9850143195182501	0.9871352411933209	0.9990496138623904	53.47505610434263	101.72062834835491	121.0629436722658	0.002421258873445316
359	[0, 2]	38.0	0.9457457354693298	0.9982703008427224	0.9759648688817286	58.009439616953415	221.378152900272	95.76983719092252	0.002520258873445329
360	[0, 2]	41.0	0.8668212997809537	0.9606381250272109	0.9542581063468163	83.49155828247093	188.7110672702963	105.91361381125884	0.0025832588734453375
360	[1, 3]	40.0	0.9656288110506747	0.9869579494651859	0.9902960788957846	128.71910333252066	214.5318388875344	104.89035493781371	0.0026222588734453427
361	[0, 1]	28.0	0.9894809612396852	0.9977162020902159	0.9963200458087971	60.910966362999346	138.56199931671227	70.76324845646924	0.00252725887344533
361	[0, 1, 2]	37.0	0.9586116049070476	0.9614438208468451	0.9986098189613969	117.58900564286597	233.02539811648998	97.43057831747772	0.002633258873445344
361	[0, 2]	50.0	0.850088825764406	0.9415406349883787	0.9540450076511625	71.16732587970037	142.76102079922353	134.21294367226756	0.002684258873445351
361	[2, 4]	36.0	0.9107888234573963	0.9684449063489826	0.973001939437828	74.74033668571035	124.56722780951722	96.45331944403262	0.0026792588734453502
361	[1, 4]	42.0	0.8577251302536426	0.9612553827609629	0.1617274246514914	64.48397716900932	120.36820632700596	112.73887268470475	0.002684258873445351
361	[1, 2]	49.0	0.8939743292847756	0.9455144366335602	0.9754946754441288	103.09971904303221	184.7277761170441	130.84268479882212	0.002670258873445349
361	[0, 1, 2, 4]	8.0	0.9065121018409309	0.9071002339468796	0.9996855392028074	135.65130304870968	263.12922712622947	21.466070987562805	0.0026832588734453508
361	[0, 1, 4]	43.0	0.9106131174867954	0.9311555130467838	0.06932426271363026	78.97326376884307	168.66582832645182	115.89613155815015	0.0026952588734453524
361	[0, 4]	44.0	0.9224174120895683	0.9761869731735464	0.9747908900956356	32.55158400567748	78.4014510091854	125.5171252010884	0.002852661936388373
361	[3, 4]	19.0	0.9472750341699323	0.9743319572708667	0.9873399214202592	154.94627797072684	319.08112131338163	56.632576791379414	0.00298066193638839
362	[0, 1]	8.0	0.9968343604631087	0.9974332872956594	0.9997330451329635	102.18435991862356	183.63691968232948	20.450070987562672	0.002556258873445334
364	[0, 1]	41.0	0.9830602283441418	0.9910259229562142	0.9964083652308212	118.88673633072196	675.2689516836103	91.03061381125687	0.0022202588734452893
364	[1, 4]	43.0	0.8393962745909432	0.9665659286992143	0.9370592253432646	109.89673367026222	195.12043538653907	112.37013155814968	0.0026132588734453415
364	[2, 4]	46.0	0.8081310976050687	0.9191902971571582	0.9426568919014787	239.92782686139887	413.17424440725426	121.26790817848584	0.0026362588734453445
364	[1, 2, 4]	50.0	0.8029116316136188	0.9646248490414984	0.9131778966891801	261.4544095463825	461.0110948183291	132.06294367226727	0.002641258873445345
364	[1, 3]	42.0	0.8606834966556819	0.9640310126933487	0.16158649313883983	238.57098077825646	409.57751389986277	111.68887268470459	0.0026592588734453476
364	[1, 2, 3]	22.0	0.8572785246974508	0.9169683280845301	0.0906324719493855	390.1286566543768	675.4681733316528	59.05369521579772	0.002684258873445351
364	[1, 2, 3, 4]	32.0	0.8505454290172023	0.9254160395371784	0.9588075662706007	478.49880763965535	822.751758307117	86.12028395025126	0.002691258873445352
364	[1, 3, 4]	50.0	0.8506074663625275	0.9430778557414371	0.9513426626674175	326.941131763535	556.861098875327	135.11294367226768	0.0027022588734453533
364	[5, 6]	26.0	0.8545885941871476	0.9376552117965591	0.9590944232965795	336.23559342941013	619.3644423331883	77.57521034609815	0.0029836619363883903
364	[5, 6, 7]	22.0	0.8529780034410374	0.9925490952523097	0.9283800719016221	374.71847939898726	763.6752647191028	65.7725626005446	0.002989661936388391
366	[0, 1]	30.0	0.9437664971113504	0.9958172813772914	0.9764383180694756	68.31702753237259	139.1846809331307	75.51776620335986	0.0025172588734453287
366	[1, 2]	24.0	0.8184323000133527	0.9525323597714642	0.9322974336413364	178.35965705828878	310.2347594811841	61.59021296268804	0.0025662588734453352
366	[0, 1, 2]	40.0	0.8328903173971127	0.9074810459601185	0.9597390887045771	223.94100014080624	411.5266329978896	102.73035493781342	0.0025682588734453355
366	[1, 3, 4]	31.0	0.8708678536335148	0.9403216475969357	0.9640818278875922	289.42798118298094	495.8693416354207	82.4990250768058	0.002661258873445348
366	[1, 5]	28.0	0.8933615243983198	0.9439111510731395	0.9757020434647258	57.137175292941876	95.22862548823646	80.51853421887454	0.002875661936388376
366	[5, 6]	10.0	0.8969238838589977	0.9760930910808437	0.9623810432833512	63.583178935262914	187.03220959259417	29.776619363883896	0.0029776619363883895
366	[1, 6]	28.0	0.8793458891297183	0.9020955959540629	0.988676679651249	51.917372542031295	167.58919893720818	83.12253421887488	0.0029686619363883883
367	[0, 1]	47.0	0.8993546203030763	0.9405962198763476	0.9798356823647071	114.65471424500026	240.31160475095336	121.83616705193091	0.0025922588734453387
367	[4, 5]	49.0	0.9738128702208882	0.9903414144817858	0.9925242244130216	111.31548611041633	756.1539828871366	177.31443488303526	0.0036186619363884746
368	[0, 1]	38.0	0.9484265596131142	0.9714949206315613	0.9893238884170839	330.2500560876662	614.2399007967985	97.55583719092274	0.0025672588734453354
368	[1, 2]	35.0	0.8632763857477737	0.9171957952640236	0.9730459114985545	196.7302646992269	354.2579605507874	91.46406057058695	0.0026132588734453415
368	[3, 4]	48.0	0.9431393634456505	0.9917211778411358	0.9776883617923744	216.55353745522586	389.9972266442481	136.59177294664184	0.002845661936388372
370	[0, 1]	50.0	0.8599770987598935	0.9396708584271705	0.9605229787556612	322.60221762915955	537.670362715266	133.9129436722675	0.00267825887344535
370	[2, 3]	13.0	0.9664037820499953	0.9990315185360864	0.9852446323239236	181.0866959947144	301.81115999119066	37.149605173048855	0.0028576619363883736
371	[0, 1]	20.0	0.8847295918006582	0.9885655359343266	0.9506067143241116	167.62306196938917	317.2347108002083	51.34517746890671	0.0025672588734453354
371	[1, 2, 4]	43.0	0.8151659986802567	0.9214142984249591	0.9422047705244188	336.46972883464866	574.1280424214362	113.61713155814984	0.0026422588734453453
371	[2, 3]	31.0	0.8888584822187743	0.991550921141845	0.9513637839397021	417.7295480750383	709.5610744887524	82.4990250768058	0.002661258873445348
371	[1, 5]	50.0	0.9036790552217271	0.9686039987564864	0.9691363904567529	116.41958399722219	194.03263999537035	142.28309681941857	0.002845661936388372
372	[2, 3, 5]	48.0	0.8963694802007789	0.9984331080990062	0.1095752918536708	308.30887999283266	540.1840808010602	124.7164259253763	0.0025982588734453395
373	[10, 11]	48.0	0.8062426917828386	0.9827873748044395	0.9116056847104401	76.91483555444294	194.36627801537668	150.6077729466437	0.0031376619363884107
374	[0, 1]	12.0	0.9997934522051799	0.9998464170886805	0.9999764558122672	125.17819653408152	221.24681236888867	31.3591064813441	0.0026132588734453415
374	[1, 2]	25.0	0.9002425801667274	0.9133748283916947	0.9935632917733832	260.91917699272955	434.86529498788263	70.54154840970922	0.002821661936388369
376	[0, 1]	45.0	0.9005090922808617	0.9792430011673902	0.9631306787262773	84.93911065033765	154.25844962485357	117.8666493050404	0.0026192588734453423
376	[1, 3]	24.0	0.9175750579724428	0.9294736323976304	0.9942729172445919	48.59995921031599	80.9999320171933	68.31988647332093	0.002846661936388372
376	[0, 2, 3]	42.0	0.9511860043808008	0.9727654698982453	0.0693813164410275	118.06276617958639	209.46454217360144	110.89087268470449	0.002640258873445345
376	[1, 2, 3]	11.0	0.8433322466995374	0.9352744788797313	0.10761403936202146	96.37844908588112	160.6307484764685	28.228847607898686	0.0025662588734453352
376	[2, 3]	46.0	0.9131848111281952	0.947771797701377	0.9834088452480749	64.75105230756492	107.9184205126082	118.50790817848548	0.0025762588734453366
376	[0, 1, 2]	28.0	0.9431563567148638	0.983126947544205	0.9804618899366211	132.71760052590278	233.8892660841288	72.55524845646947	0.0025912588734453386
376	[0, 2]	15.0	0.8570088872346668	0.9994576723071358	0.9324758065051293	101.0902037475866	181.17693812026846	39.003883101680096	0.0026002588734453397
376	[0, 3]	25.0	0.8740473127937013	0.9454967494087781	0.14609470777086053	70.28427630402125	129.83372571432625	65.8064718361336	0.002632258873445344
376	[0, 1, 3]	37.0	0.9193644043771811	0.953233298511036	0.07585187086176556	101.91167308233744	182.54605367818655	98.6885783174779	0.0026672588734453486
376	[1, 2]	50.0	0.8764714592397166	0.9649017489992131	0.9576157633794189	79.40588665388132	132.34314442313556	135.3629436722677	0.002707258873445354
377	[1, 2]	43.0	0.959903680793777	0.9983261749476742	0.9823129167376324	354.2280733748804	617.1982118312565	114.56313155814998	0.0026642588734453482
377	[0, 1, 2]	34.0	0.9529942077680378	0.9629830403413076	0.9950930987960447	377.7791285553685	656.4499704654032	91.97880169714202	0.0027052588734453537
377	[0, 2]	49.0	0.8307215314857661	0.9811222540172096	0.9256705374757109	257.34339503667314	442.34199976550036	132.65568479882234	0.002707258873445354
377	[0, 3]	29.0	0.9928554274667744	0.9981508031022621	0.9976356609767647	60.8663527281258	132.5400025032411	85.51119615526319	0.0029486619363883857
378	[1, 2]	33.0	0.8262783520444317	0.9996716345963885	0.9148262716275862	71.63717713454544	119.39529522424242	85.37954282369616	0.002587258873445338
378	[2, 7, 8]	26.0	0.8370597640797819	0.9203230520542904	0.9551950658704527	238.26277889612575	397.10463149354297	73.36321034609759	0.002821661936388369
379	[0, 1]	26.0	0.9288759435764313	0.9550351291870505	0.9876525575904797	290.6663507135797	511.2418744057319	69.73873070957912	0.0026822588734453506
379	[2, 3]	28.0	0.9409277614199877	0.9848350888704502	0.9797310587637634	216.21190240818385	389.1947340301339	81.75053421887469	0.002919661936388382
380	[0, 4]	10.0	0.9111481834069289	0.9582796061468237	0.9776022286404977	56.778509494276264	94.6308491571271	25.64258873445335	0.002564258873445335
380	[3, 6]	44.0	0.8210061929757281	0.9009265455564592	0.9578462524917953	124.1030127969429	252.5867568885384	128.5091252010888	0.002920661936388382
380	[5, 6]	49.0	0.8126068094876489	0.973387355887425	0.9196735516684581	94.47099124651719	267.7742231747944	158.7924348830328	0.0032406619363884244
380	[4, 5, 6]	46.0	0.8335113671516226	0.9336696392532231	0.9464793404475152	111.42484764269908	296.03065050176417	153.25644907386805	0.0033316619363884365
380	[4, 6, 7]	26.0	0.8326645698633625	0.9831639316109906	0.9216590609338098	157.70332906986383	328.553797744941	86.85721034609938	0.0033406619363884377
381	[1, 3]	14.0	0.8999883695492185	0.9817608415769391	0.9612597790174036	46.40992503983747	90.15949603243293	33.98162422823443	0.002427258873445317
381	[1, 3, 5]	35.0	0.813978550057293	0.9168379197078463	0.9437884520136985	80.14089620346064	146.3777813051382	98.7581677735929	0.002821661936388369
381	[1, 3, 6]	44.0	0.8034177948956763	0.9314074032507552	0.9302497630602636	185.42399011463786	336.3302362690587	126.88112520108861	0.002883661936388377
381	[3, 5]	46.0	0.8536190399688517	0.9229377858451592	0.9653204434179246	57.08357846459379	95.13929744098965	138.76644907386614	0.0030166619363883947
382	[0, 1]	44.0	0.9439299463447345	0.969675188995195	0.9880597712655262	70.61623325802825	117.69372209671373	114.41139043159495	0.0026002588734453397
382	[1, 2]	15.0	0.9002049894579626	0.9958893236615267	0.9551424803235957	95.70452419076148	159.5075403179358	39.273883101680134	0.002618258873445342
382	[0, 1, 2]	35.0	0.8447759015259353	0.9469581222049771	0.9461384422545415	126.92803642279915	211.54672737133194	92.37406057058708	0.002639258873445345
382	[0, 2]	19.0	0.8492863521401467	0.9818627062246542	0.9353367199465393	87.53531539680861	145.89219232801437	50.33591859546158	0.0026492588734453463
382	[0, 3]	33.0	0.9114304434240369	0.9747299238264906	0.9702056717999689	133.57687001870923	222.6281166978487	93.18084390081619	0.002823661936388369
383	[10, 12]	42.0	0.8707840762101019	0.9874923377677499	0.9439661500076969	55.09278877928355	2697.049039847041	130.05980132831303	0.0030966619363884053
383	[10, 11]	45.0	0.8300547643653656	0.9965441723048315	0.9183444966511539	79.7940685626195	132.99011427103252	141.32978713747852	0.003140661936388411
383	[10, 11, 12]	44.0	0.8477062016065202	0.9904221687380251	0.9264340083154059	99.70663716298817	2771.405453819882	138.58512520109014	0.0031496619363884123
384	[0, 1, 2]	38.0	0.9275143044391169	0.9275143044391169	1.0	428.82649811810035	728.2251879929571	101.77383719092332	0.00267825887344535
385	[0, 1]	30.0	0.8683595872963873	0.955108550200658	0.9574696635827181	205.63641668614093	1589.428503348233	71.2577662033593	0.00237525887344531
385	[2, 6]	42.0	0.8407134716741766	0.9906882389789795	0.9257106134082222	42.085456850103256	70.14242808350544	110.89087268470449	0.002640258873445345
385	[2, 5, 7]	25.0	0.8180308015358593	0.9502296021527824	0.9291605878084781	121.63547468935187	217.61255960253533	75.71654840970992	0.0030286619363883963
385	[2, 7]	38.0	0.804680525840793	0.970196939309702	0.9162452070153454	69.54481995414424	130.79480171052262	117.36915358275935	0.0030886619363884042
385	[2, 6, 7]	10.0	0.8136161063169497	0.9209186691208666	0.9416102760435874	86.7457622109499	159.46303880519872	31.10661936388407	0.003110661936388407
386	[0, 1]	29.0	0.8895230453773928	0.9519174411054069	0.9698664778306197	188.62301320331116	386.08372123751144	76.74150732991502	0.002646258873445346
386	[1, 2]	45.0	0.8003599071825543	0.9186337947641605	0.9385491160561916	211.36512418209918	365.66073106495304	121.64664930504091	0.0027032588734453534
386	[2, 3]	30.0	0.9753004713094806	0.9904255148641766	0.9931671017547865	144.0262343967989	240.04372399466487	85.51985809165117	0.0028506619363883727
389	[0, 3]	43.0	0.8327128610163058	0.9716408192295816	0.9311166991143843	67.37432993878245	194.95824195705285	109.23113155814927	0.002540258873445332
389	[3, 4]	24.0	0.8115118150201537	0.9906025125358218	0.9108768561024168	71.21044517443913	131.8791726427125	61.01421296268797	0.002542258873445332
390	[3, 4, 6]	47.0	0.8036659333069525	0.9332276354612538	0.9298636346736455	181.98941733701446	333.548869625232	133.7461110102535	0.002845661936388372
390	[3, 6]	29.0	0.8287655126427077	0.960714553816656	0.9343002109211088	146.4302125239489	259.4671929313455	83.68419615526294	0.0028856619363883773
390	[2, 4, 6]	48.0	0.8943846951325978	0.9556179173179283	0.09000794751391158	87.66616805032157	176.3434541474105	144.5117729466429	0.003010661936388394
390	[4, 6]	38.0	0.8088757093578595	0.9713021194449897	0.19360156351723037	54.05941128278227	120.33219286817834	115.77315358275915	0.0030466619363883987
390	[4, 5]	50.0	0.917579079778707	0.9913869804559885	0.965617737954177	62.65647741401798	119.24379769547392	157.88309681942067	0.0031576619363884134
390	[4, 5, 6]	45.0	0.9248654765243187	0.946601899853831	0.9890396301779466	81.1566838837347	165.49431386976573	147.08978713747928	0.003268661936388428
390	[5, 6]	36.0	0.9016666203538433	0.9837965589760438	0.9612004606279506	45.59747907066917	91.41263717587923	116.41182970998325	0.0032336619363884235
391	[2, 3]	25.0	0.878638512804447	0.9746183759347322	0.9538999209855681	344.0255130750225	573.3758551250377	71.59154840970936	0.0028636619363883744
391	[2, 3, 4]	28.0	0.8549251860714151	0.9115768520053339	0.9697320114301976	363.7155019585998	835.9090402394019	80.3785342188745	0.0028706619363883753
391	[2, 4]	43.0	0.9036404225400299	0.9324269534128642	0.9860468406599734	250.2180655570817	646.7466462368716	123.52446326470015	0.0028726619363883756
391	[3, 4]	20.0	0.974839112127705	0.9865465294140563	0.9946952574230167	133.18742528509543	451.6955791168944	59.43323872776777	0.0029716619363883887
392	[0, 5]	26.0	0.9130394084556472	0.9959839952981766	0.9613110683367994	158.22187840893244	276.8542008432844	67.42473070957881	0.002593258873445339
392	[4, 6, 7]	17.0	0.8087212829582308	0.9452993523915685	0.13247811676772148	452.6363891365922	754.3939818943202	48.1892529186023	0.0028346619363883705
393	[0, 1]	21.0	0.875595499748812	0.9887836786268009	0.9458701550038828	140.45100548916068	247.10545727651248	53.82843634235203	0.002563258873445335
393	[1, 5]	50.0	0.9423354617793136	0.9577643570370752	0.9927847067279215	93.6560108837634	156.09335147293902	145.48309681941902	0.0029096619363883805
393	[1, 5, 6]	23.0	0.9141874768424264	0.9321188359353836	0.9908466477390067	262.08225303193495	466.35221858799184	67.22122453693278	0.002922661936388382
393	[5, 6]	47.0	0.9235783442833592	0.9803134651432598	0.9736084153117684	238.81528069397675	427.57393135806154	139.8561110102543	0.0029756619363883892
394	[0, 1]	15.0	0.9632580629657317	0.9963698268115136	0.9850117037705222	109.45402050446486	208.11416794151594	40.413883101680284	0.0026942588734453522
394	[0, 2]	48.0	0.846236314126279	0.9403859071506148	0.9529628986463434	219.74925843707788	393.06125785441577	136.1597729466418	0.002836661936388371
394	[4, 5]	13.0	0.9628929511853199	0.990512761079938	0.9874432057747562	177.46525137765275	1130.8777264521664	39.7366051730492	0.0030566619363884
395	[0, 1]	32.0	0.9233799987732606	0.9707575978585204	0.9777478492561038	240.15713790242722	400.2618965040454	84.9682839502511	0.002655258873445347
395	[0, 2, 3]	22.0	0.861103179419557	0.9295062509555223	0.9640339986938045	389.4391054626124	663.4052683074785	62.12056260054412	0.002823661936388369
395	[2, 3]	48.0	0.9429290064631609	0.9948639078706591	0.9764275343777596	358.4870481814088	611.8185061721393	136.8317729466419	0.0028506619363883727
396	[0, 1]	36.0	0.9441774883601215	0.9606935441513533	0.9923952861003258	86.16738477810345	155.98218872871956	95.30131944403246	0.002647258873445346
396	[0, 2]	14.0	0.9098515750374035	0.9365751108302895	0.12387069123597366	48.21845651962223	92.73397496458416	37.299624228234876	0.0026642588734453482
396	[1, 2]	23.0	0.8059999279790435	0.9004255439647962	0.949354303129814	89.85427054295603	149.75711757159337	61.62295408924306	0.0026792588734453502
396	[2, 3]	9.0	0.9785469695340693	0.9908535133618646	0.994491012130612	45.15359239116409	123.25829044092352	26.69095742749549	0.002965661936388388
396	[0, 3]	25.0	0.8849665826333089	0.9378223086658684	0.9740683472832931	41.466706626311506	129.48336159804967	71.24154840970931	0.0028496619363883725
396	[0, 2, 3]	42.0	0.8157259811286182	0.9079431625027983	0.9494933490462825	67.41937776854891	172.73781350177867	119.3498013283116	0.0028416619363883715
397	[0, 1]	44.0	0.9731608561468422	0.9780311815736366	0.9977811606520635	286.6451159027702	504.2728970387608	116.65539043159524	0.0026512588734453465
398	[0, 1]	45.0	0.8024707664425462	0.9913868321552879	0.9052399189659519	49.26730121680766	994.2964419583922	106.84164930503894	0.0023742588734453098
399	[1, 2]	19.0	0.8748883368708682	0.9781869541171034	0.9500449805009472	251.49013302177937	445.38227609949547	49.13891859546142	0.002586258873445338
399	[0, 1, 2]	22.0	0.8701464562329382	0.9879655942453973	0.9401366959724061	279.0080149801808	582.9716858915028	57.00769521579745	0.0025912588734453386
399	[0, 1, 2, 3]	48.0	0.9231350542822674	0.9354942493388332	0.9935515879906359	335.31033600584874	676.8088876009494	124.28442592537624	0.0025892588734453383
399	[1, 2, 3]	50.0	0.9241368301454524	0.9815544580313108	0.9715034850489057	307.79245404744734	539.2194778089421	129.71294367226693	0.002594258873445339
399	[1, 4]	23.0	0.8279780062661346	0.9273890988822988	0.16133252517971963	293.71362120698365	502.5683981297152	60.72595408924294	0.002640258873445345
399	[0, 1, 4]	25.0	0.8702250645919694	0.9119115094496482	0.08083256698138337	321.2315031653851	640.1578079217226	66.13147183613364	0.0026452588734453457
399	[0, 4]	40.0	0.8199004706482692	0.9043923942470725	0.15477484061217678	164.68314974847576	366.19818944213125	106.73035493781396	0.0026682588734453488
399	[0, 3]	34.0	0.8275553410089764	0.9066143324806569	0.15170279002413792	83.82020298406945	231.42661150145403	91.29880169714194	0.002685258873445351
399	[2, 3, 4]	45.0	0.8659508572713006	0.9541820559571254	0.9543502893206312	288.4093684206122	493.86863897947455	121.82664930504093	0.002707258873445354
401	[0, 1]	15.0	0.9827720679096957	0.9858424377407471	0.9986136319380404	232.54668564832264	387.5778094138711	40.608883101680306	0.002707258873445354
402	[0, 2]	34.0	0.8777878881989736	0.9946061558024555	0.9446574069301139	125.45338060605776	234.84986673437106	88.37480169714154	0.0025992588734453396
402	[1, 2, 4]	38.0	0.9226510564061224	0.9386763662493207	0.991890764477013	293.2026693062613	502.09598515550067	102.83783719092345	0.002706258873445354
402	[2, 3]	40.0	0.8499780652887492	0.9972700777528115	0.18352414734245234	103.95922479463576	173.26537465772626	120.18647745553572	0.003004661936388393
402	[2, 4]	42.0	0.8447609045881803	0.9336201191222837	0.9555032350830149	51.55501569508661	85.92502615847769	127.74980132831271	0.003041661936388398
402	[3, 4]	40.0	0.8022707262830101	0.9673307437621973	0.1944665148822963	105.54249192694998	175.9041532115833	113.86647745553488	0.002846661936388372
402	[2, 3, 4, 5]	21.0	0.9091124874230477	0.9455053238443957	0.980961143490949	159.07284955731004	296.83750853882106	62.488900664156176	0.0029756619363883892
402	[2, 3, 4]	48.0	0.8390669436958662	0.9478097536686898	0.9424936460891885	130.5283662083362	217.54727701389362	137.695772946642	0.002868661936388375
402	[4, 5]	41.0	0.987701748361777	0.991882405359899	0.998124681682172	55.113624762674284	123.57213388109479	134.05613939192557	0.0032696619363884283
402	[2, 3, 5]	11.0	0.9561178237884573	0.9847680127536844	0.9860946051072228	132.50370814360963	252.55560618265372	33.33728130027236	0.0030306619363883965
402	[2, 4, 5]	33.0	0.884242699586071	0.9352501643451997	0.9735875601767816	80.09949904406048	165.21525768340513	96.81084390081666	0.0029336619363883837
402	[3, 5]	35.0	0.970362307272626	0.9967557014880641	0.9881164437910281	107.51783386222344	210.91248238034336	104.91816777359372	0.002997661936388392
402	[2, 5]	32.0	0.9159063298849748	0.966976610399896	0.975912422875993	53.53035763036007	120.93335532723776	98.58118196442891	0.003080661936388403
402	[3, 4, 5]	44.0	0.9079045293792599	0.9189661954463778	0.994304288795644	134.08697527592383	255.19438473651067	131.67712520108924	0.0029926619363883915
403	[0, 3]	27.0	0.8683511799488564	0.9923234347414487	0.9405225198760075	63.65353723724836	106.08922872874726	69.50498958302407	0.0025742588734453363
403	[1, 3]	42.0	0.8321436818766831	0.9815151721313543	0.9263071778095929	95.60972029383456	172.56387310039366	108.07687268470411	0.002573258873445336
403	[0, 1, 3]	50.0	0.8545358283097458	0.9694517441592478	0.9404787973277571	142.93957290126494	251.44696077944434	129.41294367226692	0.002588258873445338
403	[0, 2, 3]	38.0	0.8421862254542234	0.9469121892970961	0.9446906250141609	168.15850077616284	280.26416796027144	101.43183719092326	0.002669258873445349
403	[0, 1, 2, 3]	14.0	0.8722905430775305	0.9496602488317186	0.958731816807797	247.4445364401794	425.6219000109685	37.81762422823495	0.002701258873445353
404	[0, 2]	34.0	0.9743587969900679	0.9998790977643238	0.9885163387281274	131.39455634540303	686.9749004988842	78.14080169714019	0.0022982588734452997
404	[1, 2]	23.0	0.8116685492852673	0.9704135832919374	0.9201373287945771	171.94656431577712	299.6590479531288	59.391954089242766	0.0025822588734453374
404	[1, 2, 3, 4]	25.0	0.8152149949966907	0.9494020188516249	0.9258328248532708	349.16145918747026	595.0172060726173	66.25647183613366	0.0026502588734453464
404	[2, 3]	44.0	0.8494361163433087	0.9905155960788189	0.9314587458584425	87.05350238018414	145.08917063364024	117.13939043159532	0.002662258873445348
404	[5, 6]	16.0	0.804532204653176	0.9402530806007836	0.9305974786417727	171.91920186858076	286.5320031143013	45.162590982213906	0.002822661936388369
404	[2, 5]	13.0	0.8908007086783629	0.9954988237433973	0.16058146722809233	126.24835862976599	210.41393104960997	37.4746051730489	0.002882661936388377
404	[2, 6]	47.0	0.8238205315251296	0.9990700909600794	0.9136794345135687	75.60939362636397	126.01565604393997	135.3441110102537	0.0028796619363883765
404	[2, 5, 6]	20.0	0.8337787767127453	0.9664882303775186	0.9301922940217583	186.88847706235538	311.48079510392563	58.313238727767626	0.0029156619363883813
405	[0, 1]	18.0	0.9745253598731157	0.9958386316358147	0.9903706060464622	112.00214680901402	4160.547729148092	39.730659722015176	0.0022072588734452876
405	[4, 6]	36.0	0.808682527736899	0.9519950233370643	0.9262345285255915	98.04659137467398	163.4109856244566	94.40131944403234	0.0026222588734453427
405	[2, 3, 6]	26.0	0.8146058497713128	0.9110173841396101	0.9472249006115483	322.6639145101609	537.7731908502682	68.64673070957897	0.002640258873445345
405	[2, 3, 4]	43.0	0.8138079745817565	0.9563737197779084	0.9243043696207259	370.42132309862325	617.3688718310389	114.39113155814995	0.0026602588734453477
405	[2, 3]	35.0	0.8312525554681135	0.9321548736914379	0.9491061355663619	297.5193231170551	495.8655385284252	94.75406057058738	0.002707258873445354
405	[5, 6]	15.0	0.9027647382758068	0.99908518866117	0.9549418095628238	75.83850376535446	126.39750627559077	43.029929045825625	0.002868661936388375
406	[0, 1]	32.0	0.8533206695030389	0.9727027232671772	0.9416460723107454	180.80191163909802	327.2370880058835	83.24028395025087	0.00260125887344534
406	[0, 1, 2]	49.0	0.9247960229995912	0.9872289110618055	0.9692381528838582	268.74472218174844	473.8084389103008	128.14768479882173	0.0026152588734453417
406	[1, 2]	32.0	0.9686530585707921	0.9745093335224332	0.997301200091318	245.80267894947607	422.8261206163623	85.25628395025115	0.0026642588734453482
406	[3, 4]	12.0	0.9335495685690387	0.9944185142925391	0.9720311897062007	190.57859721567317	332.30608022181383	34.879943236660566	0.00290666193638838
406	[0, 3, 4]	23.0	0.9164513061549134	0.9394335746474166	0.9883497741630165	213.52064044794554	383.2883985157524	66.27822453693267	0.0028816619363883768
406	[0, 3]	40.0	0.85022023479659	0.9424805958878745	0.9541242815864438	107.86002943896403	192.51229530509136	116.30647745553522	0.00290766193638838
406	[0, 4]	28.0	0.8167516834077699	0.9464931734068205	0.9342002638071215	128.60265424125387	241.75842150459965	81.30253421887464	0.0029036619363883797
407	[0, 1]	39.0	0.8964311507686314	0.9787775401801779	0.9608789113964367	104.20857734962912	223.08020246168184	94.97509606436739	0.002435258873445318
407	[1, 2, 3, 4]	12.0	0.8048651217627524	0.9759553465491461	0.9058695024619222	315.8852393945073	565.7382951733803	31.551106481344128	0.0026292588734453436
407	[3, 4, 5]	29.0	0.8786154935049774	0.9626085289585057	0.9570835767090685	370.26901393062997	630.5713054318409	77.58250732991515	0.0026752588734453497
407	[2, 5]	41.0	0.8090885712680976	0.9307570752143443	0.9377326409732775	280.7445384900858	480.9725573123124	109.89061381125936	0.0026802588734453504
408	[0, 1]	50.0	0.8915414490881247	0.9800089477663009	0.9579198380599543	92.72956985598019	167.57685538065576	132.86294367226736	0.0026572588734453473
408	[0, 2]	35.0	0.8154736216705658	0.9802524376445866	0.917621824995348	134.31543871285015	223.85906452141688	92.40906057058707	0.002640258873445345
408	[0, 3]	26.0	0.816002546836561	0.9659199254973905	0.1864771080356009	184.5643765130122	307.60729418835365	69.37473070957907	0.0026682588734453488
408	[1, 2, 3]	39.0	0.9301810086880442	0.982659264089156	0.9741925375257104	344.46734656905977	587.1398165691216	104.33509606436864	0.0026752588734453497
408	[0, 1, 2, 3]	41.0	0.8656460106689451	0.9323522621090474	0.9639398782736367	366.8480260733207	624.4409490762232	109.72661381125934	0.00267625887344535
408	[5, 6]	24.0	0.8798220317358237	0.9831284909007858	0.9506863647725493	207.59334462358922	360.40749131572716	70.3598864733212	0.0029316619363883834
408	[0, 5, 6]	22.0	0.878423875447366	0.9528465861892395	0.9617074463403561	229.97402412785016	397.70862382282866	64.58456260054444	0.002935661936388384
409	[0, 2]	35.0	0.9831792315749557	0.9867639826744082	0.9983815908813773	57.47529457942127	177.2853520177302	85.58406057058616	0.002445258873445319
409	[1, 2]	44.0	0.911016091006014	0.9652611448094114	0.9744504947467497	178.63627507147794	323.61153244864687	112.78339043159473	0.002563258873445335
409	[2, 4]	44.0	0.9939380633147705	0.9982366710179404	0.9980755343295655	50.59817054229782	98.92764325665334	134.71312520108964	0.0030616619363884007
409	[2, 3]	31.0	0.9678053573914842	0.9699804505363202	0.9989930425883476	187.61975253717793	312.6995875619632	87.9365200280395	0.002836661936388371
409	[2, 3, 4]	21.0	0.9627523263018325	0.9849506102959629	0.9892907563711947	222.65341418395465	385.6863826594147	60.09490066415586	0.002861661936388374
409	[3, 4]	26.0	0.8561621600600358	0.9540984461229015	0.951033416969242	207.08890528843352	359.7455345002128	73.83121034609765	0.002839661936388371
410	[0, 1]	37.0	0.9233441035983965	0.9949218539018654	0.966809722647814	53.66068252508725	101.75107818369709	92.6205783174771	0.002503258873445327
410	[0, 1, 2]	23.0	0.9635461192543883	0.9864555374313724	0.9889290134300956	196.55192475374184	353.1338191415153	60.08195408924285	0.0026122588734453413
410	[1, 2]	19.0	0.8465351636514141	0.9026040664307794	0.13958266798853156	181.77199598347983	316.1839972158603	51.2479185954617	0.0026972588734453526
410	[0, 6]	18.0	0.9038813128060053	0.9208033503657426	0.9917559263457364	59.32252706710108	126.03501851933316	56.72991485499142	0.0031516619363884126
411	[0, 2]	35.0	0.8959071742098705	0.9867018699403417	0.9570932243438379	78.80302825701722	144.12167750928214	89.99406057058675	0.002571258873445336
411	[0, 1, 2]	48.0	0.9431504904653754	0.9536895647272506	0.06405298280094589	181.58940846726824	328.61005224563013	129.13242592537688	0.0026902588734453517
411	[1, 2]	19.0	0.8728932803399534	0.9587966386282849	0.9585992661310254	166.2494519701641	290.26016100286984	49.21491859546143	0.0025902588734453384
411	[0, 1, 3]	30.0	0.8633803348187661	0.9039671783736222	0.9783743583631368	182.71436603738002	330.48498152914976	78.09776620336021	0.00260325887344534
411	[1, 3]	32.0	0.8551997728831476	0.964992861259997	0.16499357635629602	167.37440954027588	292.1350902863894	83.56028395025092	0.002611258873445341
411	[1, 2, 3]	40.0	0.8534843180284981	0.9045227114539579	0.0861714898493715	230.83748130018893	397.9068765529112	105.29035493781376	0.002632258873445344
411	[0, 3]	47.0	0.8204931627685608	0.9413487691702644	0.17243404780230012	79.92798582712896	145.9966067928017	124.23316705193125	0.0026432588734453455
411	[0, 1]	32.0	0.8484856988879104	0.9213033962305819	0.963261832918163	118.12633670735515	222.83826597910831	85.35228395025116	0.0026672588734453486
412	[0, 1]	35.0	0.9857567510699665	0.9951419172655415	0.9957810895590287	82.79666955076996	175.6732728485046	84.88406057058607	0.0024252588734453165
412	[3, 4]	33.0	0.9430850873371006	0.9837900159062074	0.981333253032583	145.67356224848498	303.4865880176771	97.40484390081674	0.002951661936388386
412	[2, 3, 4]	20.0	0.9150390951119836	0.9323760647297603	0.9912388586342054	354.8055946833484	727.812450928994	60.07323872776786	0.003003661936388393
413	[0, 1]	8.0	0.8443938735654342	0.9138311017003826	0.9648489946712142	100.49243915080521	203.89825843780167	20.562070987562684	0.0025702588734453358
413	[3, 4]	34.0	0.9429833686699075	0.9956721572412701	0.9758737366801876	169.91859881520625	342.7140119597383	101.30850583720526	0.0029796619363883898
414	[3, 4]	40.0	0.8861776700760596	0.9025411597676111	0.9918893874636246	178.30191035951793	6154.4989580504125	124.26647745553626	0.0031066619363884066
415	[0, 1]	12.0	0.9994453297644994	0.9999038667274973	0.9997962787085899	141.49643013587593	309.81396028434	29.73910648134388	0.0024782588734453236
415	[1, 3]	47.0	0.9754791627551701	0.9843345040009368	0.9959841539054047	126.93743885344263	237.83184778926892	124.56216705193128	0.0026502588734453464
415	[1, 2, 3]	24.0	0.9121661508025899	0.9348514862832059	0.9884385696096646	304.8578290232471	534.3658314056097	63.82221296268833	0.0026592588734453476
415	[1, 2]	21.0	0.9445136292335873	0.9807567569716705	0.1278551808412946	223.93927919142132	386.0151567139291	56.6214363423524	0.0026962588734453525
415	[2, 3]	49.0	0.8373007143582734	0.9736665335602583	0.9327361985217292	258.8389400016302	444.88465830802136	131.03868479882215	0.0026742588734453496
416	[0, 4]	16.0	0.938565979918894	0.9824129615532037	0.9796707468100823	98.61482921085494	189.34548196259937	40.91614197512534	0.002557258873445334
416	[2, 4]	21.0	0.9741198441473433	0.9877812209165832	0.993805116841995	33.89673925261637	56.494565421027275	64.48390066415644	0.003070661936388402
416	[0, 2, 4]	39.0	0.8799596036633207	0.9032825171745442	0.9876872006499878	123.85149905284446	231.40659836591524	100.35709606436812	0.002573258873445336
416	[1, 2, 4]	27.0	0.9122148508156022	0.9419044767707808	0.9849243410965772	219.92254747570894	380.01771015684045	72.0159895830244	0.0026672588734453486
416	[1, 4]	42.0	0.9836023323013883	0.9990904539637478	0.9930318854474107	194.68587763371943	337.95659375352454	112.15087268470467	0.002670258873445349
416	[1, 2]	25.0	0.9069392383850107	0.9747762299606451	0.9676617138014565	211.26247806508212	365.58426113912907	67.38147183613381	0.0026952588734453524
416	[2, 3, 4]	27.0	0.9474422511980725	0.9692598836225517	0.9892885912751912	245.63325614738739	438.7966098143639	80.04587228248647	0.0029646619363883878
416	[2, 3]	36.0	0.9747730568726438	0.9981159390590719	0.9894385688387035	236.97318673676054	424.3631607966525	107.051829709982	0.002973661936388389
416	[3, 4]	43.0	0.8983470271458741	0.9972288203410111	0.9536084523851822	220.39658630539785	396.73549341104797	125.33046326470037	0.002914661936388381
417	[0, 1]	31.0	0.975371869264329	0.9977297994437513	0.9899276812456119	188.37768967582795	339.60455012556554	80.73202507680554	0.0026042588734453403
417	[0, 1, 2, 3]	23.0	0.9484800300252386	0.9896141781866056	0.9794096524691078	518.7784325945432	903.6941452344242	61.27795408924301	0.0026642588734453482
417	[1, 2, 3]	26.0	0.9426508713844322	0.9648427765395129	0.9890598706462053	496.3270728088912	853.8022345996421	69.11473070957904	0.0026582588734453474
417	[0, 4]	42.0	0.9725430597331555	0.9829238171399499	0.9952797624156133	227.36418619688854	405.64334537651234	120.69380132831178	0.0028736619363883757
418	[1, 2]	36.0	0.8670139259354034	0.9757975775919169	0.9475348164995319	225.1856855601563	388.8353705053201	96.4173194440326	0.00267825887344535
418	[1, 2, 5]	15.0	0.8042680091042798	0.946652763535139	0.9229482705257619	260.17688857839624	447.15404220238673	40.608883101680306	0.002707258873445354
418	[3, 5]	46.0	0.8490388089252522	0.9062889027040032	0.9709416945188931	179.43419544423577	313.2180700958828	129.79644907386498	0.002821661936388369
418	[3, 4, 5]	17.0	0.8846558257402499	0.9926143338083847	0.945665663547131	258.21560692033967	459.1095728294086	48.461252918602334	0.0028506619363883727
418	[4, 5]	16.0	0.9519038690734406	0.9889449551073689	0.9830334967450527	113.77261449434391	204.21017443059242	47.97859098221428	0.0029986619363883923
419	[5, 7]	39.0	0.8953418343474158	0.9841161149917361	0.957981451925712	77.90712637148648	144.7662245345005	112.5018155191467	0.002884661936388377
419	[5, 6, 7]	34.0	0.9206401223369319	0.984121265795545	0.9686547503265593	103.52056306770402	187.45528569486305	99.23450583720498	0.0029186619363883817
419	[4, 5]	12.0	0.8274330571396773	0.9002316116698568	0.9625220870087468	101.66428211061148	169.44047018435248	35.05994323666058	0.002921661936388382
419	[4, 5, 6, 7]	9.0	0.8809595248637659	0.9187912689170654	0.9795600179668922	154.13554385447046	271.81358700614044	26.528957427495467	0.0029476619363883855
419	[6, 7]	22.0	0.8554852462482536	0.9654032564100271	0.9463154882678184	52.47126174385897	102.37311682178796	67.13656260054479	0.0030516619363883993
421	[0, 1]	25.0	0.9425458435288062	0.9957579561047859	0.9756009605094742	134.1219567253676	297.8807011271878	62.581471836133176	0.002503258873445327
421	[1, 2]	39.0	0.8814306220222338	0.9910165246707784	0.9476850908761731	273.6089070214288	494.940028866092	102.6190960643684	0.002631258873445344
421	[4, 6, 7]	26.0	0.822836513711903	0.9047807303691747	0.9550961698424859	305.22917840894246	538.1994471996261	76.14521034609795	0.002928661936388383
422	[0, 3, 4]	25.0	0.9062595353472473	0.9298093429066948	0.9879181276050479	467.4428907908618	779.0714846514363	66.73147183613372	0.002669258873445349
422	[1, 2, 3, 4]	26.0	0.8986282840060027	0.9133664124833186	0.9921122992770242	604.0177213304183	1020.0224168850596	70.38873070957919	0.002707258873445354
423	[0, 1]	28.0	0.9857619381085224	0.9875927616163312	0.9991753129450524	94.50308569721604	170.7135215196471	74.01124845646967	0.0026432588734453455
423	[0, 2]	11.0	0.9958381476865144	0.99619027278324	0.9998428736796379	116.83347035992436	194.72245059987395	31.54428130027213	0.002867661936388375
424	[0, 1]	20.0	0.9316907643736503	0.9996276251993046	0.9687412766579668	130.71355934440237	256.1217393126631	51.36517746890671	0.0025682588734453355
424	[3, 4]	23.0	0.8099710994932368	0.941168477965986	0.1780803019909145	121.98989303765869	218.22627901095328	65.22022453693252	0.0028356619363883707
424	[4, 5]	9.0	0.9349378738529989	0.9916594914096436	0.97382999962067	112.0239615263777	412.32008734428325	28.12195742749568	0.003124661936388409
425	[0, 1]	50.0	0.8711017618267387	0.9585100112551579	0.9573656106571522	133.47081398414602	248.61513741538676	127.8629436722667	0.002557258873445334
425	[1, 2]	44.0	0.8418225036710439	0.9250676364505717	0.9580489087186291	150.4056408131012	276.9858495535308	116.39139043159521	0.0026452588734453457
425	[0, 1, 2]	35.0	0.8339380782760897	0.981598854685458	0.9229018477349243	244.65616365661376	447.16040468765055	91.814060570587	0.002623258873445343
425	[2, 3]	36.0	0.8010755024289755	0.9930827800689939	0.9037865679248815	273.1441627380635	468.4766223815901	96.16531944403258	0.002671258873445349
426	[0, 1]	27.0	0.9998690850250546	0.9998690850250546	1.0	358.41728002068663	611.6188752494094	77.66987228248615	0.002876661936388376
427	[0, 1]	48.0	0.9614695154098343	0.9871198478152394	0.9883294588360387	117.43748775378441	314.35660567830223	118.09242592537542	0.002460258873445321
428	[0, 1]	6.0	0.9278764313550993	0.9908814533277841	0.9706501420712192	57.03968038818249	166.38033577132038	13.609553240671774	0.0022682588734452957
428	[0, 2, 3]	25.0	0.9048467688002046	0.9801749110871223	0.9621863121309969	82.92756056265183	185.83327576263386	61.856471836133075	0.002474258873445323
428	[0, 2]	44.0	0.8559318613470842	0.9564228546088074	0.9508246998512169	59.08703270888358	146.0990626730201	107.239390431594	0.002437258873445318
428	[1, 2, 3]	46.0	0.9196281258595171	0.9672461892285207	0.9760642617883117	68.53622871351314	137.9205748219907	119.51990817848562	0.0025982588734453395
428	[0, 1, 2]	42.0	0.8513995398006796	0.9732020268647938	0.9370292106535273	80.41120697840546	205.33288008835868	105.51487268470378	0.002512258873445328
428	[0, 1, 3]	46.0	0.8111852936123831	0.9575559447909558	0.921148917260433	80.88020824195074	206.11454886093418	115.47190817848507	0.002510258873445328
428	[2, 3]	36.0	0.8323609280911208	0.9570354622948868	0.9377551122094119	47.21205444399124	78.68675740665206	101.8318297099813	0.0028286619363883697
428	[1, 2]	38.0	0.8285825386249513	0.9402844919084282	0.9434035742772942	44.695700859744875	98.18636173237691	101.24183719092323	0.0026642588734453482
428	[2, 3, 5]	43.0	0.8404596694273435	0.9556986226407876	0.9393342963130497	92.59257901588133	184.5746480743956	125.63146326470043	0.002921661936388382
429	[2, 6, 7]	25.0	0.8105129182557069	0.9838859710560407	0.9081031634895131	244.7398506256973	586.6924705833003	73.71654840970965	0.0029486619363883857
429	[2, 6]	23.0	0.8355503796433	0.9686404816103926	0.934112536757064	225.02886070313684	389.5825713576957	67.93422453693289	0.0029536619363883863
430	[0, 2, 3]	35.0	0.9168514724414996	0.9208736819945778	0.9979400471520997	417.4599417750483	724.4234794545421	99.17816777359296	0.0028336619363883704
430	[2, 3]	25.0	0.9126609932335037	0.9860552280902749	0.9657115646601657	378.2712097488927	659.1089260776162	72.49154840970948	0.002899661936388379
430	[1, 2, 3]	50.0	0.8852430868124274	0.9277265242891689	0.9779329340423665	454.7634411017791	786.5959783324267	144.33309681941887	0.0028866619363883774
431	[0, 3]	24.0	0.9369622717700868	0.9824950907888432	0.9788331326479078	61.49741693138387	114.86343012646785	62.93421296268822	0.0026222588734453427
431	[0, 1]	14.0	0.8783371881945997	0.9696042177480475	0.15509900934068258	84.14593234379835	152.61095581382534	37.383624228234886	0.002670258873445349
431	[1, 3]	27.0	0.9553186188054194	0.9984250261702114	0.9802944086802949	86.2782201192074	143.79703353201236	67.58798958302383	0.002503258873445327
431	[0, 1, 3]	16.0	0.907730774676894	0.9888383275400682	0.9596540643625436	115.96078469719481	205.6357097361528	40.66014197512531	0.002541258873445332
431	[0, 1, 2, 3]	31.0	0.838584840256911	0.9125220736491553	0.9589659036736163	172.17777386245376	299.3306916782511	80.26702507680548	0.0025892588734453383
431	[0, 2]	14.0	0.8535613838682717	0.9901050448958711	0.17786912305268673	85.89955374324636	155.5336581462387	36.50162422823477	0.0026072588734453407
431	[0, 2, 3]	37.0	0.8895967733154334	0.927538326093722	0.07844646428074518	117.71440609664283	208.55841206856616	96.32057831747758	0.00260325887344534
431	[1, 2]	41.0	0.8581378575317588	0.9268817059540467	0.9656914430466665	110.68035693106991	184.46726155178322	107.75861381125908	0.0026282588734453435
432	[1, 3]	34.0	0.8484185115278325	0.9493426082019099	0.9499904148703275	125.84396901964112	209.73994836606857	86.70880169714133	0.002550258873445333
432	[5, 6]	9.0	0.8101560291962624	0.9119407281439015	0.9472419707273421	123.17286529758003	250.37670553044478	26.492957427495465	0.002943661936388385
433	[0, 1, 2]	43.0	0.9490545805173586	0.9603995629082283	0.9944078208240202	366.7825052917742	625.7798732767636	122.87946326470006	0.0028576619363883736
433	[0, 2]	30.0	0.9311641625648959	0.9960333845194386	0.14110839721373772	246.9566121747289	426.0700514150215	85.69985809165121	0.0028566619363883734
433	[0, 1]	40.0	0.826482389550231	0.9852496609299864	0.9214069196615828	340.72624926892206	567.8770821148701	114.46647745553497	0.002861661936388374
433	[1, 2]	50.0	0.8138340922204619	0.937056074662343	0.9370976924865589	145.88214913989736	257.6126130236356	146.1330968194191	0.002922661936388382
433	[2, 3]	39.0	0.9880325614204658	0.999671597970701	0.9947953737955775	104.72414176696093	779.025077149558	122.44681551914803	0.003139661936388411
435	[0, 1]	7.0	0.9518041077607909	0.9999032090811906	0.9781350143129863	101.17920094535441	194.60111141006513	17.97781211411735	0.0025682588734453355
435	[0, 1, 4]	18.0	0.8558454573630551	0.9141042475347133	0.9689882442769218	127.23617843057963	238.02940721877385	46.98465972201614	0.002610258873445341
435	[0, 4]	12.0	0.9141583054747157	0.9648858024108401	0.1351297852192525	79.88981627395022	145.96703635866103	31.803106481344155	0.0026502588734453464
435	[1, 4]	46.0	0.9413265901186021	0.986848282844495	0.9789759275968729	73.40333964185467	135.49066666882155	124.53390817848629	0.002707258873445354
435	[2, 4]	43.0	0.8842519188910808	0.9633338866968071	0.9618682061625645	187.60605926500492	312.6767654416749	122.79346326470007	0.0028556619363883733
435	[3, 4]	38.0	0.9312657993528987	0.9873016283743214	0.9740110707327341	138.6886426136158	245.587694757102	109.92115358275838	0.0028926619363883782
436	[0, 1]	30.0	0.9275543832514472	0.9320352533019808	0.9978581194988898	146.44483492300324	244.07472487167212	81.03776620336059	0.002701258873445353
436	[1, 2]	43.0	0.9987548015119554	0.9993248458985798	0.9997464034212363	45.51572578054341	123.41209934991146	135.73646326470177	0.0031566619363884133
437	[0, 1]	12.0	0.9988134949900931	0.9990225005834276	0.9999070080066236	129.03809740231415	215.06349567052354	31.347106481344095	0.0026122588734453413
438	[0, 1]	45.0	0.8552847416101431	0.9766678447293499	0.9409081371079059	109.16107480752055	194.97725181483642	119.03664930504056	0.0026452588734453457
438	[6, 7]	11.0	0.8573714160011581	0.9916639141480988	0.9352031189323305	125.97120162148056	271.27069334024674	33.33728130027236	0.0030306619363883965
439	[1, 2]	21.0	0.9535160991711249	0.996726522921455	0.980280734976855	288.28823424356034	507.1653326554648	56.74743634235242	0.0027022588734453533
439	[3, 4]	47.0	0.9631171940238465	0.9938365592668029	0.9860484653226435	103.8401280192663	203.66162720084688	135.81411101025375	0.002889661936388378
440	[0, 1]	41.0	0.8940054855381633	0.9768275877874422	0.9605355976267668	317.7118154709599	542.6751595981295	108.94761381125925	0.0026572588734453473
440	[2, 3]	28.0	0.9000279812548383	0.983099044032499	0.9607770262101051	408.3170535929769	694.71960024523	80.09853421887448	0.002860661936388374
440	[2, 3, 5]	30.0	0.8893546361418675	0.9645078476795952	0.9617565974380798	427.2011166837827	741.9297579722446	85.90985809165123	0.0028636619363883744
440	[4, 5]	39.0	0.9902783927088032	0.9962241600272618	0.9973387056756825	77.64249974429389	487.8984326281751	136.01881551914983	0.003487661936388457
441	[0, 1, 2]	16.0	0.9974201937173182	0.9974201937173182	1.0	282.33705273407793	483.98539811932966	42.180141975125515	0.0026362588734453445
441	[0, 1]	37.0	0.9619412167233392	0.9831237614817122	0.990318479256317	201.43260219720904	349.1446472245482	99.02157831747795	0.00267625887344535
442	[0, 1, 2]	26.0	0.8979271650048992	0.9878601650884972	0.9549786919976493	449.05552189625143	774.9874518986646	69.16673070957904	0.0026602588734453477
442	[1, 2]	40.0	0.8751087106095338	0.9587357611357241	0.9594386241539455	339.0825670148846	578.6071753247952	106.61035493781392	0.0026652588734453484
442	[1, 2, 4]	23.0	0.8638554460869614	0.9194491035693678	0.9706155719991794	381.5080739264361	663.4581891478983	62.26695408924314	0.002707258873445354
442	[3, 4]	49.0	0.829988559274755	0.9817950976838384	0.9249472396122905	203.30789619741984	352.98832929955023	139.14343488303018	0.002839661936388371
443	[0, 1, 2]	35.0	0.8663591992190717	0.9657539371349997	0.9488334160078196	283.3233599501857	472.2055999169761	93.66906057058725	0.00267625887344535
443	[1, 2]	31.0	0.8310219937817117	0.996347242818073	0.9188021050502134	251.37616930572327	418.9602821762054	82.74702507680581	0.002669258873445349
443	[0, 3]	16.0	0.9801231440393797	0.9981667201631856	0.9918760987113673	93.33073792784052	155.55122987973422	45.75459098221398	0.002859661936388374
443	[0, 3, 4]	44.0	0.9583761662468929	0.9588520213211211	0.9997665316117998	156.1226905130111	275.1549490895829	126.79312520108857	0.0028816619363883768
443	[0, 4]	13.0	0.9123309221187796	0.9583392653103019	0.13298078765879748	94.73914322963297	172.84903695061936	37.87760517304895	0.002913661936388381
443	[3, 4]	30.0	0.9381583469791619	0.9563206364045017	0.9914419679593486	124.17549986854867	221.90963134881218	89.32985809165169	0.0029776619363883895
444	[0, 1]	50.0	0.9335768641251208	0.9929865499543947	0.9725971272225958	43.500242498547	118.78578806787752	118.66294367226548	0.0023732588734453096
444	[0, 1, 2]	37.0	0.8882321707606533	0.9745560950913618	0.9562270347127907	75.01236134054479	171.30598613787382	91.02957831747688	0.002460258873445321
444	[1, 2]	38.0	0.9331326805412634	0.9915923771542954	0.9728574299070332	54.18393858391016	90.30656430651696	94.17383719092228	0.0024782588734453236
444	[0, 2]	41.0	0.8655980452873342	0.970984426744139	0.9489758538156824	52.3405415986324	133.51961990135317	102.83861381125843	0.0025082588734453275
444	[3, 4]	27.0	0.8399329920343178	0.9880359041758885	0.9262076603999578	282.88264443134466	471.471074052241	71.74598958302437	0.0026572588734453473
444	[0, 1, 3, 4]	29.0	0.8227854148220782	0.9695492156152334	0.9195258915215525	326.38288692989164	590.2568621201185	77.17650732991508	0.002661258873445348
444	[5, 6]	40.0	0.8453821457653086	0.9841021335642037	0.9345652524782933	103.2480540020184	172.080090003364	115.78647745553513	0.0028946619363883785
444	[1, 2, 5]	36.0	0.8610873878420997	0.901677795727618	0.9783981641797335	113.58346453134416	189.30577421890692	104.63982970998168	0.00290666193638838
444	[1, 6]	45.0	0.8832313793740102	0.912900268794652	0.9854077484396223	66.5203477964968	110.86724632749467	134.6247871374776	0.0029916619363883914
445	[1, 2]	30.0	0.8935752528953952	0.9468703191164806	0.9743682242537023	279.44623633448504	478.91611393445754	79.71776620336043	0.0026572588734453473
445	[3, 4]	31.0	0.8604797041694078	0.9287687414837454	0.9660558404189802	243.9907202946017	486.9290844662956	89.79652002803974	0.0028966619363883788
446	[0, 1]	21.0	0.9019334158968463	0.9755364836917771	0.96489973478534	119.76758484520462	236.92380853294046	51.53943634235173	0.0024542588734453204
446	[3, 4]	29.0	0.8108593000374436	0.9815735116008856	0.914914142429284	209.8716356954287	376.6926794533336	77.08950732991507	0.0026582588734453474
446	[1, 3, 4, 5]	39.0	0.8167119416916633	0.9255737111141964	0.09090497447469513	282.5999585328617	510.1665351059281	105.11509606436874	0.0026952588734453524
446	[7, 8]	41.0	0.8482466958621214	0.9513448283299196	0.9488365223583022	100.50881822272073	228.21622316934244	125.52813939192443	0.0030616619363884007
447	[1, 6]	20.0	0.8256755855130931	0.901803760278684	0.9609459951703457	120.25054455975491	213.57014662251876	51.58517746890674	0.002579258873445337
447	[5, 6]	46.0	0.908403189932814	0.97273415896333	0.9696187513402326	128.01027234301077	213.35045390501796	134.21244907386557	0.0029176619363883815
448	[1, 2]	29.0	0.965181400238685	0.9700504866311273	0.11334899253171284	287.6422462528908	492.6992246052893	76.24850732991496	0.0026292588734453436
448	[0, 1, 2]	18.0	0.9621251069169092	0.9710013103221642	0.9956783732981864	405.87955463372197	702.898883948989	48.06465972201628	0.002670258873445349
449	[6, 7]	45.0	0.9020788554099113	0.9945898427875214	0.9566342692530183	42.049139753330564	84.23588399961744	139.88978713747832	0.003108661936388407
450	[0, 4, 9]	43.0	0.8186609713768062	0.9864571516226303	0.14710615004165592	160.3041374390662	279.40780985926125	115.93913155815015	0.0026962588734453525
450	[7, 8]	8.0	0.802682943611266	0.9800420404474621	0.9098668778358782	123.75020350108808	221.0368981712621	24.437295491107196	0.0030546619363883997
451	[1, 6]	19.0	0.8427111772467586	0.9017302800997777	0.9699511115992396	94.63782315243914	185.55963339401757	48.49291859546133	0.0025522588734453334
452	[0, 4]	36.0	0.8806755340459337	0.9571897760423432	0.9628758549757448	80.23071330187315	146.86056185300833	91.845319444032	0.0025512588734453332
452	[4, 5]	35.0	0.9858510791215568	0.9987832985813685	0.9942035679645089	42.18866864389661	70.31444773982768	104.77816777359371	0.0029936619363883916
452	[0, 5]	36.0	0.9113064558237656	0.9971176588853423	0.9599685637028822	72.35668868106964	133.73718748500252	94.40131944403234	0.0026222588734453427
452	[1, 2]	27.0	0.8227140936752538	0.9494980323977991	0.9352628438964734	241.3978873860889	429.1550304621277	71.36798958302433	0.0026432588734453455
452	[0, 1, 2, 4]	21.0	0.8032945390591852	0.92576323022497	0.930903672032216	321.62860068796203	576.015592315136	55.508436342352255	0.0026432588734453455
452	[1, 2, 4, 5]	16.0	0.8172120120323504	0.9222112254241249	0.08907390189530118	283.58655602998556	499.4694782019553	42.35614197512554	0.002647258873445346
452	[3, 5]	45.0	0.8485229040602909	0.980184247168993	0.17541356037362157	246.57485995484907	410.9580999247484	128.5047871374768	0.0028556619363883733
453	[0, 2, 3, 5]	32.0	0.8191775788729408	0.9681321195641622	0.9183574347722592	253.76467986472966	422.94113310788276	83.33628395025089	0.0026042588734453403
453	[1, 2, 5]	37.0	0.8380187767808359	0.9561674913837171	0.9377688229992425	206.37809757632624	356.98099918586604	96.83857831747765	0.002617258873445342
454	[2, 4]	36.0	0.8879003678392292	0.963116266109478	0.9638264466870485	93.81480547282287	156.35800912137145	101.65182970998129	0.002823661936388369
454	[2, 3, 5]	9.0	0.8604458237911479	0.9767003189645227	0.11857379696383298	215.74287932565255	374.3428899678045	26.141957427495417	0.00290466193638838
454	[2, 3, 4, 5]	37.0	0.8856957472069102	0.9620325072840179	0.9598297998173122	250.2786172278695	431.9024531381661	107.36149164637004	0.0029016619363883794
454	[3, 5]	41.0	0.8082601136999868	0.9655939893461846	0.19043745845319396	156.4638117550466	275.5444440167946	119.78813939192366	0.002921661936388382
454	[2, 3]	32.0	0.8173517061612511	0.9329632614947101	0.941113394303549	135.97718743038104	226.62864571730174	93.74918196442826	0.002929661936388383
455	[0, 1]	22.0	0.8502861578344242	0.9187396642701181	0.9655698009732302	239.06201741736848	449.7298488589223	56.80969521579742	0.0025822588734453374
455	[2, 3]	47.0	0.9671451722770965	0.9999659672792462	0.9851671196202082	143.9110104902352	239.85168415039197	123.71616705193117	0.002632258873445344
455	[1, 2, 3]	21.0	0.8296573921306791	0.9298366480272292	0.9461754237550302	291.58624685590956	511.88501429768684	55.277436342352225	0.002632258873445344
455	[4, 5]	50.0	0.9266016529828927	0.9918774624182195	0.9697208308002262	291.43161735388423	499.9678637206798	141.48309681941848	0.00282966193638837
456	[0, 1]	27.0	0.9399682090754569	0.9399682090754569	1.0	225.40703608480337	425.154731698406	70.3959895830242	0.0026072588734453407
457	[0, 1]	14.0	0.940399418248147	0.9451947958139665	0.9977608770484634	176.62180879647173	345.5567370891654	35.143624228234586	0.002510258873445328
457	[0, 1, 2]	50.0	0.9155513329835746	0.9740525174188387	0.9708690031256746	216.40449214085749	411.86120932980833	126.06294367226647	0.0025212588734453293
457	[2, 4]	18.0	0.8956760204721217	0.9083992390758469	0.9937380909392838	65.0626240832067	108.4377068053445	51.05991485499067	0.002836661936388371
457	[0, 1, 2, 4]	12.0	0.8261908510622905	0.9487975508062921	0.9326715204621915	241.68443287967844	453.9944438945099	30.951106481344045	0.002579258873445337
457	[0, 2]	48.0	0.8800240980202029	0.991341075732908	0.9471130086513353	123.95019474701509	232.08896439733707	123.9484259253762	0.0025822588734453374
457	[1, 2]	45.0	0.8179469001823692	0.9152650437027364	0.9499882258204637	132.23698073822814	246.07671717311425	118.85664930504053	0.002641258873445345
457	[3, 4]	17.0	0.8260114411100414	0.9646454229107032	0.9309130631818449	179.06768483769213	298.4461413961535	46.023400848571015	0.002707258873445354
458	[2, 3]	10.0	0.849281883359433	0.9796714464253254	0.9362801302558978	128.68410867903296	214.47351446505496	26.0225887344534	0.00260225887344534
458	[1, 2, 3]	37.0	0.8139701292242975	0.9873131131797381	0.9085058861986894	358.16150524543514	623.312554324737	96.83857831747765	0.002617258873445342
458	[1, 2]	25.0	0.8511338812324929	0.9199661224764254	0.965459460217153	301.73159247054247	529.2626996999159	66.28147183613366	0.0026512588734453465
458	[4, 5]	23.0	0.9571193853212183	0.997953043694239	0.9814042198642452	154.6947681101606	257.82461351693433	66.69222453693271	0.002899661936388379
459	[0, 1]	40.0	0.9277710354058623	0.9395845337177234	0.9943763734435966	62.137402895743634	139.302620755047	106.57035493781393	0.0026642588734453482
459	[1, 2]	9.0	0.9867608020700243	0.9964355300433142	0.9956635842190277	111.02211197774162	185.03685329623605	26.10595742749541	0.0029006619363883793
461	[0, 2]	34.0	0.9197630652565449	0.9430302099031558	0.9889075666078011	146.8700520830755	269.9095628739741	88.27280169714153	0.0025962588734453392
461	[1, 2]	38.0	0.9558531707967648	0.9910327296556045	0.9839489443122734	215.68965277780217	359.48275462967024	100.06383719092307	0.002633258873445344
461	[3, 4]	47.0	0.9742180346619909	0.9995651022151517	0.9885793484570123	286.5869654938872	492.210339834375	138.11711101025406	0.0029386619363883843
463	[0, 1]	41.0	0.9771906839396086	0.9947318317144652	0.9921064706832392	237.03730352675177	408.2364426559655	109.07061381125925	0.0026602588734453477
463	[1, 3]	50.0	0.8855090194664084	0.9596293494060253	0.9642391053135352	100.77231719858872	182.56078231729694	141.08309681941844	0.002821661936388369
463	[2, 3]	40.0	0.9099227668484453	0.9644895040619935	0.9741166093207645	277.0652307480119	490.76338259336796	114.0264774555349	0.0028506619363883727
463	[1, 2, 3]	36.0	0.8996652300628581	0.912506106074379	0.9933348792485482	316.48848260407453	556.4688023534723	102.40782970998139	0.002844661936388372
463	[1, 2]	25.0	0.8688291211218071	0.9030391551314019	0.9827909390465493	255.13941726154843	439.61343979627975	71.39154840970933	0.0028556619363883733
464	[2, 3]	38.0	0.9534968777681293	0.9870844158384106	0.9846200336756696	247.67548824307028	426.9678248518131	108.81915358275823	0.0028636619363883744
465	[0, 1]	38.0	0.8712872429016497	0.9835247000270433	0.9461147613133687	177.26627687813414	334.0125981333855	96.71983719092263	0.0025452588734453324
465	[1, 4]	27.0	0.9786212607833265	0.9958853758290898	0.9922287355747237	49.78453800614835	82.97423001024725	83.01587228248685	0.0030746619363884024
467	[5, 6, 8]	34.0	0.8311360550845185	0.9764526602421416	0.9232451622727489	283.60306416442734	517.9392679000794	98.28250583720485	0.002890661936388378
467	[7, 8]	37.0	0.9394729660615735	0.9932045232505814	0.9752504299024759	36.36688828134191	106.40958907996459	123.82649164637223	0.0033466619363884385
467	[7, 8, 9]	48.0	0.9177562662814316	0.963619600439319	0.977168615452347	149.3899870226886	380.40497996807767	169.1837729466462	0.003524661936388462
467	[8, 9]	31.0	0.9088487320399322	0.9809379988374198	0.966366786817829	131.61394079327846	335.9648643945524	113.04652002804283	0.0036466619363884783
467	[7, 9]	36.0	0.8920347733996007	0.9645756023729064	0.9656286433199371	130.79914497075677	318.4355064616384	128.9038297099849	0.0035806619363884695
468	[8, 9]	28.0	0.8210781954398206	0.9028128637158298	0.9577739540821031	51.19711542288481	85.328525704808	90.48653421887586	0.0032316619363884232
469	[4, 5, 6]	12.0	0.8896800807756897	0.9406988288356206	0.9737235458430251	69.58431193524528	130.9417487993181	37.663943236660934	0.003138661936388411
469	[4, 5]	35.0	0.8591412897419686	0.9700504222086246	0.16518014271929451	60.60357459089969	101.00595765149949	107.40316777359406	0.0030686619363884016
469	[4, 6]	45.0	0.9400570313268051	0.9979890798172659	0.9734209695477349	43.140309864247335	86.86841201432154	136.7397871374779	0.0030386619363883976
469	[5, 6]	41.0	0.9249588661015182	0.9843145529388043	0.9723970295504936	35.42473941534353	74.00912793281519	128.52113939192483	0.0031346619363884103
470	[0, 1]	18.0	0.9472931562863693	0.9904039010078666	0.9801777795574173	125.25431499662795	221.79509135507539	45.99465972201601	0.0025552588734453338
470	[0, 2]	48.0	0.8144348058705899	0.9081438789147283	0.1597887808920744	182.15955498301167	316.6371579990482	127.50042592537666	0.002656258873445347
470	[1, 2, 3]	48.0	0.8932922958219133	0.9603500085506542	0.09293006450930716	257.4544396526781	429.09073275446355	129.94842592537697	0.002707258873445354
471	[1, 2]	49.0	0.9932217237781394	0.994227078890108	0.9995503535909999	137.6865973792729	321.53913556189656	147.96343488303134	0.003019661936388395
472	[0, 1]	14.0	0.8582897942489327	0.9233415802977242	0.9674795255200472	120.82255459393227	295.70442892038807	35.479624228234634	0.002534258873445331
472	[1, 2]	24.0	0.8191758332489213	0.9679299672023155	0.925575542831987	126.01399936471397	223.05012320892197	61.71021296268806	0.002571258873445336
472	[1, 2, 3]	47.0	0.9560830658490479	0.991270049720066	0.9829361953163367	214.97136187861216	371.3123940654189	124.13916705193122	0.002641258873445345
472	[2, 4]	29.0	0.8995424283686292	0.9288671719169402	0.9856589292958304	150.12132241191216	250.20220401985367	83.01719615526287	0.0028626619363883742
476	[0, 3]	37.0	0.9321023845926544	0.9932138065929516	0.9717732477822495	256.9176337226041	428.1960562043401	99.42857831747799	0.0026872588734453513
476	[4, 5]	29.0	0.9110789217386431	0.9984966494507377	0.9592870765145811	342.7026874352935	600.485034723692	84.14819615526301	0.0029016619363883794
476	[3, 6]	50.0	0.9631642553530786	0.9926765008968383	0.986588879703866	82.15725048634181	216.26766018560286	152.0830968194199	0.003041661936388398
477	[0, 1]	12.0	0.9664815062348958	0.9734252562885297	0.9968192681988278	100.1414392094229	1578.116424071012	29.27110648134382	0.0024392588734453184
477	[1, 3]	30.0	0.8807261940188217	0.9080412299020731	0.9864028669486531	86.24508475324544	156.34509552636223	78.51776620336027	0.002617258873445342
477	[2, 3]	22.0	0.8741740192451596	0.9749674753326201	0.951768023468138	204.10491848838979	340.1748641473163	63.08856260054426	0.002867661936388375
478	[0, 2, 3]	20.0	0.8181796404685424	0.9367048124561278	0.12239876981207963	423.48388767018554	732.2351848081219	53.12517746890694	0.002656258873445347
478	[1, 2]	45.0	0.8167863752696329	0.9920344454853031	0.9130029436507259	232.3651266361747	400.6735400390782	119.53164930504062	0.002656258873445347
479	[0, 1, 2]	33.0	0.9598414425105225	0.9847761880993011	0.9879189386169169	335.7128954525486	559.5214924209145	87.2275428236964	0.0026432588734453455
479	[0, 2]	42.0	0.9676119872639205	0.9760520883101849	0.9961457504810072	231.6856804430714	386.14280073845237	113.41087268470483	0.002700258873445353
479	[1, 2]	29.0	0.8897631793184116	0.9140963108468615	0.9880175242156838	248.51565864897128	414.1927644149522	78.51050732991527	0.002707258873445354
479	[3, 4]	21.0	0.9465083881582959	0.9777071624303524	0.9855919429819266	221.72289820264444	399.3831202343016	63.55990066415632	0.003026661936388396
480	[0, 1]	35.0	0.8764139221267548	0.9228540904174548	0.9767678829218752	213.83104974048226	356.38508290080375	100.05316777359307	0.0028586619363883737
480	[0, 2]	50.0	0.8898710622709219	0.9019573742886878	0.9940289780156304	164.1185240103522	818.5440070607956	141.68309681941852	0.0028336619363883704
480	[0, 1, 2]	20.0	0.9076091710446124	0.9144490638053446	0.9964668323617607	233.6497091481262	934.4293156237522	57.25323872776748	0.0028626619363883742
480	[1, 2]	32.0	0.9904412894989256	0.994360876183553	0.9982437924077491	89.34984454541795	693.9295412859051	96.05318196442856	0.0030016619363883927
480	[2, 3]	40.0	0.9928596113333216	0.994233887150618	0.9993851121693503	278.1394776204757	615.4820324639386	141.7064774555386	0.0035426619363884645
481	[0, 1, 2]	21.0	0.9698283614005347	0.9845767346795918	0.9928972665445502	272.5032803662695	480.34275227109833	55.802436342352294	0.0026572588734453473
481	[1, 2]	29.0	0.9693371234899111	0.9854775973792254	0.9926489816871711	226.90491888568206	391.67927161440053	77.2635073299151	0.0026642588734453482
482	[0, 1]	45.0	0.9754702951439782	0.9781566087453704	0.9987647691117187	93.7299491905626	182.2998978470221	114.80664930504	0.0025512588734453332
482	[1, 2]	49.0	0.9442155260530988	0.948870305153481	0.9978192744372139	74.19749163100651	136.84580057917094	132.65568479882234	0.002707258873445354
482	[2, 3]	43.0	0.9864724635362518	0.9970134274928097	0.9952570646520471	64.06621755740836	319.24519793760754	130.96346326470112	0.0030456619363883985
483	[0, 1]	29.0	0.9173226014386983	0.9793706267679297	0.9708923461553248	93.32926556463931	181.4735719312431	74.85650732991478	0.0025812588734453372
483	[0, 2]	35.0	0.8536317596914005	0.9581216953317674	0.16265134029622602	237.84308486341115	409.22437194355314	92.05906057058704	0.0026302588734453437
483	[1, 2]	41.0	0.8718166712219012	0.9667702285847002	0.9539096744095494	238.8738907954018	411.2287168113127	108.04561381125912	0.0026352588734453444
483	[0, 3]	45.0	0.9155264263135211	0.961887327706013	0.13307647916030696	288.40644338550504	493.496636147043	119.98164930504068	0.0026662588734453485
483	[0, 1, 2, 3]	27.0	0.8058453951722093	0.9028318615145926	0.9447695569299713	527.2803341809068	904.7253529583556	72.25898958302444	0.00267625887344535
484	[8, 9]	38.0	0.8333345703672262	0.9899314765126563	0.9231927217559646	26.053074402990596	58.24431710010459	126.41315358276056	0.003326661936388436
486	[1, 2]	9.0	0.994671186993995	0.9976275489105142	0.9986809794099479	118.53785298081416	197.56308830135694	26.420957427495456	0.002935661936388384
487	[0, 1]	19.0	0.9898092162302669	0.9980178612956415	0.9963281200001132	306.37955682917163	510.63259471528613	51.437918595461724	0.002707258873445354
487	[2, 3]	36.0	0.9749577556587211	0.9965318193378199	0.9902760545772794	326.20618261473544	543.6769710245591	101.97582970998133	0.0028326619363883703
488	[0, 1]	47.0	0.9884782314416832	0.9959933374750752	0.996633732101514	114.71483684924583	229.44664850142388	117.08916705193029	0.0024912588734453253
488	[1, 2]	43.0	0.95464011357964	0.9872207208962829	0.9850785283910897	118.09886377288959	222.8759648135575	116.3691315581502	0.002706258873445354
488	[0, 2]	46.0	0.985368149355977	0.9954542342664057	0.9954783616614868	171.33369777093026	324.2392740416373	119.01390817848555	0.002587258873445338
488	[0, 1, 2]	49.0	0.9762774984542761	0.9774705289896655	0.9994251491895165	202.07369919653283	388.28094367830937	127.46168479882166	0.00260125887344534
489	[0, 1, 7]	19.0	0.8499601355636026	0.9294959911565344	0.957870910961136	242.51036515437838	430.15558574670456	48.47391859546133	0.0025512588734453332
489	[0, 1]	21.0	0.8304825657585416	0.9983842388639605	0.9183788251291611	233.68926676797426	415.45375510269764	53.639436342352006	0.0025542588734453336
489	[6, 7]	9.0	0.907494129366868	0.9855765675921215	0.9632986043712147	95.27705433398485	158.79509055664147	26.23195742749543	0.002914661936388381
490	[0, 1, 2]	44.0	0.8136100742327171	0.9063827126039116	0.9489220229490989	371.278535424549	658.3478023476501	115.81939043159514	0.002632258873445344
490	[1, 2, 3]	46.0	0.8461372182263898	0.9180103501292562	0.961566066875321	391.8262481853361	679.5307410949107	122.46390817848601	0.002662258873445348
490	[5, 6]	34.0	0.8885405108235042	0.9897285600773755	0.9519671254184998	163.62812834308144	287.68427346073224	97.60250583720476	0.0028706619363883753
490	[4, 6]	43.0	0.8955660938985756	0.9654268225309396	0.9665841284492585	120.6191038076602	216.00256590169676	123.95446326470021	0.002882661936388377
490	[4, 5, 6]	21.0	0.8681078782448887	0.9534383537411746	0.9558090942292891	248.31748921731014	428.8332082511134	60.49390066415591	0.0028806619363883766
491	[0, 9]	30.0	0.8601370450051652	0.992210261939427	0.9364766197347177	38.20740476251603	76.10564859297125	75.7877662033599	0.00252625887344533
491	[9, 10]	42.0	0.9355992655103967	0.9826879719523481	0.9781400673097964	36.860322677739404	93.07482167211045	151.14380132831582	0.003598661936388472
492	[0, 2]	27.0	0.8475732428126406	0.9322243873302181	0.15347795154350047	73.31368504006946	122.18947506678244	76.96787228248606	0.0028506619363883727
492	[1, 2]	36.0	0.9674820532455872	0.9858633726818476	0.9916117977909175	249.97491648523715	416.6248608087285	97.0293194440327	0.0026952588734453524
492	[0, 1, 2]	42.0	0.9463211326518766	0.9542596896948173	0.9960687207213794	289.64670540663997	482.74450901106655	111.18487268470453	0.002647258873445346
492	[0, 1]	24.0	0.8536997685810209	0.9119340491613972	0.9706274838071651	256.00480928797333	426.67468214662216	63.55821296268831	0.002648258873445346
492	[2, 3]	18.0	0.9680086492186681	0.9970606074965788	0.9868594147162364	136.15415583901836	226.92359306503062	52.33791485499084	0.00290766193638838
492	[0, 3]	31.0	0.8076967859183116	0.9446027715847751	0.9300269245920031	142.18404864175454	236.9734144029243	87.47152002803944	0.002821661936388369
493	[0, 1]	43.0	0.9806650320539413	0.984444287559091	0.9982918483828399	118.10577628096586	209.74417469231327	113.48813155814983	0.002639258873445345
493	[2, 3]	25.0	0.9614805213283503	0.9925192219453547	0.9858991751967379	204.71037214688948	341.18395357814904	71.64154840970936	0.0028656619363883746
494	[1, 2]	44.0	0.9308672514723593	0.9630614926995835	0.9849093429600145	44.925389594648436	99.83419909921875	106.53539043159391	0.002421258873445316
494	[0, 2]	37.0	0.8845469918392215	0.983844425298549	0.15847310023279104	312.9219438476125	670.6253040550818	91.39957831747692	0.0024702588734453225
494	[0, 1, 2]	48.0	0.9026824534401776	0.9476618370229413	0.9771432480405051	334.5798721881169	718.7540337006471	117.9484259253754	0.0024572588734453208
494	[0, 1]	35.0	0.8462694847405748	0.9746765459716848	0.9373272505222755	311.3124109339729	667.0485642469938	86.73906057058632	0.0024782588734453236
495	[3, 4, 5]	34.0	0.9076782792190993	0.9364874757664056	0.9852901467392409	181.98980904363262	318.18448919673557	99.26850583720498	0.002919661936388382
495	[3, 4]	49.0	0.8549807916896828	0.9756753102240421	0.9411460585020295	128.46450219718008	214.1075036619668	139.63343488303025	0.0028496619363883725
495	[3, 5]	27.0	0.8426365327288815	0.9658669303772226	0.9391218120196887	112.91411648000114	203.05833492401652	79.18187228248635	0.0029326619363883835
495	[4, 5]	27.0	0.8643033262387552	0.9461221083428358	0.9597413861033743	122.60099941008401	219.20313980748796	81.15287228248661	0.0030056619363883932
496	[0, 5]	19.0	0.9490494451498145	0.972306975701305	0.9892439989233929	47.389368507493366	91.709546292846	48.30291859546131	0.002542258873445332
496	[1, 5]	43.0	0.8514433477559981	0.967389823427313	0.9430103479592529	88.58325298325069	147.63875497208448	111.33813155814954	0.0025892588734453383
496	[0, 1]	43.0	0.8366386866527719	0.9508126567415758	0.9429428142115162	102.28475862147123	183.20186314947577	113.61713155814984	0.0026422588734453453
496	[2, 3, 5]	35.0	0.8035581360630133	0.9047290934994509	0.9440919942689104	365.0590014820537	621.9387052461987	93.45906057058721	0.002670258873445349
496	[4, 5]	37.0	0.8848560715281781	0.9820761139402341	0.9536950925853035	152.34547454137785	253.90912423562978	105.43749164636978	0.0028496619363883725
497	[0, 1]	23.0	0.908795292150295	0.9612681111267514	0.9750943593195696	100.67136572672062	193.58475988726792	60.03595408924284	0.002610258873445341
497	[0, 1, 3]	50.0	0.8901437451827005	0.9429365411222239	0.9728705490900521	142.96823892756206	264.079548555337	134.11294367226753	0.0026822588734453506
497	[0, 3]	37.0	0.9193685697918963	0.9716388770799573	0.9754072088697489	80.90446639817549	147.70997506273716	99.90957831747805	0.002700258873445353
497	[3, 4]	22.0	0.8921807601483078	0.9745412638084241	0.9607938581439188	215.1546988973217	372.99598363690956	63.990562600544365	0.0029086619363883803
497	[2, 3, 4]	28.0	0.9066533913690225	0.9948708053998236	0.9563134143327892	274.3252842573021	471.61362590354344	81.8065342188747	0.002921661936388382
498	[0, 1, 2]	23.0	0.968650064594025	0.9692044755981963	0.9997306153899819	544.5317285111291	920.7937715723526	61.39295408924302	0.002669258873445349
498	[1, 2]	50.0	0.8937241895167978	0.9786592462683914	0.9596328268960721	361.80743656863035	603.0123942810505	134.36294367226756	0.0026872588734453513
499	[0, 1, 2]	49.0	0.9325996398924324	0.9913438408751395	0.9711790167011559	134.82334433981484	338.07661168983185	117.41668479882033	0.0023962588734453127
499	[1, 2]	32.0	0.8754509383262283	0.9814779589471242	0.9488166302250164	96.47870675526723	210.26115307467313	77.06428395025006	0.0024082588734453143
499	[0, 1]	46.0	0.8562612742360932	0.9633935519915889	0.9474886886127992	82.71008393321385	226.40533938997257	111.74590817848458	0.002429258873445317
