# INFO_to_save
# N_NVs	500
# C13_fractional_abundance	0.011
# N_spins_per_diamond	100
# seed_0	2899
# HF_cutoff	200
# frac_pass	35.86800573888092
# Apara_bath_edge	94.24777960769379
# Aperp_min	62.83185307179586
# t1	0.0020872588734452717
# t2	0.002707126796037214
# t3	0.002821661936388369
# t4	0.003819286633642569
# t_resolution	1e-06
# N_max	50
# delta_epsilon_target	0.9
# delta_epsilon_non_unitary	0.8

EHE_idx	C_idxs	N	epsilon_non_unitary	epsilon_unitary	gate_fid	k2_seq_duration	k3_seq_duration	parallel_duration	t
0	[0, 1]	9.0	0.8001629453926249	0.9113984752923584	0.9419865264309774	151.02233816344642	264.7716836297651	23.86132986100812	0.0026512588734453465
0	[0, 2]	39.0	0.8000102717337659	0.9117305941346167	0.9416417967140447	273.7567645957429	469.32906101692583	104.45209606436866	0.00267825887344535
0	[0, 1, 2]	31.0	0.8967823038789885	0.9057911482598845	0.9952961000249169	362.0537266438884	616.4906644305017	83.30502507680589	0.0026872588734453513
1	[0, 2]	4.0	0.8661951563194527	0.9017006819467335	0.9821411327356675	53.43186371973999	113.66953608224598	9.929035493781296	0.002482258873445324
1	[0, 1, 2]	18.0	0.8872471757408382	0.9038580066380286	0.9912707077142142	205.26076775700568	380.0360343932384	47.29065972201618	0.0026272588734453433
1	[0, 1]	16.0	0.8619048449203678	0.9002729844169505	0.9806075264340808	188.7535488612847	352.52400290037014	42.30814197512553	0.0026442588734453456
1	[1, 2]	18.0	0.8062496434748254	0.957056784935668	0.9234018250433426	168.33612293298668	293.8785298038608	48.1546597220163	0.0026752588734453497
1	[2, 3]	21.0	0.801504177771569	0.9531310254367633	0.9224746533815215	232.52199019596304	401.9376350799545	60.51490066415592	0.0028816619363883768
2	[0, 1, 3]	20.0	0.8368710871467122	0.9044160044178265	0.9632349176598621	156.5280248048703	286.5054308125532	50.76517746890663	0.0025382588734453315
2	[1, 2]	34.0	0.8027007409094683	0.9592568249574838	0.9216199587889282	172.31581881486431	313.39016036223114	87.35480169714141	0.0025692588734453356
2	[0, 1, 2, 3]	14.0	0.8630146348548243	0.9047881816795336	0.9770673707593494	220.1814445645728	405.8555928619953	36.12362422823472	0.002580258873445337
2	[0, 1, 2]	36.0	0.8058399420279383	0.912068259449278	0.9419474454206347	195.15672006531437	364.14771869656465	93.68131944403224	0.00260225887344534
2	[1, 2, 3]	22.0	0.8035311593151669	0.9067823671487696	0.9436257446537728	197.3405433141227	355.0980345276618	57.79969521579755	0.0026272588734453433
2	[2, 3]	18.0	0.8027192543903094	0.9043668423547977	0.9469171903859906	88.67814425896086	161.05803621487277	48.65865972201637	0.0027032588734453534
2	[4, 6]	42.0	0.8215741166722141	0.9083482209469262	0.9553296762908579	180.41169146734353	300.6861524455726	118.76180132831152	0.0028276619363883696
2	[0, 5, 6]	39.0	0.8036076322430746	0.9425338494159726	0.924984630319483	213.03027190596288	382.11576840672313	113.32081551914682	0.00290566193638838
2	[3, 6]	16.0	0.8051164179461108	0.9994034040113676	0.9029885295963842	51.3285427842729	85.54757130712152	49.80259098221452	0.0031126619363884074
3	[0, 1]	17.0	0.8006342530624361	0.9272417086309053	0.9340825401587948	92.41882479322825	179.70327043127716	43.473400848570684	0.002557258873445334
3	[0, 1, 2]	41.0	0.8300212223760771	0.9012584255506688	0.9612264673180356	140.76686872972087	260.2833436587648	105.09361381125873	0.002563258873445335
3	[0, 2, 5]	49.0	0.8359719048998123	0.9157814449948715	0.9569561697990653	119.49876742495205	211.89806630798785	127.21668479882162	0.0025962588734453392
3	[0, 1, 2, 5]	6.0	0.8020961786666623	0.9280302319813749	0.9290250898165396	166.0771580591363	302.46715920779053	15.721553240672055	0.0026202588734453424
3	[0, 5]	43.0	0.8113635782387455	0.9984200455379502	0.9070407125525707	71.15072348845943	131.31799308050017	113.35913155814983	0.0026362588734453445
3	[0, 2]	40.0	0.8020868499877214	0.9402749078676053	0.929127425851598	94.1884780955366	169.7142507589621	106.13035493781386	0.002653258873445347
3	[1, 2, 3]	30.0	0.802206557492568	0.9382100040845082	0.9256885723911321	265.3288712214194	455.1532272118612	80.25776620336049	0.0026752588734453497
3	[1, 2, 5]	40.0	0.8082897116465181	0.9618532995392812	0.14115113953208772	120.2367239000923	213.33298167631608	108.09035493781413	0.0027022588734453533
3	[5, 8]	16.0	0.8003124979006053	0.9619626324145428	0.9177249676133375	127.34079241726282	274.07132256686066	50.71459098221464	0.003169661936388415
4	[0, 1]	11.0	0.8957049259058623	0.9001153612941374	0.997818793410381	134.06748406614045	223.44580677690072	28.514847607898727	0.0025922588734453387
4	[1, 3, 5]	49.0	0.8324796296091503	0.9199742967000797	0.10594056491815772	383.1410756135712	638.568459355952	139.38843488303021	0.002844661936388372
4	[3, 4, 5]	24.0	0.8182813495562489	0.9620517735668623	0.9234581818236516	454.3155315750024	771.4329808931144	69.39988647332108	0.002891661936388378
4	[2, 5]	39.0	0.8037683748417133	0.9671371884276673	0.9171465339695063	274.2359067326118	471.16875773356037	112.96981551914676	0.0028966619363883788
5	[0, 3]	46.0	0.8052057021611262	0.9463570917079429	0.9275898339920382	44.58339826519334	121.83666683449832	107.78990817848407	0.0023432588734453056
5	[3, 6]	11.0	0.8004613619494307	0.9485101185440775	0.9243469830453779	24.67248381634106	41.12080636056843	40.45428130027331	0.0036776619363884824
5	[0, 6]	28.0	0.8040574454332482	0.905712919479378	0.946643964628888	37.126289222159045	109.40815176277451	69.19524845646903	0.0024712588734453226
5	[0, 3, 6]	15.0	0.8325290240634085	0.9044839376902475	0.9607972475134086	53.19108565184672	136.18281247892062	37.323883101679876	0.002488258873445325
5	[2, 6]	11.0	0.8030945645189133	0.904147109249259	0.9459604629894599	33.398571803686885	55.66428633947814	27.447847607898584	0.002495258873445326
5	[0, 2, 3]	4.0	0.800597533316924	0.9495116587169127	0.919179411554377	69.37428268222683	163.15480752955415	10.081035493781316	0.002520258873445329
5	[2, 3]	28.0	0.8038961900378674	0.948896325723822	0.9259023266957354	40.85568084672117	68.09280141120195	71.9392484564694	0.0025692588734453356
5	[0, 2, 3, 6]	22.0	0.8499944576580309	0.9030672492464114	0.9706088693613532	77.98197006888022	177.50095317397643	56.72169521579741	0.002578258873445337
5	[0, 2]	48.0	0.8022855529745323	0.9538346288892483	0.9201819292903481	53.30948625253916	136.380146813408	124.57242592537628	0.002595258873445339
5	[2, 3, 6]	50.0	0.8168389594982793	0.9220099445079979	0.9428117569647451	49.46336823337456	82.43894705562425	130.262943672267	0.0026052588734453404
5	[1, 2, 3]	35.0	0.8134915891716793	0.9010820541900917	0.9526989148618538	186.6153462832436	311.0255771387393	93.3190605705872	0.0026662588734453485
5	[5, 6]	30.0	0.8000894798672524	0.9772770116215632	0.909334581446709	117.02966152515268	240.2252584329625	89.53985809165171	0.0029846619363883904
5	[2, 5]	50.0	0.8180420899641204	0.9433307751783199	0.9374665596473084	133.2128585555328	267.197253483596	153.48309681942007	0.0030696619363884017
5	[3, 7]	24.0	0.8083307118719222	0.9527227421455765	0.9274261626986747	130.32358973206033	391.7680282098366	75.18388647332185	0.00313266193638841
5	[3, 6, 7]	10.0	0.8026350186105757	0.994974634592148	0.8980665078117108	138.93127711871372	406.1141738542589	32.38661936388424	0.003238661936388424
6	[0, 1]	22.0	0.9000306679279771	0.9000306679279771	1.0	196.54091866231354	327.56819777052254	58.74569521579768	0.002670258873445349
7	[0, 1]	11.0	0.9010228245959101	0.9010228245959101	1.0	129.33114342412836	230.08724446309495	29.229847607898822	0.0026572588734453473
9	[0, 1]	5.0	0.8476183032208148	0.9022333176467753	0.9724909875131023	96.79118762375816	537.2104235138304	11.20129436722646	0.002240258873445292
9	[1, 4]	12.0	0.8073085729909709	0.9204202482113839	0.941610341628262	66.30180511338499	169.47909716741947	28.97110648134378	0.002414258873445315
9	[2, 3]	21.0	0.8016801982716787	0.9156790095068281	0.9417669023334804	201.54324967055962	335.9054161175994	56.264436342352354	0.0026792588734453502
9	[4, 5]	13.0	0.8634679697430602	0.9006843764239914	0.9813902083492918	49.482778096084786	82.47129682680799	40.19160517304926	0.0030916619363884046
10	[0, 1]	38.0	0.8020807796973972	0.9373941474679802	0.9309851029581375	100.25709248088188	318.1245993388055	92.31183719092205	0.002429258873445317
10	[7, 9]	36.0	0.8091521853814797	0.9018374362180925	0.9516781298547801	45.08496941902088	121.27137366401355	104.56782970998167	0.00290466193638838
10	[8, 9]	20.0	0.8084179647746226	0.9261342316589175	0.9394932596269464	151.8362349265235	458.67009113592843	61.81323872776809	0.0030906619363884045
10	[7, 8]	22.0	0.8010384620199772	0.9038703375704409	0.946235668191124	158.97260942640352	453.4461484028057	68.32456260054494	0.0031056619363884065
10	[7, 8, 9]	13.0	0.8002905480189693	0.9853299495000768	0.9013725059400558	177.94690688597396	516.6938066013739	40.412605173049286	0.003108661936388407
11	[0, 1]	17.0	0.9061823945055565	0.9061942393449595	0.9999941906412108	157.4719611062842	378.45335509509806	45.258400848570915	0.002662258873445348
13	[1, 3]	19.0	0.8812061348285527	0.9017303236169376	0.9897645148190606	179.864624599678	299.7743743327967	51.28591859546171	0.002699258873445353
13	[2, 3]	24.0	0.8580866570502698	0.9623907889745251	0.9489037840563274	264.26936470932145	454.639750627103	67.71988647332084	0.002821661936388369
14	[1, 2]	8.0	0.855633244032916	0.9006045798511397	0.9772232114442236	104.7839960339369	238.9813015586529	22.829295491106983	0.002853661936388373
15	[0, 1]	15.0	0.9017586259990804	0.9018558062914488	0.9999521059042307	273.16070047655586	455.26783412759306	40.188883101680254	0.0026792588734453502
16	[0, 2]	28.0	0.8023628473258533	0.988113279668593	0.9066636694366907	86.92493373600641	144.87488956001067	72.69524845646949	0.0025962588734453392
16	[1, 2]	11.0	0.8028381252639541	0.9277132025572327	0.9353050892780467	144.9784879502303	241.63081325038388	28.712847607898752	0.002610258873445341
16	[0, 1, 2]	15.0	0.8063251985534404	0.9041621199454782	0.9459391526693371	175.32731125374966	292.2121854229161	39.24388310168013	0.002616258873445342
16	[0, 1]	25.0	0.8022184614276758	0.912406042570203	0.9427010287663952	118.75120082126259	197.91866803543763	66.10647183613364	0.0026442588734453456
16	[4, 6]	50.0	0.82935963831317	0.9759954527043352	0.1836655313584182	273.15675181656815	455.26125302761346	141.08309681941844	0.002821661936388369
16	[0, 3, 5]	44.0	0.8158692821210881	0.9118086097085623	0.1112641191065098	344.97231839984266	589.2076666596847	125.34112520108839	0.0028486619363883724
17	[0, 1]	48.0	0.8039164123277069	0.9042351015051014	0.9476278017867305	123.64771807757693	218.75122465193272	120.54042592537574	0.002511258873445328
17	[0, 3]	21.0	0.8003647538929282	0.9314090992532581	0.9323364833161109	92.84193826052525	167.40825829017993	53.093436342351936	0.00252825887344533
17	[0, 1, 3]	8.0	0.8023080845686685	0.9155080325816446	0.9376894081027511	155.6655226294404	272.11423223837187	20.29807098756265	0.0025372588734453314
17	[0, 2, 3]	29.0	0.810776503941602	0.9309145621765039	0.9347832943756227	245.23355799973496	421.39429118886267	76.33550732991498	0.002632258873445344
18	[1, 2]	3.0	0.8723193858938042	0.9530445380871726	0.9606921617507002	58.587837942767486	97.64639657127914	8.464985809165105	0.002821661936388369
18	[2, 3]	23.0	0.8121861099453355	0.9067771677850568	0.9502037266895311	246.96392065364495	411.60653442274156	65.58822453693257	0.002851661936388373
18	[1, 2, 3]	42.0	0.8668539252029432	0.9000080132026096	0.982333054991441	271.9883012420561	453.3138354034268	120.77780132831178	0.002875661936388376
18	[1, 3]	20.0	0.8407644781789189	0.9012046289833628	0.14202134185058718	238.42484388769975	397.37473981283296	57.15323872776747	0.0028576619363883736
19	[0, 1]	9.0	0.873547593947658	0.9029332879193446	0.9853543361467988	78.15565766120643	314.92804833943177	21.386329861007788	0.00237625887344531
19	[1, 3]	48.0	0.8325878847291566	0.9507730700187379	0.9409591721259645	84.6829844187087	165.81486938762797	124.38042592537624	0.0025912588734453386
19	[2, 3]	38.0	0.8022178023373309	0.944662777132253	0.9275782767258138	222.17836428321868	383.5177452371206	99.26583719092297	0.0026122588734453413
19	[4, 5]	10.0	0.803445421797489	0.9957183738173125	0.9031582970270631	106.01627415138428	208.95836867466176	28.906619363883777	0.002890661936388378
21	[0, 1]	24.0	0.8345746614389745	0.9072518671869623	0.9628437371244081	350.73390493952206	611.1409651789078	63.534212962688294	0.002647258873445346
22	[0, 1]	12.0	0.8030487844351547	0.9630392700649004	0.9191208977148638	145.42610757643914	242.37684596073188	31.383106481344097	0.0026152588734453417
22	[3, 4]	8.0	0.8030089689400439	0.9473774231655112	0.9261282298543809	70.04529456768171	116.74215761280286	24.053295491107146	0.0030066619363883934
22	[2, 3, 4]	14.0	0.8017136127932417	0.9441041454630801	0.9225459795345565	197.3769504330456	328.96158405507595	39.7832671094372	0.0028416619363883715
23	[0, 1]	6.0	0.8319790801642863	0.9000275791052168	0.9649943762297497	109.0544115952719	194.4575430433722	15.499553240672025	0.0025832588734453375
23	[2, 3]	18.0	0.8021208670118798	0.9773673536218878	0.9112956502096435	173.78664635782454	304.05170272835943	52.33791485499084	0.00290766193638838
25	[1, 2]	20.0	0.8053512853000175	0.9237914638193109	0.17229057885500168	77.96006459170549	129.9334409861758	51.86517746890677	0.002593258873445339
25	[0, 2]	41.0	0.8425966940887492	0.9008969766560718	0.9701870366591662	101.32554049060704	168.8759008176784	103.65861381125855	0.00252825887344533
25	[0, 1, 2, 3]	39.0	0.8476872577816126	0.9222551984940558	0.9590705311562617	317.9987285528507	529.9978809214178	104.0230960643686	0.0026672588734453486
25	[0, 1, 3]	37.0	0.8007953556499772	0.961478816063457	0.14494426802028554	294.77510120999546	491.2918353499925	98.79957831747792	0.002670258873445349
25	[3, 4]	19.0	0.8047816650617774	0.9199905203149253	0.9400876921833108	204.49520207196153	340.82533678660263	51.418918595461726	0.002706258873445354
25	[2, 4]	8.0	0.8265963818313989	0.9012160178083738	0.9614946960647077	65.78207860142334	109.63679766903888	23.813295491107116	0.0029766619363883894
26	[1, 2]	6.0	0.8009651103959732	0.9026637881347319	0.9467510713971892	60.842915750035935	126.7431831081155	14.683553240671916	0.0024472588734453194
26	[0, 2]	43.0	0.8043003732610604	0.9320601295718955	0.9341783577332798	235.21779418285587	467.9130163607574	107.68313155814906	0.002504258873445327
26	[0, 1]	28.0	0.801447424004415	0.9784425770685445	0.1997077912031294	265.6856609939275	518.7185771214622	71.07124845646928	0.0025382588734453315
26	[2, 4, 5]	35.0	0.8204985845917048	0.9056062260129352	0.9534215305268772	264.9875903755531	499.25758826929075	100.36816777359313	0.002867661936388375
26	[3, 5]	48.0	0.8243600708411032	0.9753729485924797	0.9239964799125823	130.0766934787748	247.55752847012738	138.5117729466421	0.0028856619363883773
26	[2, 3, 5]	39.0	0.8008761356509169	0.9490335777724225	0.9195992400634486	145.264217948257	285.5263396438328	112.93081551914678	0.0028956619363883786
26	[2, 5]	11.0	0.8000976852884709	0.9137363598046048	0.9408835695306976	52.10317167608532	130.2579291902133	33.28228130027235	0.003025661936388396
27	[0, 1]	27.0	0.8061526080064331	0.9685000246857606	0.9175325717344043	173.79303824616034	302.3978085500421	70.4769895830242	0.002610258873445341
27	[0, 1, 2]	29.0	0.8303906480443494	0.9033183877661622	0.9605942011602366	262.789626912206	450.725456326785	77.58250732991515	0.0026752588734453497
27	[0, 3, 4]	41.0	0.8640196970811072	0.9525102277513622	0.9540648867776346	118.55431549258968	226.00084064811668	115.68813939192312	0.002821661936388369
27	[0, 4]	31.0	0.8021137789617836	0.9680576178863793	0.9158571095932451	41.73802467642558	97.97368928784317	88.7425200280396	0.0028626619363883742
27	[3, 4]	34.0	0.805135172835081	0.9439155837418925	0.9291550941901169	95.61737484099488	175.02986142235048	99.98250583720508	0.0029406619363883846
28	[0, 3, 4]	18.0	0.8044797782117893	0.9147031088370139	0.9405314726006451	140.97643916041852	247.9399503551362	45.58065972201596	0.0025322588734453307
28	[3, 4, 7]	34.0	0.8040304815306283	0.9187376383956507	0.9369862831751115	64.10194935968336	106.83658226613893	86.26680169714126	0.0025372588734453314
28	[4, 7]	48.0	0.8166811501870149	0.9806388083504048	0.9183666437268414	48.632262163321876	81.05377027220314	123.75642592537616	0.002578258873445337
28	[0, 1, 2, 4, 7]	12.0	0.853082720047482	0.9017425651717826	0.04280775028872947	343.00246307939756	584.6499902201012	31.743106481344153	0.0026452588734453457
28	[3, 5, 7]	38.0	0.8079627315523321	0.9469317313461757	0.9249525583570967	65.62787655621507	109.37979426035847	116.41915358275924	0.003063661936388401
28	[3, 7]	23.0	0.8013366711704244	0.9943806125285817	0.9031850652720688	32.045570027584716	53.409283379307865	71.54522453693336	0.003110661936388407
29	[0, 5]	10.0	0.8181148436046006	0.9043037205235507	0.9548499845795698	48.12203700765863	220.78437979978426	23.45258873445306	0.002345258873445306
29	[5, 7]	22.0	0.8000751541827392	0.957421270838552	0.9198423413889085	110.58593245127234	184.30988741878724	64.40856260054443	0.002927661936388383
29	[5, 8, 9]	40.0	0.8104283842568158	0.9272091212164604	0.9366631980239055	67.53617944910016	112.56029908183359	126.70647745553659	0.0031676619363884147
29	[8, 9]	4.0	0.802485140874577	0.959106851315199	0.9194632021943473	51.855908161523054	86.42651360253842	12.742647745553668	0.003185661936388417
30	[0, 1]	32.0	0.8864647874138576	0.9120728044869311	0.9873411792099966	141.7883726536636	250.5180931077521	90.2931819644278	0.002821661936388369
31	[5, 6]	26.0	0.8011570031688482	0.9929314571048471	0.9029778641328882	233.92528418336641	419.51055694394245	74.45521034609773	0.0028636619363883744
31	[5, 6, 7]	24.0	0.8106323611863638	0.901783127975248	0.9496198839751232	262.7666926323181	547.6945944948387	69.08788647332103	0.0028786619363883764
31	[6, 7]	2.0	0.8001768023977455	0.922192306228417	0.9366864586769803	47.15453587430914	173.96685611428998	6.629323872776869	0.0033146619363884342
32	[0, 1]	20.0	0.812516446839721	0.9016112898928477	0.95354790913474	67.55945109377475	149.88330393335866	48.84517746890638	0.0024422588734453188
32	[0, 2]	42.0	0.8067691251849429	0.9216479571549193	0.9406353460807878	68.15955027424731	151.13351055934314	104.46487268470364	0.0024872588734453248
32	[0, 1, 2]	19.0	0.8047949149300418	0.9516640401477343	0.9206964011812844	99.18121141604372	215.761971271419	47.295918595461174	0.002489258873445325
32	[1, 2]	12.0	0.8057555961099421	0.9276392230974341	0.9370874081679709	62.643421464065376	130.5071280501362	30.879106481344035	0.002573258873445336
33	[0, 1, 2]	10.0	0.8207034209950892	0.9025497358183413	0.9551040393369966	232.65884194507814	387.76473657513026	26.132588734453414	0.0026132588734453415
33	[0, 1]	29.0	0.8672963126125226	0.9126123745876116	0.9773608101240229	167.90480943782106	279.84134906303507	77.2055073299151	0.002662258873445348
33	[3, 4]	8.0	0.801716617959286	0.9482191472277472	0.9248383988990305	127.56486663271454	212.60811105452424	23.573295491107082	0.0029466619363883854
34	[0, 1]	4.0	0.8019795103684375	0.9256551493003856	0.9360010259140811	59.296902805518876	145.34247352825435	10.297035493781346	0.0025742588734453363
34	[0, 1, 2]	17.0	0.8626368888243788	0.9046223562493232	0.9776264830313726	221.05499864367928	414.9392999251884	45.83640084857099	0.0026962588734453525
34	[0, 2]	29.0	0.8392177269108985	0.9126518027252957	0.9626892622611137	182.6895318217357	350.9968552219491	77.06050732991507	0.0026572588734453473
34	[1, 2]	20.0	0.8032728024305695	0.9788022532425348	0.9121066745414934	200.12356266010397	333.53927110017327	53.96517746890706	0.0026982588734453528
34	[3, 4]	14.0	0.8060229955309745	0.9684251067837183	0.9193198201292956	214.96786035130324	372.6684533109756	40.749267109437326	0.0029106619363883806
34	[0, 3]	29.0	0.8018164499268989	0.920410696323016	0.17261835041084694	115.0343334409284	238.23819125393692	83.30719615526289	0.0028726619363883756
35	[6, 7]	24.0	0.8140494137264582	0.9240093019802047	0.9432510785019528	293.14959322443457	503.18547983450344	68.847886473321	0.002868661936388375
36	[0, 2]	27.0	0.8064942598085392	0.964944339641609	0.9197993493447301	77.61221296367022	153.6579894923905	68.964989583024	0.0025542588734453336
36	[0, 1, 2]	30.0	0.8356929112078805	0.9024151561366436	0.963820852577561	219.85547884528302	403.9007720618945	77.82776620336017	0.002594258873445339
36	[1, 3]	39.0	0.801747557530285	0.9763888464250783	0.1990074887630938	279.09448161328197	478.328142122286	103.67209606436856	0.0026582588734453474
36	[4, 5, 6]	19.0	0.8082534157714923	0.921518283670172	0.9379740349828328	370.3324829035634	645.8821458057138	55.0555767913792	0.002897661936388379
37	[0, 1, 2, 3]	33.0	0.8037878986533943	0.9247755269354994	0.9317722119350346	150.4266764978777	322.934446748612	80.16554282369546	0.002429258873445317
37	[1, 2, 3]	34.0	0.802568699298805	0.9792361043938227	0.9061236123953132	122.16626307697793	228.73306867894593	83.24080169714087	0.0024482588734453196
37	[1, 3]	45.0	0.8269066822622799	0.9151955605125913	0.9550787187112283	83.60165972960351	164.45872976665527	110.75664930503946	0.0024612588734453213
37	[0, 2, 3]	25.0	0.8040660072886988	0.9377806403614103	0.9274200448867093	90.13236397631918	197.32129566203167	61.706471836133055	0.0024682588734453222
37	[0, 1, 3]	47.0	0.8057568932797134	0.921539583674024	0.9367653642777699	111.86207315050332	258.66010783632134	116.14916705193016	0.0024712588734453226
37	[1, 3, 4]	9.0	0.8019033399037904	0.9248692145735609	0.12610571163867026	139.84804278247202	258.2027015214361	23.168329861008026	0.0025742588734453363
37	[0, 2]	42.0	0.8116746788395108	0.9043103947214892	0.15965343580538263	66.82501676827422	158.47571698195674	109.00087268470423	0.002595258873445339
37	[0, 1, 2]	48.0	0.8013575872213956	0.9085400375086423	0.9406581441178604	127.11932928983278	284.08886806853707	125.72442592537641	0.0026192588734453423
37	[0, 4]	18.0	0.8103322662794781	0.9141110557618176	0.16478320587416945	84.50679647376832	187.94534982444688	47.18265972201616	0.0026212588734453425
37	[2, 3, 4]	35.0	0.8084213814918119	0.9974811290499849	0.8992620883183734	118.11833360828787	196.86388934714643	94.71906057058737	0.002706258873445354
37	[3, 5]	45.0	0.8035043816765584	0.9752404743338433	0.9139976516662085	86.54801406187555	159.30399173499032	130.21478713747703	0.0028936619363883784
38	[0, 5]	15.0	0.8008983774535227	0.9883206680327458	0.9058125963372878	76.86197736232317	153.0892700381662	38.463883101680025	0.002564258873445335
38	[1, 4]	13.0	0.8524885110184929	0.9039611462250511	0.9737657179541573	139.16311345033026	231.9385224172171	34.51836535478951	0.002655258873445347
38	[3, 5]	23.0	0.8067720396511948	0.9807981136228852	0.19855734602926592	102.98536362557292	171.6422727092882	64.92122453693248	0.002822661936388369
38	[2, 3, 5]	12.0	0.8869960348823763	0.9003544024497836	0.9929371547553895	196.58505703324147	327.6417617220691	34.97594323666058	0.002914661936388381
38	[2, 3]	41.0	0.810505976021377	0.9042241946182779	0.1598114034912287	179.68941831322445	299.4823638553741	119.50113939192363	0.002914661936388381
38	[3, 4, 5]	42.0	0.8134140888040831	0.9104182242295822	0.9467937273525479	128.86099608022377	214.76832680037296	123.8438013283122	0.0029486619363883857
38	[4, 5]	3.0	0.8002336114797121	0.9540169280897326	0.9214184459696158	42.77127117466788	71.2854519577798	9.793985809165283	0.0032646619363884276
40	[1, 6]	29.0	0.8048385950283583	0.9040201552498396	0.9479775151524217	71.8338614547932	132.79790583197067	73.08750732991454	0.002520258873445329
40	[0, 1]	46.0	0.804081807080259	0.9960302850703605	0.9037326932892988	85.74771397084105	168.83496821709903	121.77390817848593	0.002647258873445346
40	[6, 8]	6.0	0.8026481300613407	0.9096501754836264	0.9441391874483204	46.949232796397666	595.4242297841042	20.169971618330642	0.0033616619363884405
41	[0, 1]	14.0	0.8518450076424189	0.9049396693534276	0.9733243074115844	128.08589583836152	296.359164886748	35.07362422823458	0.002505258873445327
41	[1, 3]	30.0	0.8411199686620778	0.9080493199636392	0.9658473483792807	155.9107792283725	272.6800591341213	77.64776620336013	0.002588258873445338
41	[3, 4]	44.0	0.8124377159729865	0.9554549463247715	0.9274203394168276	265.4892084683076	442.482014113846	117.22739043159532	0.0026642588734453482
42	[0, 1]	8.0	0.8003273630982963	0.9008976886209838	0.9472504431317613	75.43864824332107	150.72926616549512	19.61807098756256	0.00245225887344532
42	[1, 2]	18.0	0.8062901075201075	0.9405186333896697	0.9306450553029345	171.448035136824	298.43085600945375	46.30065972201605	0.002572258873445336
42	[0, 1, 2]	37.0	0.8032794181599726	0.949336081887152	0.9208740702564765	193.6133340982072	347.6870759236387	96.3945783174776	0.0026052588734453404
42	[0, 2]	39.0	0.8257988716801441	0.9129898173875697	0.9552583260115636	140.33998481626935	246.2140296723285	102.73609606436843	0.0026342588734453443
42	[3, 4]	32.0	0.8007743102053564	0.9418284248540122	0.9275305462177338	195.98473457999933	326.64122429999884	91.22118196442793	0.0028506619363883727
42	[0, 5]	24.0	0.8018081105560718	0.903360120864359	0.9467719341604892	98.99593649618606	177.30728247218966	68.27188647332093	0.002844661936388372
42	[3, 4, 5]	19.0	0.809235855332823	0.9691964188639053	0.9138527306336801	272.8153721148022	454.69228685800357	55.15057679137921	0.0029026619363883796
43	[0, 1, 2]	34.0	0.8686798591297065	0.9117393981602128	0.9772040838528732	411.20650596188455	749.5375300648312	87.52480169714144	0.0025742588734453363
43	[2, 3]	24.0	0.8278626055490372	0.9072959418160828	0.15185716809100225	345.1526910034403	614.4862442681363	62.33421296268814	0.0025972588734453394
43	[0, 2]	47.0	0.8244458493681204	0.9128110033990617	0.9546571692167111	302.1209183488952	554.7418378987788	123.2461670519311	0.0026222588734453427
44	[0, 1]	38.0	0.8236381711827191	0.9485886059379379	0.9369830491776011	334.988055764347	1279.1581230473178	87.52383719092141	0.0023032588734453003
44	[0, 2]	50.0	0.8094009500175897	0.9021593501214997	0.15943393791411672	344.3022896342392	1272.4524732523148	117.06294367226528	0.0023412588734453054
44	[1, 2]	10.0	0.8036126953609122	0.9320308760432301	0.9338530029504613	79.78152688499765	204.69622925031356	23.802588734453106	0.0023802588734453105
44	[1, 2, 3]	21.0	0.873740906109793	0.9006783238422861	0.9856973434031474	272.4602560562133	551.5179417585018	54.080436342352066	0.0025752588734453364
44	[2, 3]	23.0	0.8079983981242593	0.9695301871330858	0.9187042827297159	237.22660954866058	445.8170022358435	59.644954089242795	0.002593258873445339
44	[1, 3]	45.0	0.8086035098460924	0.9453654275684495	0.9303010115033462	227.91237567876843	452.5226520308464	116.56164930504023	0.0025902588734453384
44	[5, 6]	44.0	0.8532000786166659	0.9184488416096838	0.9671218021342434	264.49219677027867	440.82032795046456	125.91312520108846	0.002861661936388374
45	[0, 1, 2]	22.0	0.8040187421300604	0.9055472848774191	0.9438839333214302	175.307804058283	305.42750483212166	57.75569521579755	0.002625258873445343
45	[0, 2]	29.0	0.8404244692979831	0.9078364092683088	0.9656879492891113	119.66691217135298	199.44485361892163	77.37950732991511	0.0026682588734453488
45	[1, 2]	49.0	0.8041943636598168	0.9437565677183039	0.9284711965737903	135.84122371199953	239.6498709216492	131.13668479882216	0.00267625887344535
46	[0, 1]	13.0	0.8183416434129094	0.9037715282080955	0.9558495835423962	156.5006168713079	273.8026028621753	33.244365354789345	0.002557258873445334
46	[0, 1, 5]	17.0	0.8533299274941077	0.9005122458713517	0.9746885114901406	174.71531904834083	304.1604398238969	44.799400848570855	0.0026352588734453444
46	[1, 5]	28.0	0.8000705933196164	0.9145583091631287	0.9404298856273741	65.78209120437877	109.63681867396464	74.68324845646976	0.0026672588734453486
46	[3, 4, 5]	45.0	0.8094828262520247	0.980652401174342	0.9083233404385587	144.64438783662007	301.3483708566975	133.63478713747747	0.0029696619363883884
46	[3, 6]	28.0	0.8213770699715804	0.9081929451393895	0.15581275129988492	87.79196636723502	126.01783847758475	86.87453421887537	0.003102661936388406
46	[4, 5]	11.0	0.8030387894867838	0.9579421639941461	0.9216743342710378	109.35896742706649	227.83707833679424	34.327281300272496	0.0031206619363884085
46	[3, 5]	26.0	0.8099891172096192	0.9033597722156878	0.9515059705279122	53.50012258658655	103.8691294816249	81.42321034609866	0.00313166193638841
46	[3, 4]	37.0	0.855562645890487	0.9117324343643176	0.9715194065876532	126.42968565958712	270.99053389497595	115.98249164637119	0.0031346619363884103
46	[5, 6]	11.0	0.8020819974582517	0.9788486897939794	0.9108340648536194	70.72124813471437	82.86438291940301	37.78128130027295	0.00343466193638845
46	[3, 5, 6]	31.0	0.8206097909181173	0.9003939463984294	0.9562573831966695	106.00666854426798	156.37567543930632	99.49952002804103	0.0032096619363884203
48	[0, 1]	6.0	0.8017246853163411	0.9015397304413951	0.9479044467578038	73.71513617106838	183.99993612639076	14.185553240671851	0.0023642588734453084
49	[0, 1]	15.0	0.8654453393494562	0.9052943270413554	0.9799875571166154	150.0318873587285	250.0531455978809	40.02388310168023	0.0026682588734453488
49	[1, 2]	15.0	0.8708993029503388	0.9688054779717746	0.9525540400242418	159.12683800228027	265.2113966704672	42.324929045825535	0.002821661936388369
49	[1, 3]	17.0	0.8000485980501639	0.9348113082430968	0.930484543882313	200.7425693773719	364.0364618396888	49.94025291860253	0.002937661936388384
50	[1, 2]	11.0	0.800472571513104	0.9768745001782607	0.9109434433458301	172.01563270544906	299.5233113837479	28.602847607898738	0.0026002588734453397
51	[0, 2]	12.0	0.8469347057531924	0.9012459183685333	0.9725580427046007	75.84538728130741	164.45255890415626	29.163106481343807	0.002430258873445317
51	[0, 1, 2]	16.0	0.8005736944556509	0.9578646086568401	0.9149280262175992	139.4067414946062	283.63009805409143	41.236141975125385	0.0025772588734453367
51	[0, 1]	41.0	0.802671915111259	0.9578000733391843	0.1901656928473307	123.9475365311682	244.9820856454965	105.70861381125881	0.002578258873445337
51	[3, 5]	49.0	0.8044453597922074	0.9416759089872025	0.9296875011530695	264.79379105126003	454.64750424601823	129.5196847988219	0.0026432588734453455
51	[3, 4, 5]	31.0	0.8532587861986133	0.9166434149149586	0.09247013811049767	434.8047959118458	751.4921159073584	82.46802507680579	0.0026602588734453477
51	[2, 6]	7.0	0.8001923530544348	0.9702210444739335	0.9138784866723109	76.71249195397073	140.73682405948287	21.03963355471875	0.0030056619363883932
51	[2, 5]	28.0	0.8010903918796921	0.910921176499683	0.942780519769991	40.41165112417036	80.23542267648226	86.81853421887537	0.003100661936388406
51	[2, 5, 6]	13.0	0.8063260560024463	0.9661809143809126	0.914316975087028	101.66493811470312	182.3242343273702	39.03460517304911	0.003002661936388393
51	[5, 6]	9.0	0.802405628983966	0.9414561327752621	0.9287708625026249	86.20573315126515	143.67622191877524	27.500957427495596	0.0030556619363884
52	[2, 3]	2.0	0.8478508055667819	0.900148581896042	0.9733800917807232	94.95024520255694	87.74005453682466	6.181323872776809	0.0030906619363884045
53	[1, 2, 3]	24.0	0.8138677173734786	0.90189213272265	0.9513365722086922	371.8388543841377	619.7314239735628	63.774212962688345	0.0026572588734453473
53	[0, 1, 3]	42.0	0.8150327625871453	0.9123600301384359	0.11204801000865172	207.93367839555643	371.0361516496529	113.11687268470479	0.002693258873445352
55	[0, 1]	28.0	0.8339950185096875	0.9123511321481877	0.9600401439493238	213.2286567579365	368.59297440170934	72.75124845646951	0.0025982588734453395
55	[0, 2]	27.0	0.8033715612713367	0.9286395645431742	0.1757956923948432	294.90501185865503	504.874404458665	71.39498958302433	0.0026442588734453456
55	[0, 1, 2]	45.0	0.8909127673770402	0.9044120484928856	0.9929227683554106	421.73905798807994	729.4763611461884	119.3516493050406	0.0026522588734453467
55	[1, 2]	25.0	0.803113278598261	0.9826469128329383	0.9096599170306281	335.34444735956833	585.4853434320023	67.18147183613378	0.0026872588734453513
57	[0, 1, 2]	30.0	0.8447369927533933	0.9064942673502426	0.9667845116732733	497.4768564045393	855.7990551441887	80.91776620336059	0.0026972588734453526
57	[2, 3]	48.0	0.8033073927412584	0.9300254543100958	0.9347314776780055	268.2974345269982	447.16239087833026	129.852425925377	0.0027052588734453537
57	[3, 4]	3.0	0.8256372832075494	0.9000598568161642	0.9615848369324631	63.091221925137305	152.2064126459018	8.971985809165174	0.0029906619363883912
58	[0, 1, 2]	15.0	0.8015260431439688	0.9140898735069377	0.9377408526642335	208.65663326024978	373.50269728424655	37.65388310167992	0.002510258873445328
58	[4, 5, 6, 7]	39.0	0.8097472831133891	0.9003875868655618	0.9483495632303187	298.32440840855503	497.2073473475916	110.59081551914646	0.0028356619363883707
58	[6, 7]	30.0	0.8153046061372101	0.9490314392067356	0.9318573698605519	111.7464569634105	186.2440949390175	89.62985809165173	0.002987661936388391
59	[1, 3]	39.0	0.8143165446533405	0.9185831649330675	0.9463339363457852	111.09672581460394	211.67710854344966	99.46009606436799	0.002550258873445333
59	[1, 2, 4]	22.0	0.8216097712243714	0.9010679892044653	0.9565879573130891	442.1585246804793	750.0763033246634	58.74569521579768	0.002670258873445349
59	[2, 3, 4]	26.0	0.8036219285237488	0.9046868946490613	0.9441133820752394	411.28461883734695	698.844834724157	70.38873070957919	0.002707258873445354
59	[6, 7]	16.0	0.8021370441511555	0.9445421475382284	0.9268846234885966	282.3554554248337	514.824396925414	47.514590982214216	0.0029696619363883884
59	[5, 7]	20.0	0.8012954886234323	0.9883340216977753	0.9059149345124238	203.76905500115654	369.34612593558523	60.45323872776791	0.0030226619363883955
61	[0, 3]	7.0	0.8172668854067882	0.900018204421225	0.9570902216792225	30.613720407164756	51.0228673452746	17.00481211411722	0.002429258873445317
61	[0, 2]	3.0	0.8263952962246474	0.9004717439253713	0.14932805802454213	56.857544145599164	94.7625735759986	8.47998580916511	0.0028266619363883695
61	[0, 1]	41.0	0.9034482025932687	0.9096187031296531	0.9969635571462846	166.0257172801524	290.01953392170185	110.1366138112594	0.002686258873445351
61	[1, 3]	22.0	0.8093601339158574	0.9494002866360517	0.9280005917274722	152.08411375028564	266.7835280385906	59.11969521579773	0.0026872588734453513
61	[0, 1, 3]	31.0	0.9160254112782948	0.9163763211443043	0.9998197621649062	174.3617757188014	303.9129646527835	83.39802507680591	0.0026902588734453517
61	[1, 2]	36.0	0.8005525505305436	0.9706962337830521	0.912983494137379	178.32793748872004	310.5232342693146	96.95731944403268	0.002693258873445352
61	[1, 2, 3]	28.0	0.8555972276119083	0.9032728046919927	0.9744693644385369	186.663995927369	324.4166650003962	75.57924845646988	0.002699258873445353
61	[2, 3]	4.0	0.8028926611032857	0.9108918039615901	0.9437804100592115	42.915940615732374	71.52656769288728	11.842647745553549	0.0029606619363883873
61	[0, 2, 3]	25.0	0.870298890752597	0.9015469049450038	0.9833962904027672	65.19360258424815	108.65600430708025	71.21654840970932	0.0028486619363883724
62	[4, 5, 6, 7]	17.0	0.8030032939193649	0.943625430380414	0.9212549579357031	385.7046195116541	657.8871166800047	49.02225291860241	0.002883661936388377
62	[7, 8]	4.0	0.8009700613702742	0.9152797673439367	0.9405562373470779	54.06114578374228	120.10678029877437	13.20264774555373	0.0033006619363884324
63	[0, 1]	10.0	0.8882100962580226	0.9007394867087539	0.9937744641784074	180.34007012443342	313.51159447905684	25.89258873445338	0.0025892588734453383
63	[2, 3]	30.0	0.8259884081854659	0.9564684104704649	0.9346176271762705	256.6136272993725	441.9575180821339	84.64985809165107	0.002821661936388369
64	[0, 3]	11.0	0.8012482732028606	0.9424181906437304	0.927546655669803	56.2143625531119	93.69060425518651	29.38384760789884	0.002671258873445349
64	[3, 4]	9.0	0.8054658360564695	0.960252724168323	0.9210950211721586	99.02728237030472	210.50972570695563	28.004957427495665	0.0031116619363884073
64	[2, 4]	41.0	0.8008158787891981	0.9188612333917521	0.9384075767783899	142.1314766957671	296.70619661466947	123.56013939192415	0.0030136619363883943
65	[5, 6, 7]	23.0	0.8039696211201831	0.9709339854584912	0.910851719785497	201.25611730206242	365.4550394983696	66.27822453693267	0.0028816619363883768
65	[4, 5, 6, 7]	11.0	0.8012447050299113	0.9218372910567161	0.931916818092512	260.43767557291636	464.09096994979285	32.193281300272204	0.0029266619363883827
65	[7, 8]	6.0	0.8000428393793357	0.9259581773444839	0.9348311805009513	4010.1185356074243	174.7210449444164	21.531971618330825	0.0035886619363884706
66	[3, 4]	9.0	0.8021534866358003	0.9120048172396977	0.9428360835944609	174.21865759343353	305.2025587698164	26.16895742749542	0.00290766193638838
66	[4, 5]	15.0	0.8533729548239952	0.9047374323555822	0.9739667147676334	127.25207493475688	306.5567923599255	45.45992904582595	0.0030306619363883965
67	[0, 1]	10.0	0.8022911706427759	0.9818407717522017	0.9092452327714464	74.74409289845102	7053.837879006071	22.62258873445295	0.002262258873445295
67	[1, 2]	7.0	0.8195520327579731	0.9034753562781621	0.9565991537961869	56.66912326870732	188.50757315476798	17.354812114117266	0.0024792588734453237
67	[0, 1, 2]	4.0	0.889577208749826	0.9001468602834582	0.9944370205635198	96.4332065827547	7114.085417018025	8.869035493781155	0.002217258873445289
67	[0, 2]	7.0	0.8046718215068703	0.9070986538622361	0.16437371363666686	61.453196998351096	6985.825381875212	16.283812114117122	0.0023262588734453034
67	[2, 3]	22.0	0.8020197280485797	0.9917157502864099	0.906296682615228	163.89126897890537	310.4179964006058	57.11769521579746	0.0025962588734453392
67	[2, 4, 5]	18.0	0.8021097614939924	0.9190161142231552	0.9361495786313985	226.70836729438076	401.94629402874983	50.78991485499064	0.002821661936388369
67	[4, 6]	30.0	0.8236617016486188	0.9150526297040955	0.9532097308820479	148.42894463962415	262.14554921887645	87.85985809165149	0.002928661936388383
69	[0, 1]	49.0	0.8261153082181096	0.9530295262195555	0.9363117266877512	279.1598045461802	478.4411506161298	130.009684798822	0.002653258873445347
69	[0, 1, 4]	29.0	0.8164188220772264	0.9000028292884216	0.9540643529813387	305.2570273573204	521.9365219680301	77.37950732991511	0.0026682588734453488
69	[3, 4]	26.0	0.8052021491179211	0.9377765315546968	0.9319133279800136	216.1172521995815	374.59087710448733	75.31321034609785	0.0028966619363883788
69	[2, 3, 4]	37.0	0.8784960437582997	0.9133167071423349	0.9816952144165749	300.9983865849973	516.0594344135137	107.50949164637005	0.00290566193638838
69	[2, 4]	43.0	0.8264577891448901	0.9032623449384432	0.15066844003551363	110.97835719655599	184.96392866092668	123.61046326470016	0.002874661936388376
69	[2, 3]	39.0	0.8095804608096691	0.9450153097578429	0.18014848279422493	274.90116377385715	472.5640630616135	113.28181551914682	0.00290466193638838
70	[0, 4]	12.0	0.8045781862214566	0.902644955508506	0.9487932815996157	65.81068170098511	181.03267452700084	27.555106481343593	0.0022962588734452994
70	[0, 1]	50.0	0.800270491771737	0.9290697400943514	0.9333534261560277	94.2117196460355	252.9610578400205	116.5129436722652	0.002330258873445304
70	[0, 1, 4]	38.0	0.8188456415350623	0.9001318472617883	0.9550325444719242	110.07865782926936	279.4059548120769	88.81583719092158	0.002337258873445305
70	[1, 4]	13.0	0.8073104036206442	0.9267524681410261	0.17247629469192555	60.13491431151809	124.81817725713252	30.995365354789044	0.002384258873445311
70	[4, 6]	7.0	0.8020082852796832	0.9173744746711251	0.9401715568318245	33.249544370873174	55.41590728478862	23.951633554719137	0.0034216619363884484
70	[4, 5, 6]	29.0	0.810470884639631	0.9300570024705748	0.934747324832624	101.7031342127783	169.50522368796385	85.36619615526317	0.002943661936388385
71	[3, 4, 5]	36.0	0.8034015917451635	0.9668323728957086	0.9123121140049558	146.1600847064997	257.8615825530173	102.01182970998134	0.0028336619363883704
71	[2, 3]	23.0	0.8047023228688631	0.9551396609811951	0.18753261907927668	127.66376627373465	241.15224193519225	65.56522453693258	0.0028506619363883727
71	[2, 3, 4]	34.0	0.8007819478482345	0.9595357134872918	0.14446058094909697	161.75791152291683	297.97581735049584	98.38450583720486	0.0028936619363883784
71	[2, 3, 5]	29.0	0.8086924356114601	0.9053337597344123	0.9468665555223598	179.83165195387753	328.0987180687637	85.10519615526313	0.002934661936388384
71	[4, 5]	24.0	0.8023123699481665	0.9039138495299409	0.9469463705892711	86.26203092932502	143.77005154887507	73.19188647332157	0.003049661936388399
72	[0, 1]	44.0	0.8133988359276788	0.9018192426675228	0.9537809445072367	322.6661857443357	537.7769762405595	117.44739043159535	0.002669258873445349
72	[0, 1, 3]	48.0	0.814536652733512	0.9119968290252478	0.9466913512042027	348.5888226444479	580.9813710740798	128.3164259253768	0.0026732588734453494
72	[2, 3]	6.0	0.8918777957802327	0.9029907570481002	0.9944943358913613	69.09577144023443	115.1596190670574	18.351971618330403	0.0030586619363884003
73	[0, 1]	14.0	0.9017122441547027	0.902111087546673	0.9998034577607269	114.14634675180724	190.24391125301207	36.59962422823478	0.0026142588734453416
74	[4, 6]	50.0	0.8381740849248873	0.9031751564570996	0.14433442553376688	138.77345208978025	231.28908681630045	143.18309681941872	0.0028636619363883744
74	[5, 6]	50.0	0.8022551008678153	0.9287359839497211	0.9344229537753921	138.9509836663489	231.58497277724817	145.48309681941902	0.0029096619363883805
74	[4, 5, 6]	9.0	0.800974536109521	0.9435465480244452	0.9227584855337606	181.35408453522567	302.25680755870945	26.70895742749549	0.002967661936388388
74	[4, 5]	34.0	0.8065842983381256	0.9484264327789986	0.9277909616342926	84.98373331432215	141.63955552387026	101.07050583720523	0.002972661936388389
75	[0, 3]	13.0	0.8278518612726692	0.9017787495172598	0.9619331464312453	49.51312470048176	2674.88923422599	30.839365354789024	0.0023722588734453095
75	[1, 3]	8.0	0.8015542614594514	0.9028382800324198	0.946774163770864	77.61183801007397	142.13102007521243	19.706070987562573	0.0024632588734453216
75	[0, 1]	11.0	0.8503582964935676	0.9050946180623438	0.972229136255584	94.56967125126367	2762.7614352023825	27.05184760789853	0.002459258873445321
75	[0, 1, 3]	32.0	0.8077170959333341	0.9019643265152019	0.9479255536640347	110.8473169809097	2789.8908447517924	79.46428395025038	0.0024832588734453242
75	[3, 4]	12.0	0.8039604380391707	0.9246385385408297	0.9373714870667503	59.65788551586339	113.88988912184477	35.81594323666069	0.0029846619363883904
76	[0, 1]	15.0	0.8005542187623758	0.9312232968701224	0.9321955413481056	88.17323785789385	195.7689226958733	36.648883101679786	0.002443258873445319
76	[0, 1, 2]	5.0	0.8356854269268957	0.9022165017830434	0.9638091086093066	126.47510653018674	272.37266004045904	12.071294367226574	0.002414258873445315
76	[1, 2]	31.0	0.8008038168771904	0.9378255555223458	0.18161511893239954	82.69737818024333	162.92833916560056	74.74902507680476	0.0024112588734453147
76	[0, 2]	50.0	0.8120747973637131	0.9353772636125475	0.9371318821172537	82.07959702223626	186.04805821944421	127.21294367226663	0.0025442588734453323
76	[2, 5]	18.0	0.8040407525426366	0.9802136542826732	0.9117325851392135	72.45178027101224	133.52025667578468	48.38865972201632	0.0026882588734453514
77	[3, 4]	13.0	0.8000378138748309	0.9378191921509993	0.9290358865219505	97.22878186974694	191.79444727746846	38.86560517304908	0.002989661936388391
77	[2, 4]	16.0	0.8029503301399071	0.9805768130550517	0.20065133631943138	103.46480773223678	201.72467582357766	46.34659098221406	0.0028966619363883788
77	[2, 3]	9.0	0.8022440392938206	0.9939019383777956	0.9039379958349713	146.02841747703232	272.04096282337633	25.70995742749536	0.0028566619363883734
77	[2, 3, 4]	21.0	0.8035307508830039	0.9704453463479709	0.9105652718588916	173.361003539508	332.7800429622112	60.26290066415588	0.002869661936388375
78	[0, 1]	7.0	0.868269346019711	0.9022328066905567	0.9829439904857911	58.58969143432266	156.28054835505407	17.291812114117256	0.0024702588734453225
78	[1, 2]	38.0	0.8009689495553375	0.9556272160325368	0.9214291100157119	161.26368044569054	268.77280074281754	101.58383719092328	0.0026732588734453494
78	[1, 3, 4]	5.0	0.8502794425161917	0.9535720643208443	0.9458276264649098	109.06234905315509	181.7705817552585	14.108309681941844	0.002821661936388369
78	[3, 4]	6.0	0.8004471405140212	0.984639591006407	0.9071658478986764	85.6512951975422	142.75215866257034	17.907971618330343	0.0029846619363883904
79	[0, 3]	30.0	0.8043314350825862	0.9343702067366345	0.933396923744321	228.40867110261942	394.2003260735793	80.07776620336047	0.002669258873445349
79	[1, 2, 3, 5]	44.0	0.9073697276450173	0.9228363683885362	0.9918034537831052	213.00494539481463	355.0082423246911	124.15312520108823	0.002821661936388369
79	[3, 4, 5]	24.0	0.8280576922244031	0.9245893804683386	0.9478880976352562	224.07515171893004	387.81439534960765	69.61588647332111	0.0029006619363883793
79	[1, 2, 3, 4, 5]	18.0	0.8838801561255443	0.9057143439239294	0.9879852570729032	376.66116972067033	642.1244253525081	51.9599148549908	0.0028866619363883774
79	[1, 2, 4, 5]	23.0	0.8100288283294785	0.9027680118218433	0.08295829805767908	342.92908761472654	585.9042885092682	65.72622453693259	0.0028576619363883736
79	[1, 2, 4]	42.0	0.8203161048925803	0.9453806842258689	0.9330031138012165	316.242242327596	541.4262130307175	121.6178013283119	0.0028956619363883786
79	[3, 5]	13.0	0.8354007564189376	0.9021194164491126	0.9658269805814699	60.41892739307435	100.69821232179058	39.50260517304917	0.0030386619363883976
80	[3, 4, 5, 6, 8]	41.0	0.8041401361156175	0.9238548381692765	0.931353261007305	216.0059354751226	374.5191178741977	121.92013939192395	0.002973661936388389
80	[4, 6, 7]	45.0	0.8047040679763104	0.9507203575896405	0.921380227773054	175.07675103709292	306.4913143894943	135.16478713747767	0.003003661936388393
80	[4, 6, 7, 8]	43.0	0.8379122718704491	0.9036281805164359	0.9633420375250343	192.21195844287018	335.0499933991231	129.888463264701	0.003020661936388395
81	[0, 2]	11.0	0.8053690678274493	0.9622816607123285	0.920664419232061	46.27937469026238	143.670039204664	24.642847607898215	0.002240258873445292
81	[1, 2]	21.0	0.8096037500652751	0.9309236916718011	0.93776299610308	51.47730080801878	122.28226215154507	49.16643634235141	0.0023412588734453054
81	[0, 1, 2]	5.0	0.8087722044719641	0.9032616471378994	0.9479590479522123	83.26093009665051	217.63315001744033	11.541294367226506	0.002308258873445301
81	[0, 1]	45.0	0.812322628495392	0.9609280225602033	0.924971566745906	68.76518469501988	169.31399867867154	105.0866493050387	0.0023352588734453046
81	[1, 3]	39.0	0.8077323221439098	0.9373940406151812	0.9336623275499099	100.36193069884871	179.5970696335439	102.42409606436838	0.002626258873445343
81	[2, 5]	11.0	0.8026211308471055	0.9018953844425885	0.9479001735590725	86.18967602373597	182.74527125521627	31.533281300272122	0.0028666619363883748
81	[5, 6]	44.0	0.8267337477388941	0.9786845214895716	0.923051262659518	108.25685852669041	210.5988863843331	137.22112520108996	0.0031186619363884082
82	[0, 1]	16.0	0.8097682228658711	0.9052471831994504	0.9503499263977413	143.4939474484948	265.7112429111964	41.46014197512542	0.0025912588734453386
82	[0, 2]	20.0	0.8508041599406879	0.9066070335727496	0.13936534995819194	209.5973253169668	362.5650562915942	53.345177468906975	0.0026672588734453486
82	[0, 1, 2]	34.0	0.9118140336238675	0.9118140336238675	1.0	297.49931355953373	522.3868530962615	90.78880169714188	0.002670258873445349
83	[0, 1]	14.0	0.8617318938972175	0.9004144271583995	0.9804775393202764	136.02001475550912	226.70002459251523	37.70562422823493	0.002693258873445352
83	[0, 2]	12.0	0.8709571972601906	0.9027589532333169	0.9840574903728397	128.94756426994053	229.6471610092525	35.59994323666066	0.002966661936388388
84	[0, 1]	18.0	0.9012129349995333	0.9012129349995333	1.0	200.96798023955373	511.0020168837733	45.54465972201595	0.0025302588734453305
85	[0, 1]	2.0	0.8768732258439875	0.900119162729261	0.9883655407291287	53.30072596076407	308.464078783883	4.588517746890599	0.002294258873445299
85	[2, 3]	20.0	0.8045240748549631	0.9276060338502689	0.9351726619963886	258.7299056816835	431.2165094694725	53.36517746890698	0.0026682588734453488
85	[1, 2, 3]	29.0	0.8754253188275621	0.9100196832903853	0.9818124255529621	279.5073709128688	512.0177631463043	77.06050732991507	0.0026572588734453473
85	[1, 2]	48.0	0.8303643058467209	0.9077526392973126	0.9601287745334552	166.11061333213817	323.02316717841995	128.22042592537676	0.002671258873445349
86	[9, 11]	10.0	0.8287154789085787	0.9026701888635706	0.9619832748124608	81.87536112790775	101.54590019314583	37.3166193638849	0.0037316619363884896
87	[0, 1]	3.0	0.8004471648389183	0.9360111911960903	0.9301094668095236	36.56699263647971	109.2951991088531	6.816776620335888	0.002272258873445296
87	[0, 1, 2, 3]	45.0	0.9075177918277946	0.9169012030301665	0.9950771241221992	211.91143853820626	414.8163865704336	116.65164930504024	0.0025922588734453387
87	[1, 7]	29.0	0.8111560964084806	0.9551775980253018	0.9268279838582545	33.13678171047907	67.82274586354436	87.01919615526337	0.0030006619363883926
88	[0, 1]	27.0	0.8099016679949611	0.9079107597552806	0.9491068142165346	274.8012440955132	458.00207349252196	71.66498958302437	0.002654258873445347
88	[1, 3]	38.0	0.8192471139763982	0.9226403769809678	0.16407251351524138	164.10033027209974	273.50055045349956	101.8878371909233	0.0026812588734453505
88	[0, 3]	25.0	0.8097078829910536	0.9001037918019209	0.15824480686579892	211.984383829631	353.30730638271837	67.68147183613385	0.002707258873445354
88	[2, 3, 4]	49.0	0.8095666182296659	0.9473945197436495	0.9257049760745757	500.04393515590806	833.4065585931801	139.58443488303024	0.0028486619363883724
88	[3, 5]	21.0	0.8312368011430042	0.9099690753858435	0.9596937734128952	207.21556420007178	359.8568504442828	61.627900664156066	0.002934661936388384
89	[0, 1]	31.0	0.8063587800780567	0.9721604406501541	0.9163301769091793	224.65776137978156	387.93705689948564	82.77802507680582	0.002670258873445349
89	[2, 4, 5, 6]	30.0	0.8188128981982112	0.9048643461456607	0.07883712801964854	501.7039524997398	879.5701092207797	85.69985809165121	0.0028566619363883734
89	[4, 5, 6]	24.0	0.8006246681357249	0.9365819760652073	0.9258375280181605	416.6845376112771	737.8710844066752	70.47988647332122	0.002936661936388384
90	[0, 1]	6.0	0.8188212780211841	0.9029560411247507	0.9565831990149976	66.37935306698931	214.40733912152987	14.809553240671933	0.0024682588734453222
90	[2, 4, 5, 6]	33.0	0.8001340158875322	0.9675722364221683	0.9079907680512757	338.63062814840964	655.9233612057038	99.02184390081696	0.0030006619363883926
91	[1, 2]	19.0	0.8983239968685474	0.9396958985677545	0.9799816612111522	223.75122459964493	387.25578457242585	53.61157679137901	0.002821661936388369
92	[0, 1]	18.0	0.8507282948431854	0.9049831556331304	0.9724946635358372	219.36220834364377	895.1971370728456	43.060659722015615	0.002392258873445312
93	[0, 1]	32.0	0.8085999609356151	0.9143888746727391	0.9451530840734005	201.57610026394258	335.96016710657096	85.12828395025113	0.0026602588734453477
93	[2, 5]	37.0	0.8007947325930787	0.963700685934873	0.9170205276584659	251.9634905094752	434.5687762448094	107.25049164637004	0.002898661936388379
94	[0, 1]	12.0	0.8078841155373491	0.934808402493902	0.9344668903082234	66.58608509414518	160.32754882356883	28.371106481343702	0.0023642588734453084
94	[0, 1, 5]	25.0	0.8547183992726828	0.9004744015850045	0.975490553631387	84.2279146397899	189.73059806631005	63.68147183613332	0.0025472588734453327
94	[1, 2, 5]	23.0	0.8112376721102409	0.9091376128758571	0.9463320119490758	233.1693711097543	414.50689760075494	60.93295408924296	0.0026492588734453463
94	[1, 3, 4, 5]	13.0	0.8283319099329087	0.9221397049205514	0.9479345522299265	231.98229883434553	413.53380694985253	36.681605173048794	0.002821661936388369
94	[1, 4, 5]	27.0	0.8005802385472442	0.9218778865916465	0.12527535511917945	128.5047242180008	226.69929722589677	77.72387228248616	0.0028786619363883764
94	[1, 5]	36.0	0.8063323663559357	0.9155992586291682	0.9434098665478756	32.67153778071924	66.97731983042749	105.39582970998178	0.002927661936388383
94	[1, 4]	46.0	0.8217140654819759	0.9920567406379671	0.9142893524304421	110.86289467235609	197.29624798315558	136.7884490738659	0.002973661936388389
94	[1, 6]	14.0	0.8011143629439852	0.9659624229749728	0.19502158087184396	53.95917406270401	232.22159972583373	42.87726710943761	0.003062661936388401
94	[5, 6]	2.0	0.820016215434874	0.9001804792997166	0.9583632127934795	56.5712953732742	224.0503783808886	7.24332387277695	0.003621661936388475
95	[5, 7]	37.0	0.8154208461511641	0.993545883884528	0.9108910718405031	182.48120074127232	333.3030064069429	108.95249164637025	0.002944661936388385
96	[0, 1]	13.0	0.8300774743049747	0.903100897215337	0.9626109137045478	132.95606123482716	294.3379246624487	31.554365354789116	0.002427258873445317
96	[4, 6]	39.0	0.8097924185904578	0.9758032081953768	0.9165716315113484	212.90481117407307	354.8413519567884	111.6048155191466	0.002861661936388374
97	[0, 1, 2]	18.0	0.8066649998599167	0.9461905690523047	0.9251146640754656	227.9609734195252	455.13266394383214	45.904659722016	0.002550258873445333
97	[10, 11]	2.0	0.8007235204015618	0.9376602216585319	0.9293467346518886	27.41456581379525	75.93605945544115	7.2933238727769565	0.0036466619363884783
98	[0, 2]	45.0	0.8096274494759437	0.9148474888985265	0.945810233751944	104.90506437423323	248.16857024255637	112.73664930503972	0.002505258873445327
98	[0, 2, 3]	27.0	0.8017789353972488	0.9687744302907288	0.9101627830834702	136.87279947871428	301.4481287500248	67.77698958302385	0.002510258873445328
98	[0, 1, 3]	40.0	0.8009455448505506	0.9051488588277347	0.9424491090936379	159.78843523006992	339.52699883584927	101.0503549378132	0.00252625887344533
98	[1, 2]	43.0	0.8192832136663014	0.9474568565249126	0.9354032545974178	117.03747195177098	221.09355158663215	112.32713155814967	0.0026122588734453413
98	[2, 3]	29.0	0.8043745742576256	0.9785730188382645	0.9124127301051472	79.02865320468874	144.78689925787228	73.66750732991461	0.002540258873445332
98	[1, 3]	42.0	0.8031824458504877	0.9873625187545765	0.9069681449359316	101.94428895604436	182.86576934369674	107.152872684704	0.0025512588734453332
98	[4, 5]	9.0	0.8029672236982891	0.9436962962879641	0.9271514311334219	130.13983959177034	231.62527900681894	25.772957427495367	0.0028636619363883744
98	[3, 4]	36.0	0.8040902708038586	0.95917974384393	0.1900456555017389	109.09560782232505	181.8260130372084	105.89982970998186	0.0029416619363883847
98	[3, 5]	42.0	0.8058644139192263	0.9368040000880341	0.9326675262992187	84.9797019784074	156.3583829845474	124.34780132831226	0.0029606619363883873
99	[0, 1]	13.0	0.8014141649649131	0.9207948252987073	0.9378619986086215	80.97049680460844	388.8641555750865	29.9163653547889	0.0023012588734453
99	[1, 3]	17.0	0.8002761688288532	0.9580908282115784	0.9198680084540856	65.68163780458374	192.66732304409342	42.52140084857056	0.0025012588734453266
99	[2, 4]	12.0	0.801400318428721	0.9565334631475112	0.9194383887594783	167.4326761045885	292.1807707450229	32.1631064813442	0.0026802588734453504
99	[3, 5]	30.0	0.8050243100271395	0.9565321895151461	0.18876139467255898	219.59568312310526	379.1285400241016	85.90985809165123	0.0028636619363883744
100	[1, 2, 3]	31.0	0.8572581779158651	0.9060641461041088	0.9739271242465196	184.49581528003117	307.49302546671856	82.43702507680578	0.0026592588734453476
100	[1, 3]	23.0	0.8012233749620606	0.9211427138430568	0.9377250972841251	136.29627011055052	227.1604501842509	61.576954089243046	0.00267725887344535
100	[3, 4]	6.0	0.8008598357611291	0.9531814788851449	0.9220567799006542	76.94226250106026	128.23710416843377	17.95597161833035	0.0029926619363883915
100	[2, 4]	33.0	0.800445847946063	0.9236944653690898	0.9361341066478002	91.49763794353267	152.4960632392211	93.84084390081627	0.0028436619363883717
101	[1, 3]	35.0	0.8125454314861968	0.9040666378947951	0.9525532264881048	77.3608489721807	128.93474828696785	98.93316777359293	0.0028266619363883695
101	[3, 4]	20.0	0.8100834245530537	0.9585659690495465	0.9246900475380704	156.34930553700093	260.58217589500157	56.793238727767424	0.002839661936388371
101	[1, 2]	23.0	0.801322808752559	0.9345819788338552	0.9311615205286374	85.96780054220373	143.27966757033954	66.83022453693275	0.00290566193638838
101	[1, 2, 4]	29.0	0.8162596263406584	0.9303230083718337	0.9382273585607026	207.79724144127388	346.32873573545646	85.33719615526317	0.002942661936388385
101	[1, 2, 3]	17.0	0.8753824689312603	0.9027229382248442	0.9855274259805166	120.48766518013453	200.81277530022422	51.793252918602775	0.0030466619363883987
102	[0, 1]	17.0	0.8316660463441006	0.9083603869915491	0.9605786283604397	187.63472262043462	325.6959733093158	43.35440084857066	0.002550258873445333
102	[2, 3]	4.0	0.8004965673666445	0.9403084807810308	0.9280993249860019	76.06596304411336	126.77660507352229	11.842647745553549	0.0029606619363883873
102	[1, 2, 3]	46.0	0.8183318727510748	0.9602030654749031	0.9243969441990373	154.74062655237992	257.90104425396646	123.47590817848614	0.002684258873445351
103	[0, 1]	35.0	0.8019614116462449	0.9777882961801246	0.9117112523897903	130.42440662307885	242.27101660046884	89.39906057058668	0.0025542588734453336
103	[0, 2]	42.0	0.9169672573424676	0.922569175079529	0.9972917411057717	115.04651179721176	216.64119189069038	106.94287268470397	0.0025462588734453326
103	[0, 1, 2]	11.0	0.8271279632884679	0.9043682630723552	0.957927242910912	178.24900340287957	321.97867790013674	28.08584760789867	0.0025532588734453335
103	[1, 2]	43.0	0.827789904627967	0.9215093254901199	0.9520650910612021	111.02708838546857	185.04514730911424	110.69313155814946	0.0025742588734453363
104	[0, 1]	20.0	0.8118460136431674	0.9036963737577486	0.9522653220085561	76.87952933169193	153.75905866338385	48.925177468906384	0.0024462588734453193
104	[0, 2, 3]	20.0	0.8435303179703572	0.9016588458934813	0.9685777741822577	322.5021117778442	576.3753860810481	51.9851774689068	0.0025992588734453396
104	[0, 1, 2, 3]	25.0	0.8688355937070122	0.9023723025276238	0.98164222519791	361.4468812263481	654.2649249780557	65.40647183613355	0.002616258873445342
106	[0, 1]	10.0	0.9036228940802319	0.9036228940802319	1.0	156.70729662561763	290.55396579299673	29.35661936388384	0.002935661936388384
107	[0, 1]	10.0	0.8010020669267438	0.9283519972140788	0.9341894958119386	149.86055792232153	262.5447573282276	26.452588734453457	0.0026452588734453457
107	[2, 4]	49.0	0.8058222991122745	0.9864702921089444	0.9092889686325777	261.51771408649745	435.8628568108291	131.47968479882218	0.0026832588734453508
107	[3, 4]	4.0	0.8006672679141128	0.9504524897488918	0.9233521167849198	77.02691899756539	128.37819832927565	12.042647745553575	0.003010661936388394
108	[0, 1]	13.0	0.9015650893018516	0.9015650893018516	1.0	233.29369406726136	388.82282344543563	37.721605173048935	0.0029016619363883794
109	[1, 2, 3]	33.0	0.8141530912355256	0.905079466397192	0.9500868013515479	388.8566450791173	648.0944084651957	88.08554282369651	0.002669258873445349
109	[1, 2]	46.0	0.8192803544424845	0.9461967835489281	0.9358414873365627	275.40919374593153	459.01532290988587	123.06190817848608	0.0026752588734453497
109	[2, 4]	37.0	0.8407093283998983	0.901300570829622	0.9690545998875271	108.87112114256611	181.45186857094353	105.36349164636977	0.0028476619363883723
110	[1, 2, 3]	23.0	0.8143077264597302	0.9299813886503849	0.9371237876521468	269.4992357512461	475.11512976903407	60.93295408924296	0.0026492588734453463
110	[2, 3]	18.0	0.8056137733059373	0.9930448172782856	0.9066436876252774	230.7894055201172	397.6954693067764	47.72265972201624	0.0026512588734453465
110	[4, 5]	15.0	0.80507937841679	0.9673805383952457	0.9175024205364946	266.72787636381037	458.95363181255345	43.28492904582566	0.0028856619363883773
111	[2, 5]	33.0	0.8044965015745899	0.9215492860382676	0.939386695072151	81.25521380502319	135.42535634170534	85.34654282369615	0.002586258873445338
111	[0, 1, 3, 5]	25.0	0.8071600019428228	0.9469690220759592	0.922142435631371	450.0180119951579	776.6394898376643	67.50647183613383	0.002700258873445353
111	[4, 5]	11.0	0.8372513507776127	0.9017221658072424	0.9669649112382817	131.3461776579103	218.9102960965171	31.61028130027213	0.0028736619363883757
111	[5, 6]	11.0	0.802153155334688	0.9519172298147679	0.9234988860320786	205.14220589835014	3009.6908793961734	36.08728130027273	0.0032806619363884297
112	[1, 2]	19.0	0.8674304476557034	0.9067140579443603	0.980299256978213	63.64292492396155	106.07154153993592	47.82791859546125	0.0025172588734453287
112	[0, 2]	24.0	0.8009583694628757	0.9858429134807107	0.907182236125333	110.84989401331971	184.74982335553287	63.43821296268828	0.0026432588734453455
112	[0, 1]	9.0	0.8002205030696783	0.9631144610780794	0.19407420364535113	94.51345876608214	157.52243127680353	23.834329861008115	0.002648258873445346
112	[0, 1, 2]	9.0	0.8827101413229451	0.9043384957870354	0.988609748585257	134.50313885168168	224.17189808613614	22.997329861008005	0.0025552588734453338
112	[1, 3, 4]	48.0	0.8220163392923974	0.9154265397714512	0.9494490120573635	281.42513918511304	469.0418986418551	135.91977294664176	0.00283166193638837
112	[3, 4]	32.0	0.8245938494822326	0.9953286725681183	0.915929539878635	257.7718943467511	429.61982391125173	91.797181964428	0.002868661936388375
112	[1, 4]	16.0	0.803284163409439	0.9200368323721342	0.9395333201889322	145.40069549385288	242.3344924897548	47.45059098221421	0.002965661936388388
113	[4, 5]	12.0	0.8039813948928783	0.9902091170362715	0.9066447081123998	132.56584549915624	250.4005531533231	36.391943236660765	0.003032661936388397
114	[1, 2]	8.0	0.8781871757871871	0.9007162176317345	0.9887407774492156	154.33756297873856	257.22927163123086	22.917295491106994	0.0028646619363883745
116	[0, 1]	14.0	0.8198455223504163	0.9053176845525783	0.9558834262695388	50.15920574514432	165.33797639520077	32.34362422823422	0.0023102588734453013
116	[0, 1, 2, 3]	18.0	0.863366029905852	0.9029404794171337	0.9782504098022701	182.48774386633775	398.74031862819623	45.45465972201593	0.00252525887344533
116	[0, 2]	26.0	0.8063904860004956	0.9596615550760392	0.18824915373757065	127.97342656493127	295.40920478026146	65.73473070957859	0.00252825887344533
116	[1, 3]	44.0	0.8069454233064579	0.9693983779483111	0.9177041592553491	54.514317301406514	103.33111384793483	111.90339043159462	0.002543258873445332
116	[0, 3]	46.0	0.8050789778360313	0.9659953445915971	0.19279331706907835	59.76741700242453	168.87774347841045	117.44990817848534	0.0025532588734453335
116	[2, 3]	36.0	0.8251250512131798	0.9132167259158938	0.15641630692195851	132.32853812119347	233.40234223299552	91.98931944403202	0.0025552588734453338
116	[1, 5, 6]	19.0	0.8008843434798018	0.9528248742721638	0.9180434250776044	184.1227302014073	319.3451353479362	54.865576791379176	0.0028876619363883776
117	[1, 2]	7.0	0.8773544717619751	0.9001848972380171	0.9885813477206434	96.56890562002171	190.29662149290226	20.42363355471867	0.0029176619363883815
118	[0, 1]	13.0	0.8760614570546922	0.900885772810266	0.9875789022260149	220.2270571509402	417.6910992792156	32.52936535478924	0.0025022588734453267
118	[0, 1, 3]	26.0	0.8024541249850017	0.9034991757113863	0.9440460686473963	276.5591109726721	511.5778556487688	66.77473070957872	0.0025682588734453355
118	[2, 3]	18.0	0.8088740704555399	0.9548938622296854	0.9258537777339413	185.41521274568177	322.4715169640477	47.59665972201623	0.0026442588734453456
118	[3, 4]	39.0	0.8103547906989825	0.9441507857789219	0.9317857819876008	184.15865609640397	321.1340493023035	110.04481551914638	0.002821661936388369
120	[0, 1]	20.0	0.8162928160615627	0.9011174737788631	0.9559852877717888	213.63392637140998	501.85107638656945	50.085177468906544	0.002504258873445327
120	[2, 3]	13.0	0.8004869872671987	0.961180657521568	0.9182577813043095	165.46051911093681	304.99199573631313	37.56560517304891	0.002889661936388378
120	[3, 4]	6.0	0.8020168773677531	0.9122065821133604	0.9426019429097331	130.97907044946484	425.3862234851636	18.735971618330453	0.0031226619363884088
121	[1, 2]	6.0	0.8863589299126176	0.9156650972479371	0.9855401850497492	86.76676724470192	159.7628848549564	16.92997161833021	0.002821661936388369
122	[0, 2]	44.0	0.8098386739939732	0.9081020683489257	0.16193079898186896	348.0087804181315	619.552921499892	116.78739043159527	0.002654258873445347
122	[1, 3, 4]	47.0	0.8771706934231782	0.9259321126468865	0.9745598909916403	288.0064336848812	493.26555390753805	126.11316705193148	0.0026832588734453508
122	[5, 6]	8.0	0.8709738830506364	0.9006944550826508	0.9850725694788713	119.8549799018182	276.62388960827695	23.653295491107095	0.0029566619363883867
123	[0, 1, 2]	12.0	0.8008621929137865	0.9367841385701244	0.9257558130089365	201.5730661130827	387.87832351799267	31.491106481344115	0.002624258873445343
123	[0, 1]	32.0	0.8154264589867832	0.9062218993360759	0.9531072094774349	169.41343100024963	320.8790836995905	83.4002839502509	0.0026062588734453405
123	[1, 2]	22.0	0.8002028492262055	0.9659635295521746	0.9158071819331788	140.6506944033449	273.64887656223425	57.79969521579755	0.0026272588734453433
123	[2, 5]	31.0	0.8084191484162325	0.9696573554199814	0.19243560750740302	94.020902885496	184.8302260520459	88.0605200280395	0.0028406619363883713
123	[2, 4, 5]	16.0	0.8225976326137029	0.901583822766936	0.10202539391493909	136.84995514009861	270.4883305612511	45.83459098221399	0.0028646619363883745
123	[2, 3, 4, 5]	34.0	0.866427134719226	0.9091447792391072	0.9766407634693867	205.2678097953949	384.5180883200782	98.86050583720493	0.00290766193638838
123	[2, 4]	26.0	0.800835501232981	0.9783023424200852	0.9103639128826901	74.98868736743563	152.65734432760735	75.15721034609783	0.002890661936388378
123	[3, 5]	19.0	0.8004473355958999	0.9979475393233023	0.9004498779674949	130.27912242795924	231.86074399247087	55.15057679137921	0.0029026619363883796
124	[0, 1]	15.0	0.8192346742470862	0.9017476437190409	0.9572785638726504	272.13653813000633	453.56089688334396	42.324929045825535	0.002821661936388369
124	[0, 2]	49.0	0.8540779261494785	0.9418489765219275	0.9564483108182441	170.07289227358353	283.45482045597265	138.2614348830301	0.002821661936388369
124	[1, 2]	41.0	0.8197503991237757	0.9896413837570391	0.19540153660430293	136.0318807711936	226.71980128532266	115.93413939192315	0.0028276619363883696
124	[0, 1, 2]	21.0	0.9039906698847879	0.9039906698847879	1.0	289.12065558739175	481.8677593123196	60.4309006641559	0.0028776619363883762
125	[1, 2]	5.0	0.8876804109731098	0.9001516632881004	0.9937991374961586	89.10440846914557	194.03559043443352	14.628309681941914	0.0029256619363883826
126	[0, 1]	14.0	0.838467941132742	0.9022964309161126	0.9673064566646099	139.98884669416825	246.23410124708758	35.437624228234625	0.0025312588734453306
126	[0, 2]	10.0	0.8008734167458675	0.9001339296980251	0.1629726561450313	165.95713531046667	289.5145822742516	26.23258873445343	0.002623258873445343
126	[0, 1, 2]	50.0	0.8788555552497076	0.9063972439228647	0.9854766459513644	212.92661335562357	367.79704568284643	132.26294367226728	0.0026452588734453457
126	[1, 2]	45.0	0.8176348099069949	0.9074426520667849	0.9537467285756445	119.90724470661223	199.84540784435373	120.43164930504075	0.00267625887344535
128	[0, 2]	18.0	0.8991002478157735	0.9007196090264866	0.9992002347634192	145.94473405545648	243.2412234257608	47.93865972201627	0.002663258873445348
128	[1, 2]	17.0	0.8602103902729904	0.9355038822264734	0.9626606380432667	185.73122037989137	309.55203396648557	47.96825291860227	0.002821661936388369
129	[0, 1, 2, 4]	22.0	0.821906777319399	0.9009465063131062	0.9556283976118002	167.55690318612844	279.261505310214	58.987695215797714	0.0026812588734453505
129	[1, 2, 3]	38.0	0.8122846361773797	0.9252339292599313	0.9387332008564361	145.35183658964246	242.25306098273748	102.26783719092337	0.002691258873445352
129	[2, 3]	49.0	0.8164491244274837	0.9706523019847707	0.9236983617259543	106.08523724064179	176.808728734403	132.21468479882228	0.0026982588734453528
129	[3, 4, 5]	6.0	0.8030970936759276	0.9006936292132817	0.9457134855779167	112.55857965872455	202.1170789980871	18.363971618330403	0.0030606619363884005
129	[3, 4]	47.0	0.8201738503423988	0.9075303452929671	0.9549737733658199	60.288573217958245	100.48095536326373	137.694111010254	0.002929661936388383
130	[0, 1]	4.0	0.853726871285201	0.9013450078793351	0.975866073549409	68.50534484727876	126.93362912957909	9.785035493781278	0.0024462588734453193
130	[0, 1, 2]	15.0	0.8718335648611998	0.905029217700072	0.9824105227486876	197.4984172284708	341.92208309823246	40.503883101680294	0.002700258873445353
130	[1, 2]	42.0	0.8056184938782743	0.9842285606029537	0.9104599935395945	159.61240290306677	278.77872588922577	113.70487268470487	0.002707258873445354
131	[0, 2, 3]	28.0	0.8009229678638135	0.9550035247265729	0.9168219589786808	320.2961609714918	547.2060043291967	74.12324845646968	0.002647258873445346
131	[0, 2]	27.0	0.8098555430855321	0.9301199199526489	0.17289089115458858	207.60872824132443	359.3936164455844	72.15098958302443	0.0026722588734453493
131	[0, 4]	10.0	0.8017720821256235	0.9902681447348799	0.9051227151546999	76.58421917126083	142.53110093225123	28.636619363883746	0.0028636619363883744
131	[4, 5]	8.0	0.8009402095247663	0.9552626272119907	0.9213177983919085	128.05326596335786	290.35169361476164	24.97329549110727	0.0031216619363884086
132	[1, 2, 3]	10.0	0.8050623833992153	0.9235999547945816	0.9350862491086737	205.60017751488002	368.3292790575692	25.952588734453393	0.002595258873445339
132	[2, 3]	32.0	0.8050901299922244	0.9793425266188908	0.911905940108628	113.21583799691118	188.6930633281853	83.72028395025094	0.002616258873445342
132	[2, 3, 4]	8.0	0.8262869591844054	0.961960180608871	0.928218468531402	173.0284802773308	288.380800462218	22.57329549110695	0.002821661936388369
132	[4, 5]	26.0	0.8127655188704715	0.9520021953301193	0.9290562519313719	204.98754903921989	387.0130734274916	77.31521034609811	0.002973661936388389
134	[0, 1]	14.0	0.8034217198350726	0.9020172160329267	0.9484018537750314	168.14052253720453	330.20800950952514	35.605624228234646	0.002543258873445332
134	[1, 2]	11.0	0.8017912479110644	0.9203657230281511	0.9384899298468706	166.01019936650198	289.7149444494488	28.899847607898774	0.0026272588734453433
135	[0, 1]	11.0	0.8002403429403009	0.9351529138977182	0.9304538688175152	124.48760101593842	220.4206617495353	27.612847607898605	0.002510258873445328
135	[0, 2]	11.0	0.8252373197295476	0.9044380443609441	0.1518920538821977	166.6586822517759	290.7057971425978	28.954847607898785	0.002632258873445344
135	[0, 1, 2]	13.0	0.8664556858530992	0.9021872721645051	0.9809947313324512	213.49832292988677	368.77186493944924	34.687365354789534	0.0026682588734453488
135	[1, 2]	25.0	0.8037046342359518	0.9129319865050326	0.9432312411944098	135.8503625920592	226.4172709867654	66.5314718361337	0.002661258873445348
135	[3, 4]	29.0	0.8012940426876435	0.9202340823592285	0.9383609711798999	189.7770613365089	316.29510222751486	82.72719615526282	0.002852661936388373
135	[3, 5]	26.0	0.8015935833433777	0.9401620412994196	0.18232501798790907	182.10714038620765	303.51190064367944	75.0012103460978	0.002884661936388377
135	[4, 5]	30.0	0.80389874635288	0.9850216198415608	0.9088484163540127	200.39179728491624	333.9863288081938	87.61985809165147	0.002920661936388382
136	[1, 2]	21.0	0.8031924074186845	0.9783937363709141	0.9117298381739972	101.35266570323964	181.95852604684637	53.723436342352024	0.002558258873445334
136	[1, 3]	50.0	0.8314569073114352	0.9039193706665706	0.962684266097817	158.7887833600313	264.6479722667188	131.66294367226723	0.002633258873445344
136	[1, 2, 3]	12.0	0.801317196019152	0.9357587575354369	0.9267838037614518	190.0785830595041	329.8350549739538	31.935106481344178	0.002661258873445348
136	[4, 5, 6]	44.0	0.8225386331091982	0.9465513675239857	0.9337862796574199	444.3096560029347	740.5160933382244	126.00112520108847	0.0028636619363883744
137	[1, 2]	26.0	0.8014332799887622	0.9371558518799435	0.9301439712928415	277.8491560983572	463.08192683059536	70.20673070957918	0.002700258873445353
138	[0, 1]	21.0	0.8030969201000041	0.9150823022704984	0.941737902583946	146.61284973129574	270.0579000050016	53.744436342352024	0.0025592588734453343
139	[8, 9]	12.0	0.8005963021144796	0.9405090429383413	0.9283360244392576	80.82118075177075	164.6659928299386	37.087943236660855	0.0030906619363884045
139	[6, 7, 8]	50.0	0.807398953845161	0.9804539870041389	0.15101844604329176	122.85300195914064	234.7190281755551	155.1330968194203	0.003102661936388406
139	[6, 7]	36.0	0.8040507952791452	0.9773968372380119	0.1987934460753041	59.92854964746728	99.88091607911214	112.41582970998272	0.0031226619363884088
139	[6, 7, 8, 9]	25.0	0.8140414257517598	0.901918239977758	0.9501571232609995	140.74973039923802	264.5469089090507	77.96654840971021	0.0031186619363884082
139	[6, 8, 9]	41.0	0.8006946262004652	0.9198981367015009	0.9345066967046884	97.2754435908137	192.08976422834354	128.39813939192481	0.00313166193638841
140	[0, 1]	14.0	0.9167709833209653	0.9167709833209653	1.0	171.47781057111567	300.21232814400116	39.50326710943716	0.002821661936388369
141	[0, 1, 5]	12.0	0.812442126486114	0.9020305313795682	0.9506161077615921	96.84194070769716	210.24139995491296	28.755106481343752	0.0023962588734453127
142	[1, 2]	41.0	0.8241540295562803	0.9042894598895921	0.15242359901032226	204.4349080838178	340.72484680636296	117.20513939192332	0.0028586619363883737
142	[1, 2, 4]	38.0	0.8199659246405843	0.9015452062197565	0.10352767936890435	233.0718982094495	436.1814805584687	109.08515358275827	0.0028706619363883753
142	[1, 3, 4]	46.0	0.8094897382573613	0.9064795477913147	0.9465588172687698	285.2492877507773	537.4638835180091	132.69444907386534	0.002884661936388377
142	[2, 3, 4]	25.0	0.8113153296441935	0.9118941244898637	0.9449898803164529	337.32579442895684	624.2580613149751	72.24154840970945	0.002889661936388378
142	[2, 3]	22.0	0.810002066607305	0.979204486645913	0.9152791362515754	308.6888043033251	528.8014275628693	63.77056260054434	0.002898661936388379
143	[0, 1, 2]	15.0	0.8143680358728792	0.9035513629185706	0.9509705221934643	364.4540779261986	633.6818292568232	39.303883101680135	0.0026202588734453424
143	[0, 1]	39.0	0.8034556228914393	0.973412996206168	0.9141682559371926	259.78010228329094	459.2252031853106	102.5410960643684	0.0026292588734453436
143	[0, 2]	26.0	0.8028735330444944	0.9697367785709485	0.19565432089041024	245.40282283206776	422.0351535339241	68.67273070957899	0.002641258873445345
143	[1, 2]	34.0	0.8058968321542214	0.9118803648013994	0.9449368735812627	223.7252307370385	386.103301794412	90.78880169714188	0.002670258873445349
143	[4, 5]	30.0	0.8064067879667887	0.9810571027584496	0.9121962960339457	361.4524448610381	602.4207414350634	85.09985809165111	0.002836661936388371
143	[3, 4, 5]	39.0	0.8053417411858561	0.9067309964967546	0.9440722938097543	429.08108910729595	715.1351485121598	112.93081551914678	0.0028956619363883786
144	[2, 3, 4]	39.0	0.8468879837426299	0.9012277105198028	0.970742933867409	296.73786016121545	508.0042809053116	103.71109606436856	0.0026592588734453476
146	[0, 1]	5.0	0.9000719799093031	0.9000719799093031	1.0	63.61469390520556	211.43061416061116	11.646294367226519	0.0023292588734453038
147	[0, 1]	8.0	0.8556148362163287	0.903289623292279	0.9758907666919151	102.47548984135985	255.93113888567422	19.38607098756253	0.0024232588734453163
147	[1, 2]	28.0	0.8253868010652892	0.9180851557400307	0.9524894695270395	176.14400199685954	306.17757729421055	74.1792484564697	0.0026492588734453463
147	[1, 3]	38.0	0.89453756440196	0.9762634370300789	0.9610994474954262	133.13858393059587	248.66225882371927	107.22315358275802	0.002821661936388369
147	[3, 4]	13.0	0.8043502776536796	0.9419091522894302	0.9295881615790177	172.07761683179277	315.62942208345925	36.85060517304882	0.0028346619363883705
147	[1, 4]	40.0	0.8060442460419366	0.9338985667112754	0.9342529278245841	84.31429917919759	167.8010883219638	114.90647745553503	0.0028726619363883756
147	[1, 3, 4]	16.0	0.9010077769239443	0.9034979233138437	0.9987015946745413	194.76524997079312	366.04638461457114	45.850590982213994	0.0028656619363883746
148	[0, 1]	6.0	0.8513663795405648	0.9011941905482124	0.9747434667449992	99.39372595598638	178.24299060615135	14.881553240671943	0.002480258873445324
148	[0, 2]	44.0	0.8280927502800682	0.9015132762158891	0.14868729279904924	275.35171296019786	484.77390510073604	115.5113904315951	0.002625258873445343
148	[1, 2, 5]	27.0	0.8062019333546911	0.9180038998918744	0.9386846913275151	280.1357903945009	480.1605868117337	72.15098958302443	0.0026722588734453493
148	[1, 5]	47.0	0.8263766259871504	0.9006756783204796	0.9616397015032291	65.20062469593827	108.6677078265638	127.19416705193163	0.002706258873445354
148	[4, 5]	23.0	0.8024769607977453	0.9607478426357174	0.91971847182794	129.5814511855921	215.96908530932018	67.12922453693278	0.0029186619363883817
149	[0, 1]	8.0	0.8455275803683447	0.9029509472737636	0.9708945944352935	76.59871691537651	153.1945471000185	19.394070987562532	0.0024242588734453164
149	[0, 4]	14.0	0.822791040963883	0.9021351515851639	0.9588403706319628	69.95717842532007	142.68817022001284	34.82162422823455	0.0024872588734453248
149	[0, 1, 4]	24.0	0.8577426928816408	0.9096684419404288	0.9723226935990344	100.57588073018226	206.47713335514243	59.14221296268772	0.0024642588734453217
149	[1, 4]	20.0	0.8045438042932792	0.9869604783404524	0.9086581212046214	54.595866119667946	117.07154939025347	51.10517746890668	0.0025552588734453338
149	[0, 2]	40.0	0.8130571845064547	0.9675324408842175	0.9219827143577451	254.6876064159418	450.63026208966727	105.89035493781384	0.002647258873445346
149	[0, 2, 3]	26.0	0.8002128915758039	0.9486663568480387	0.9184991994705742	432.7020882232763	747.3210651018913	69.19273070957904	0.002661258873445348
149	[1, 2, 3, 4]	30.0	0.8055349425031235	0.9136468777606254	0.9390167035964356	441.31793973242986	774.987030527256	80.07776620336047	0.002669258873445349
149	[4, 5]	11.0	0.8009297088855388	0.9572120889643528	0.9198310212315507	74.9331967409585	138.2093077987118	32.468281300272245	0.002951661936388386
150	[0, 1]	15.0	0.8042735370684913	0.9615780081160011	0.9200682127841799	124.56669747075084	620.4592820675383	33.51388310167937	0.002234258873445291
150	[1, 2]	17.0	0.8059489832530865	0.9042274936633524	0.948660297276497	37.694101926767225	87.84381151586057	40.88940084857034	0.002405258873445314
150	[1, 2, 3, 4, 5]	21.0	0.8953062530340494	0.9109429048230648	0.9914753026606556	395.01452489974815	696.4693410984543	55.235436342352216	0.0026302588734453437
150	[1, 3, 4, 5]	24.0	0.817005366620415	0.9110160923927669	0.9471001929882161	372.00532901594113	645.3377946899942	63.24621296268826	0.0026352588734453444
150	[2, 3, 5]	32.0	0.8073723559886288	0.9226657401573558	0.9375630598322244	308.2753755216017	539.6666704324099	84.84028395025109	0.0026512588734453465
150	[1, 5]	31.0	0.8022806599118035	0.9143413124074232	0.9417764028062194	119.2885058195235	211.0515980683393	83.83202507680595	0.0027042588734453536
150	[1, 7]	35.0	0.817094931144367	0.9954368403647296	0.9115176944245232	163.45987439161814	313.84210810980255	103.2381677735935	0.002949661936388386
150	[1, 6, 7]	18.0	0.8343722555056934	0.9040501039639078	0.9622767306549257	276.3744326129701	516.5092638917163	52.93191485499092	0.0029406619363883846
150	[1, 6]	46.0	0.8132271842725302	0.9200530934289789	0.9450151280085531	127.59946426431215	239.37942088931422	136.14444907386581	0.002959661936388387
151	[0, 1]	29.0	0.8670145538925058	0.9011522132896058	0.9828775618903237	102.58552874447238	196.45578180310787	76.88650732991505	0.0026512588734453465
151	[2, 3]	47.0	0.8264796740416112	0.9132728250197567	0.9557298244982979	367.68455343935176	612.8075890655862	134.8741110102536	0.002869661936388375
151	[4, 5]	21.0	0.8018259394254841	0.933627166666831	0.9319962627292957	155.09493154762274	417.8093664539239	63.60190066415632	0.0030286619363883963
151	[1, 4]	26.0	0.8130110932267809	0.9654228864375554	0.9232276382674879	150.03101689356856	279.8571357629634	78.56321034609829	0.0030216619363883953
151	[1, 4, 5]	14.0	0.8049292287687334	0.9062076939418308	0.9440607598587936	188.88472877382958	474.1256951642686	42.219267109437524	0.0030156619363883946
151	[1, 5]	22.0	0.8077919664659003	0.9590899225097105	0.9231835693573629	72.64350910646787	250.58488811164986	67.79656260054487	0.0030816619363884033
152	[0, 1]	9.0	0.8396090876969197	0.900086703084933	0.9691405191944149	157.3103001330426	275.19051161163424	23.24932986100804	0.0025832588734453375
153	[0, 1, 2]	22.0	0.8007275040352251	0.9465181395162777	0.9219308945102138	99.02334762881286	329.2411529217881	48.73569521579635	0.0022152588734452886
153	[1, 2]	32.0	0.8001569571510502	0.9790806972080178	0.9095315753053566	50.30957357586165	143.66487081530732	71.3682839502493	0.0022302588734452906
153	[0, 1]	35.0	0.8106380438986649	0.996988063067568	0.9075158957690745	70.18289830373503	257.1400296090935	80.99906057058556	0.002314258873445302
153	[0, 2]	33.0	0.8105290899706287	0.9977602960538589	0.9069820649887682	77.55422337802905	257.6774054191754	77.85554282369516	0.0023592588734453078
153	[0, 1, 2, 3]	45.0	0.870674147546302	0.9124306559995945	0.9773984503422471	130.6642765774656	381.9760345028761	110.44164930503942	0.0024542588734453204
153	[2, 3, 6]	24.0	0.822398971311916	0.9022445809519243	0.9565877808331062	78.06358126570024	154.13967654706522	62.19021296268812	0.0025912588734453386
153	[1, 3]	45.0	0.8032636186573658	0.9889252767518293	0.906811142700143	53.110053199436585	124.29862908370067	119.57664930504062	0.0026572588734453473
154	[1, 2]	39.0	0.8018863031965596	0.9249860760857582	0.9361762419123474	45.31494287398234	75.52490478997056	89.24209606436663	0.0022882588734452983
154	[0, 1]	43.0	0.8021803582095413	0.9748817643112799	0.19715900869725642	52.461377348158315	99.90544786114766	108.6721315581492	0.00252725887344533
154	[1, 7]	36.0	0.8054668349765121	0.9138585960485526	0.16743565594454882	42.27905515943596	383.09811061787434	108.95982970998226	0.003026661936388396
155	[0, 1]	6.0	0.8046775663042831	0.9019292466784543	0.9488535791090432	91.63362657588223	177.37673856388952	15.079553240671968	0.002513258873445328
155	[2, 3]	10.0	0.8013492878995558	0.9410481419526705	0.9282675297571465	96.29214122791073	225.54867699581987	28.666619363883747	0.0028666619363883748
156	[0, 1]	19.0	0.8814423112192387	0.9001023739563335	0.9906886636551151	222.45469077421936	409.23371136636916	50.60191859546161	0.002663258873445348
157	[1, 2, 3, 5]	34.0	0.8181735798722743	0.9339766765182752	0.9352836298475387	324.89794188111597	570.8753705113318	97.29650583720472	0.002861661936388374
157	[1, 3, 4, 5]	27.0	0.8780840423994442	0.9064281351882566	0.9845764857452849	180.75832335296656	330.81028928575034	79.4788722824864	0.002943661936388385
158	[1, 2]	14.0	0.810646484983308	0.9010077054962858	0.9529350879481353	232.33203023034739	401.9038100498645	40.00726710943723	0.0028576619363883736
159	[2, 3]	6.0	0.8036164488943757	0.951830162147083	0.924353938851382	87.27646226982606	160.47752587121542	16.92997161833021	0.002821661936388369
159	[1, 3]	24.0	0.969183157488406	0.9767591569856403	0.9965374578773281	215.25093997273527	388.0274720589449	67.71988647332084	0.002821661936388369
159	[1, 2]	30.0	0.8718474238734968	0.9464194880774971	0.9634919265136079	248.46708272514218	428.3709545581177	84.64985809165107	0.002821661936388369
159	[1, 2, 3]	19.0	0.8980216268353445	0.9004099396906078	0.9987501176719128	275.4972424838518	488.437976244139	54.73257679137915	0.0028806619363883766
160	[0, 1]	9.0	0.8055409820514049	0.9050340576967135	0.9481798246215574	92.08277321300781	273.6822114171412	21.890329861007856	0.0024322588734453175
160	[1, 2]	50.0	0.8445701593443935	0.9122605980904299	0.9656545590209811	215.66607701098212	372.1535765366998	134.21294367226756	0.002684258873445351
160	[3, 4, 6, 7]	47.0	0.8042413834665875	0.9607883203024675	0.9137356936243921	328.6857382375807	577.4220520614717	134.26311101025354	0.0028566619363883734
162	[1, 2]	34.0	0.8131305123200063	0.9118245120101764	0.9490817258048335	266.4619852797196	457.51071277571623	90.48280169714184	0.002661258873445348
162	[0, 1, 2]	39.0	0.8004182379193223	0.9961389769733615	0.8960520889283217	305.209053934572	535.004850085421	104.17909606436862	0.002671258873445349
162	[0, 1]	35.0	0.8010816070031284	0.9637329957650957	0.1938722549557904	143.3248196690847	265.19779297627554	94.50906057058737	0.002700258873445353
162	[3, 4]	25.0	0.8081159020425229	0.9079811469801107	0.9481321000633609	289.01597341587404	495.865516138161	71.81654840970938	0.0028726619363883756
163	[0, 4]	34.0	0.8004268885981278	0.9849356987475951	0.9072838429596718	172.78943759490312	314.0258402365134	87.49080169714144	0.002573258873445336
163	[0, 2]	46.0	0.8045582201521978	0.9038324152817677	0.9480997373198194	220.6460829937761	393.7869159013017	118.73790817848551	0.0025812588734453372
163	[3, 4]	3.0	0.8331644392258649	0.9020756302616508	0.9646304835184456	35.325597486680905	58.875995811134835	9.838985809165289	0.0032796619363884296
164	[0, 1]	13.0	0.8018761972140801	0.9771927993640552	0.9113710033688179	38.32280063973929	76.22181139928566	31.307365354789084	0.0024082588734453143
164	[0, 7]	20.0	0.8061148964836214	0.9934418919274728	0.9061665845403191	131.18195027959163	260.8233115374825	58.57323872776766	0.002928661936388383
164	[1, 7]	22.0	0.8065048825479774	0.9123268008071539	0.9454263327281158	139.86360612000252	262.94226093844713	64.47456260054443	0.0029306619363883833
164	[0, 1, 6]	27.0	0.8096467396223924	0.9750521957208504	0.14685149384189858	98.24123236239247	176.08586427037426	80.31587228248651	0.002974661936388389
165	[0, 1]	23.0	0.8037453320010756	0.9026552416324095	0.9482265460883484	239.26377795176913	425.34811466667605	61.9449540892431	0.002693258873445352
165	[2, 3]	29.0	0.8113613521006503	0.9856128883812555	0.9128803374976123	215.25674569474756	387.46714693279336	82.20519615526274	0.0028346619363883705
165	[2, 3, 4]	21.0	0.8016867084921078	0.9382303850637883	0.9256273065883149	293.8618008595011	518.4755722073826	60.11590066415586	0.0028626619363883742
165	[2, 4]	25.0	0.8104774228125426	0.9096031541393178	0.16240552823230966	259.4058841374424	446.6924123697603	72.11654840970944	0.002884661936388377
165	[3, 4]	8.0	0.8019647356797157	0.9058652272377384	0.945701066506161	113.06097188681224	202.79158511221158	24.109295491107154	0.0030136619363883943
166	[0, 1]	4.0	0.9736817353961079	0.9736817353961079	1.0	65.82884529806928	109.71474216344882	11.286647745553475	0.002821661936388369
167	[0, 1, 2]	26.0	0.8428912292581506	0.9139889501744578	0.9617889520121321	272.6585080780891	467.76633694772994	68.38673070957893	0.0026302588734453437
167	[1, 2]	37.0	0.8533748933882719	0.9165328255488635	0.9682158919549633	184.6442730820505	307.7404551367508	99.90957831747805	0.002700258873445353
167	[1, 4]	41.0	0.800388006808555	0.9097272210296872	0.943033960682043	171.29014774366632	285.4835795727772	110.62861381125947	0.0026982588734453528
167	[0, 1, 2, 4]	26.0	0.9082001014368682	0.9082801743253152	0.999957254456058	299.450161273884	512.4190922740548	70.38873070957919	0.002707258873445354
167	[2, 4]	31.0	0.8031413237402545	0.9546225597758695	0.9226848136356539	66.93743172997405	111.56238621662338	88.15352002803952	0.0028436619363883717
167	[3, 4]	12.0	0.8069999179864855	0.9657597488216716	0.9194676802740925	114.3389403100229	205.15611503574283	34.06394323666046	0.002838661936388371
167	[2, 3, 4]	43.0	0.8614651033626921	0.9033017427823433	0.9776781144569355	154.484718844202	272.0657459260413	122.3204632647	0.002844661936388372
168	[3, 4]	14.0	0.8000687639487669	0.9091222915599709	0.943067508235489	135.53954380241015	239.98297295139426	40.525267109437294	0.0028946619363883785
168	[3, 5]	48.0	0.801635272969361	0.9017549766184401	0.9475640841438508	141.48656851879727	280.389084049007	140.43177294664235	0.0029256619363883826
169	[0, 1, 2, 6]	40.0	0.8088570740071015	0.9088276305761567	0.9433615291684353	335.9491326509397	573.2034595520545	105.33035493781375	0.002633258873445344
169	[4, 5]	46.0	0.8266886633065335	0.9450134397108579	0.9396088202997155	154.71182960304182	257.853049338403	134.81044907386564	0.0029306619363883833
169	[5, 6]	5.0	0.800169809039505	0.9383465425241562	0.9288494639528169	68.84481547920811	114.74135913201351	15.50830968194203	0.003101661936388406
170	[0, 1]	40.0	0.8993403352582503	0.9271632209883501	0.12466272449310982	248.5346887197994	427.6340086536734	108.25035493781415	0.002706258873445354
170	[0, 2]	46.0	0.8169760879489623	0.9424724207240831	0.1748380204399267	233.76685588993215	403.1370592104685	123.33790817848613	0.0026812588734453505
170	[0, 1, 2]	19.0	0.9003950366472989	0.9009582216772735	0.9997057453621728	402.72690181042924	698.1466631986381	51.34291859546171	0.0027022588734453533
171	[2, 4, 5]	27.0	0.8000173469060137	0.9518290884016258	0.9192332017523039	126.17769721483846	223.34131774256835	69.61298958302409	0.002578258873445337
171	[0, 1, 4, 5]	43.0	0.81336837491046	0.9127157638772592	0.9439182780709702	138.2464568347583	267.75722029007153	112.19813155814965	0.002609258873445341
171	[4, 7]	41.0	0.8258732035039555	0.9772483951269276	0.9246771638509708	42.3787354281545	86.4259037297644	119.46013939192362	0.002913661936388381
171	[5, 7]	6.0	0.8089421550061462	0.9002700511677169	0.9526256332819507	35.60816128777248	75.14161349579439	20.445971618330677	0.0034076619363884466
172	[2, 3]	32.0	0.8115214853326302	0.9990052643299093	0.20421330038978322	209.7869289863632	363.1191822780881	85.22428395025113	0.002663258873445348
172	[4, 5]	27.0	0.811973663114603	0.95370514998837	0.9280809738631658	238.49544796362898	397.492413272715	77.66987228248615	0.002876661936388376
173	[0, 2]	17.0	0.8040732683017835	0.9486818124442186	0.9260829539683119	76.72615380842241	152.74882768966089	42.35140084857053	0.0024912588734453253
173	[0, 1, 2]	31.0	0.8451715824973942	0.9103481143215603	0.9649315248614225	140.6796774429334	259.3380337471792	79.5230250768054	0.002565258873445335
173	[1, 2]	33.0	0.8640562051417168	0.9044874632098681	0.9795124645716093	95.91024902681106	159.8504150446851	85.37954282369616	0.002587258873445338
173	[0, 1]	42.0	0.8121254577124695	0.9544838723238026	0.928443882478336	108.7229520506334	206.07682476001256	109.08487268470425	0.0025972588734453394
173	[2, 3, 4]	15.0	0.8009443483328262	0.9193625611664982	0.9347753277749251	137.67638775435137	244.29082243517956	42.579929045825565	0.002838661936388371
173	[2, 4]	26.0	0.8093401980587879	0.9730457806940563	0.9176319285825646	58.65104251256921	112.58191369887601	73.98721034609767	0.002845661936388372
173	[2, 3]	23.0	0.8089809403740661	0.9199788508888558	0.9424076982313075	110.98207063408219	184.9701177234703	66.34722453693267	0.002884661936388377
173	[4, 5]	46.0	0.8078626434576976	0.994143455648249	0.9073105081112415	180.34308425454824	360.5927971318643	138.85844907386615	0.003018661936388395
174	[0, 1]	11.0	0.8278927118085782	0.9026336308404306	0.9614452296439668	127.73914703384226	260.9491468199489	27.48084760789859	0.002498258873445326
174	[1, 2]	8.0	0.8033086668931497	0.9950064562429394	0.9039770839969602	126.60204749066473	211.0034124844412	20.89007098756273	0.002611258873445341
174	[2, 3, 4]	23.0	0.8341287414937221	0.9004327971363248	0.9638534442974735	330.96145508633447	551.6024251438907	64.96722453693249	0.002824661936388369
174	[3, 4]	25.0	0.801794782454707	0.9168183926329936	0.9400408810111123	274.43787251325784	457.3964541887631	71.79154840970939	0.0028716619363883754
175	[0, 1]	21.0	0.8071925304870383	0.9142849208533137	0.9444756785010501	190.91332837249493	369.0993685124641	54.059436342352065	0.0025742588734453363
175	[9, 10]	8.0	0.8008318049377758	0.9476349436930381	0.9247747544706699	92.082103971375	215.12611172746932	25.325295491107315	0.0031656619363884145
176	[0, 1, 6]	20.0	0.8449582142668685	0.9071651308975224	0.9666402380361352	123.99174165288619	218.75207586692304	50.925177468906654	0.0025462588734453326
177	[0, 1]	48.0	0.8014804639814331	0.9587279383134724	0.9199590287797825	141.33446517865823	261.68090007110385	124.7164259253763	0.0025982588734453395
177	[0, 2]	34.0	0.8031829364085938	0.967861576728791	0.9164653909152847	125.94954680353132	222.7544808903707	88.61280169714159	0.0026062588734453405
177	[2, 3]	21.0	0.8097145876755315	0.9596552601230316	0.18697458354586696	209.57353064560118	349.2892177426687	55.57143634235226	0.002646258873445346
177	[0, 1, 3]	29.0	0.8026082906581262	0.922255156584874	0.9343771026880262	286.5835828662567	503.762762883768	76.79950732991504	0.002648258873445346
177	[4, 5]	10.0	0.801206277887165	0.978594476178524	0.9104970455819494	183.7732111516543	321.02404462161115	29.016619363883795	0.0029016619363883794
178	[0, 1, 2]	10.0	0.8777061344927642	0.9019028203286584	0.9872173662091454	225.6598284050967	1904.5996598631257	21.572588734452808	0.002157258873445281
178	[1, 2]	7.0	0.8006200871162135	0.9845763248456927	0.9071336701361505	114.89963768797584	1035.8922816896286	16.48681211411715	0.0023552588734453072
178	[1, 3]	35.0	0.8019447960578203	0.9364225332778631	0.18032723718962737	69.15347119708197	610.9802919973162	79.87906057058541	0.0022822588734452975
178	[1, 2, 3]	10.0	0.803416510616067	0.9261155559770543	0.9329442463970148	130.1335256229518	1073.9770015270685	23.40258873445305	0.0023402588734453052
178	[2, 3]	41.0	0.8159592986072653	0.9440620504986802	0.9348969463139719	76.21394236084578	501.08142936719224	97.09861381125768	0.002368258873445309
178	[3, 5]	30.0	0.8054495049454297	0.9133390922807125	0.9438786410208608	71.90326630929258	146.0263929313763	78.15776620336021	0.0026052588734453404
178	[3, 4, 5]	21.0	0.8449504699076427	0.9097782752922309	0.9649677187343708	224.59275556131948	413.9026898647569	55.865436342352304	0.0026602588734453477
178	[3, 6]	22.0	0.8066538375960735	0.931170562391063	0.9358210521267649	216.33846699653367	402.40460944171105	64.49656260054444	0.0029316619363883834
179	[0, 5]	8.0	0.8023120912285165	0.9525337598922253	0.9230232496315016	24.996768999564868	41.66128166594145	25.13329549110729	0.0031416619363884113
179	[3, 5]	40.0	0.803486671507615	0.9712185580499804	0.9155277821525691	43.03779626346088	71.72966043910147	107.73035493781407	0.002693258873445352
179	[1, 2, 4, 5]	47.0	0.8381902945822566	0.9028718185372913	0.9633807131653672	298.9863259329355	526.9136044057886	132.66511101025333	0.002822661936388369
179	[2, 5]	40.0	0.8096433526136391	0.9622346685955068	0.9232392803091662	85.06718878698439	155.9244428057654	115.22647745553506	0.0028806619363883766
179	[0, 3, 4, 5]	18.0	0.803022710503032	0.9045247229890812	0.9420900511908993	146.09826668494358	257.9543774983441	53.09391485499094	0.002949661936388386
179	[0, 3, 5]	49.0	0.8837112899319836	0.9095476004386	0.9864458250440243	59.35466854431497	98.92444757385827	146.29743488303112	0.0029856619363883906
179	[0, 3]	40.0	0.8032255600428483	0.9635472004466192	0.19202732066799635	50.67477182560418	84.45795304267365	121.06647745553583	0.003026661936388396
180	[0, 1]	40.0	0.8446447646088578	0.9044945367002395	0.9695503815757754	139.352819565099	340.5739408631218	97.89035493781279	0.0024472588734453194
180	[1, 2]	22.0	0.8037371080070884	0.9281817270960562	0.9357612451926781	256.98106153238825	441.1556964651581	59.317695215797755	0.0026962588734453525
180	[3, 4]	45.0	0.8041060640379011	0.9021785677657511	0.9487128135737541	195.3460263555004	339.7669960227887	130.34978713747705	0.0028966619363883788
181	[0, 1]	45.0	0.891462030480145	0.9015257153006775	0.9950106847841701	194.62763819257955	349.748751699948	117.1016493050403	0.00260225887344534
181	[1, 2]	25.0	0.8211696795406364	0.9072235141091947	0.9556276176951132	147.59915876553714	245.9985979425619	67.65647183613385	0.002706258873445354
182	[0, 1]	6.0	0.8358390153019848	0.9045973046294038	0.9646692819094144	61.979702848995665	256.1934451504809	13.771553240671796	0.0022952588734452993
183	[0, 1]	13.0	0.804075263395246	0.9189665864324223	0.9403115244017726	87.35629826301802	218.11921111222043	32.04836535478918	0.002465258873445322
183	[7, 8]	36.0	0.8016321292327877	0.971848648581442	0.9139792604908005	54.18382690715502	237.46748206062108	111.44382970998258	0.003095661936388405
184	[4, 5]	20.0	0.8000420504407164	0.9178577170238148	0.9386953295277694	100.10379846336289	213.39966500600937	58.613238727767666	0.0029306619363883833
184	[4, 6]	35.0	0.8001456957924052	0.9649578267048587	0.9163322072606725	110.98260397082605	495.03466002617233	106.52816777359395	0.0030436619363883983
184	[5, 6]	2.0	0.8002690366404895	0.9601551019486978	0.918536039175377	67.82536205757644	439.8198743260333	7.09332387277693	0.003546661936388465
185	[0, 1]	38.0	0.8310715613062248	0.9124736263841373	0.9586545702114865	138.4975196839175	256.4565078627102	94.8578371909224	0.002496258873445326
185	[0, 2, 3, 5, 6]	25.0	0.8180761708772467	0.9028606873875429	0.9517075488010811	575.7306338129025	1012.3457080946787	66.50647183613368	0.0026602588734453477
185	[7, 8]	18.0	0.8312417516797899	0.9100318118228002	0.9598471101754527	81.99601101270585	166.98775432155165	53.65191485499102	0.00298066193638839
185	[6, 8]	34.0	0.8263848403720248	0.9011117429815595	0.9615769440242251	43.36887463626211	72.28145772710351	107.46250583720607	0.003160661936388414
185	[6, 7]	20.0	0.8035268601641978	0.9448137205174931	0.92782495380963	88.74935468513209	178.2433271089287	61.013238727767984	0.003050661936388399
185	[6, 7, 8]	38.0	0.834500721012416	0.9142564083288578	0.957053300394473	107.05712016705002	208.75626957879192	117.82515358275943	0.003100661936388406
186	[0, 4]	42.0	0.8393000628326814	0.9015438818031402	0.9681710290767719	65.67804245722253	136.8292551192136	118.6358013283115	0.002824661936388369
187	[0, 1]	20.0	0.8956362966021837	0.9028384185004893	0.996440322925502	242.3851724796992	417.4460925679311	54.145177468907086	0.002707258873445354
187	[1, 2]	40.0	0.9141809771665577	0.9176640425658824	0.9983098628355509	175.3578493635178	292.26308227252974	112.86647745553475	0.002821661936388369
188	[0, 1]	44.0	0.8019617159949041	0.9381714566789076	0.9300552898878052	65.41432036082207	224.14568889196968	105.0833904315937	0.0023882588734453116
188	[9, 10]	18.0	0.800744319832824	0.9804626510473945	0.9094456128777857	90.77391052215268	197.0985577836726	55.95591485499132	0.003108661936388407
189	[0, 1]	11.0	0.8463191805923171	0.9063091163612955	0.9695373952307383	111.05158071337011	198.26437791747537	28.19584760789868	0.002563258873445335
189	[1, 2]	38.0	0.8736447491989086	0.9179952883239995	0.9779753045699103	272.67292045846455	467.63327749263277	100.67183719092316	0.0026492588734453463
189	[0, 1, 2]	29.0	0.9076541545719254	0.9079759017730455	0.9998332144240469	352.09631702337424	600.0056051008156	77.06050732991507	0.0026572588734453473
189	[0, 2]	25.0	0.800535527109757	0.9167841242085732	0.17157612484764917	320.4681328749138	534.113554791523	66.88147183613374	0.0026752588734453497
189	[1, 3]	15.0	0.8854484176524884	0.9117078644691177	0.987015453575024	176.82218427725465	322.1167564189294	42.324929045825535	0.002821661936388369
190	[0, 2]	42.0	0.8013709005943379	0.982970265746421	0.9092275039989405	171.565528035874	285.9425467264566	121.19780132831184	0.0028856619363883773
190	[2, 3, 4, 5]	31.0	0.8799778263333958	0.9046096684561975	0.9866167471972568	212.24421685974883	368.63395412234473	93.11352002804018	0.003003661936388393
190	[3, 4, 5]	43.0	0.827772102814699	0.9557042941128655	0.9320204771656764	133.8760788185499	238.0203907203465	129.0714632647009	0.0030016619363883927
190	[2, 3, 4]	30.0	0.8549824835524061	0.9073750562635802	0.9717666290333897	193.48192233489937	337.3634632475956	90.37985809165181	0.003012661936388394
190	[3, 4]	40.0	0.8635421650316639	0.9168196200778176	0.9733315312219777	115.11378429370042	206.74989984559735	120.98647745553582	0.0030246619363883957
190	[4, 5]	24.0	0.8038387720187803	0.9871156765475113	0.9078878580845331	81.3153838204555	150.41923239018914	74.82388647332179	0.003117661936388408
191	[0, 1]	17.0	0.800498757491129	0.9885920113848793	0.9053955935137722	118.19453582458537	209.83953521245869	44.20440084857077	0.0026002588734453397
191	[0, 1, 4]	9.0	0.8635496444362256	0.9009581410649388	0.9799824457125877	136.08363160872221	254.56227467280078	24.02332986100814	0.002669258873445349
191	[2, 3]	8.0	0.8019545124704792	0.958761514215796	0.9205098638771471	127.41660500411662	257.8896875068006	25.101295491107287	0.0031376619363884107
191	[3, 4]	13.0	0.8167500543312687	0.9098399254510975	0.951958073576855	100.41398824545689	212.8290018815496	40.78960517304934	0.0031376619363884107
191	[2, 3, 4]	22.0	0.8847786098739132	0.9021822872787174	0.9908034308495296	145.30570078825343	302.61242696714277	66.71856260054473	0.003032661936388397
191	[2, 4]	15.0	0.863619715088472	0.9028615153025524	0.9802418520521515	62.78080832693339	134.50616454593523	48.63992904582637	0.0032426619363884247
192	[0, 1]	8.0	0.8006606851783941	0.9561228116929844	0.9206919147702043	121.34822119783065	239.30604861423254	20.05807098756262	0.0025072588734453274
192	[4, 5, 6, 7]	22.0	0.873095207205739	0.9762178698696921	0.9459144510344103	486.82195557872063	840.3025906263416	62.076562600544115	0.002821661936388369
193	[1, 2]	18.0	0.8003902079518043	0.9317699439794908	0.9322474162491794	242.55608742937437	404.260145715624	47.63265972201623	0.002646258873445346
193	[0, 1, 2]	14.0	0.8788854496119942	0.903153090893944	0.9871831543542016	282.0347775443509	470.0579625739183	37.36962422823488	0.002669258873445349
193	[0, 1]	43.0	0.8069333225463334	0.9372653665637588	0.9331727873740053	176.84166244334804	294.73610407224675	114.82113155815	0.002670258873445349
193	[0, 3]	17.0	0.8323884348917797	0.9313276374579813	0.949947869731188	201.2646649342892	335.4411082238153	47.96825291860227	0.002821661936388369
194	[0, 2]	10.0	0.8607474383407656	0.9021702421284388	0.9791175027090221	67.22300789708527	149.62829006821698	23.54258873445307	0.002354258873445307
194	[0, 1, 2]	6.0	0.8937928379451493	0.9012184086681645	0.996107404617735	114.57121712516529	228.541972115017	14.977553240671956	0.002496258873445326
194	[0, 1]	10.0	0.801685529547345	0.9123223245133076	0.9422638793759724	98.95005231666937	189.4890600937772	25.492588734453328	0.002549258873445333
194	[1, 2]	26.0	0.8032491881784596	0.9325101915561785	0.933340500937129	62.969374036575914	117.96659406803981	67.58073070957883	0.0025992588734453396
194	[2, 3]	15.0	0.8034903050997703	0.9738275379762196	0.9137755939984196	154.34882887294137	270.2656854619823	43.80992904582573	0.002920661936388382
194	[2, 4]	24.0	0.8043527794753121	0.9241355954154435	0.9379335790633823	207.0467387339368	724.9945519207364	75.35188647332185	0.003139661936388411
195	[1, 2]	20.0	0.8034779302578973	0.9394346393288502	0.18091332067312174	72.67661042430467	134.49017888373143	53.045177468906935	0.0026522588734453467
195	[0, 1]	14.0	0.910907543185903	0.91096804864477	0.9999704795264779	144.15485529455407	253.6205870008138	36.291624228234745	0.0025922588734453387
195	[0, 1, 2]	12.0	0.9011452149199171	0.9011452149199171	1.0	160.70898737731932	281.21080713875585	31.14310648134407	0.002595258873445339
195	[0, 2]	13.0	0.8273421811280149	0.9012856953895788	0.14920705040269952	104.58650903577987	174.31084839296645	34.96036535478957	0.0026892588734453516
196	[2, 5]	36.0	0.8005141175854165	0.9647713817800782	0.9166032416376773	137.03428509940312	243.39794858863152	102.15582970998136	0.002837661936388371
196	[3, 5]	46.0	0.8150312941264544	0.9100750540014555	0.9508924119487935	111.65223529394778	201.094532246206	131.17644907386514	0.002851661936388373
196	[4, 5]	21.0	0.8176090654495582	0.9523798407823814	0.9317138038533426	192.88676637919846	351.03570810915636	61.417900664156036	0.0029246619363883825
197	[0, 1]	13.0	0.8697587468381863	0.9005097189248529	0.9845323458203405	152.09434715291604	253.49057858819342	34.01136535478944	0.002616258873445342
197	[1, 3, 4]	17.0	0.852736631107785	0.901663986099088	0.08507003456136056	223.70119167496944	388.0997090671331	48.410252918602325	0.0028476619363883723
197	[2, 3]	38.0	0.854400687537224	0.9236454846148068	0.9653496532220102	214.89367884324813	358.1561314054136	110.1111535827584	0.002897661936388379
197	[2, 3, 4]	18.0	0.8039733713651336	0.9220142527772007	0.9352570978069229	260.68684766980016	449.7424690585177	52.26591485499083	0.0029036619363883797
197	[2, 4]	33.0	0.8012653113856439	0.9812988600382768	0.9091548009256556	122.66003832461229	219.69778681653784	96.94284390081667	0.002937661936388384
198	[0, 1]	24.0	0.8049448986030766	0.9332054752710526	0.93407115195276	206.1580129425887	356.8297870981342	62.40621296268815	0.0026002588734453397
198	[3, 5]	39.0	0.8105580510789493	0.982010778628243	0.9141572883412196	198.21346488361615	359.3014305741271	110.39581551914642	0.00283066193638837
198	[3, 4, 5]	49.0	0.8035766289691394	0.9407527164054186	0.9255617337780898	250.84528415356843	461.6410791545899	139.38843488303021	0.002844661936388372
198	[3, 5, 6]	44.0	0.8021835892231037	0.9240934863731739	0.9332723654854118	295.6095532598899	536.3852276218975	126.79312520108857	0.0028816619363883768
198	[4, 5, 6]	28.0	0.8032345330340858	0.9739444901165988	0.90865573837923	185.16577721228623	352.6273405575252	83.26253421887489	0.002973661936388389
198	[4, 5]	20.0	0.8020614963892877	0.9296070623653414	0.9341310723228824	87.76968883601249	175.54354350975487	61.77323872776808	0.0030886619363884042
198	[5, 6]	18.0	0.8040263300178632	0.9401960234712889	0.9301279595244019	132.53395794233393	250.28769197706242	54.37191485499111	0.003020661936388395
198	[4, 6]	14.0	0.8036761321996019	0.9358079971073692	0.9318871993037385	150.02790764622603	279.4234456282332	42.14926710943751	0.003010661936388394
199	[0, 2]	5.0	0.8237968162535518	0.9008904887943188	0.9600992482866879	54.602897937040325	91.00482989506719	12.286294367226603	0.0024572588734453208
199	[4, 5, 6]	28.0	0.834881645709376	0.9188001412428235	0.9549899585970737	172.35094889701	316.0949438073361	80.32253421887451	0.002868661936388375
199	[5, 6]	14.0	0.8012404411519809	0.9483405668157596	0.9255938174718272	61.8129781206979	117.6934577985708	44.655267109437844	0.0031896619363884176
199	[2, 6]	26.0	0.8049607751392769	0.9399793249221693	0.9308662515069868	41.94092589945932	69.90154316576555	80.43521034609853	0.003093661936388405
199	[2, 4, 6]	50.0	0.882861639233736	0.9257958283521359	0.9776508439240028	152.47889667577144	268.3030291745309	144.73309681941893	0.0028946619363883785
199	[2, 5]	10.0	0.8004956019479917	0.9381452948129895	0.9290284382767267	50.55272024631808	98.92636134127109	30.666619363884013	0.0030666619363884013
199	[2, 5, 6]	22.0	0.8645030202149601	0.9071888630577132	0.9773081653668628	77.15331213323766	143.26068115280373	67.79656260054487	0.0030816619363884033
200	[1, 2]	29.0	0.8012188817207211	0.9218910013412587	0.9374567060706918	79.8960178046032	146.32265142679526	76.480507329915	0.0026372588734453447
200	[2, 3]	16.0	0.8008159134016639	0.9562728457096933	0.9209455791647981	137.39670728252213	228.9945121375369	42.1161419751255	0.002632258873445344
200	[1, 3]	46.0	0.8159604548144803	0.9504195055463512	0.9318248271947271	120.6812738897106	214.29807823530763	121.6819081784859	0.0026452588734453457
201	[0, 1]	42.0	0.8490348707726091	0.9013305154611011	0.9734236116520796	296.5749432505359	507.627458807849	110.84887268470449	0.002639258873445345
201	[0, 1, 2]	24.0	0.8474845083741858	0.9054716781934516	0.9688185350446716	457.8717427253491	776.4554579325377	63.58221296268832	0.0026492588734453463
201	[0, 2]	34.0	0.8032497990720294	0.9006577568722895	0.9489786104696966	377.33816439749944	642.2328273861217	90.17680169714178	0.0026522588734453467
201	[1, 2]	47.0	0.8180169406663328	0.9215078027748351	0.16418180228932483	241.8303778026628	403.0506296711047	125.26716705193137	0.0026652588734453484
201	[3, 4]	35.0	0.8130344049111862	0.9206678834435796	0.9445613438692239	235.07773515820028	420.9745928240373	101.13816777359322	0.002889661936388378
202	[0, 1]	4.0	0.804280610620565	0.9001567421066197	0.9498486444349323	70.42973015675476	400.25721214352717	9.321035493781215	0.002330258873445304
202	[1, 2]	36.0	0.8016867220274814	0.9721579473364184	0.9140168380493987	94.09725325855786	169.2725691528917	95.4813194440325	0.0026522588734453467
203	[0, 1]	19.0	0.8418965630215615	0.9097311264786442	0.9655224881071957	177.82390987502177	309.25687903097133	51.152918595461685	0.002692258873445352
203	[0, 2]	8.0	0.823365429809802	0.903539576201192	0.9586382895370269	60.456305537893776	128.64282861934856	23.02129549110701	0.0028776619363883762
204	[0, 1, 2, 4]	50.0	0.8379177832205414	0.9001105074336084	0.9652546499038029	436.27467467082204	755.4789228886642	133.8129436722675	0.00267625887344535
204	[3, 4]	20.0	0.8011976336902329	0.922491855772497	0.9371416937701582	161.89123764522282	284.68725575881484	57.333238727767494	0.0028666619363883748
205	[0, 1]	12.0	0.8825435440349814	0.9024336708421751	0.9900938044622462	208.4453137496307	347.40885624938454	31.82710648134416	0.0026522588734453467
206	[3, 6, 7]	28.0	0.8108553846424048	0.9132247447846239	0.9439529159187655	173.5562220481653	430.04316840543424	84.57853421887506	0.003020661936388395
206	[7, 8]	47.0	0.8225396576890963	0.902807897182318	0.958491305051069	112.99733003759827	313.90314462186365	157.05811101025657	0.003341661936388438
207	[1, 2]	12.0	0.8003206742805312	0.9396009871636815	0.9284341444095976	136.1073093254908	226.84551554248472	31.191106481344075	0.0025992588734453396
207	[0, 1, 2]	9.0	0.8179239464516879	0.900948329597037	0.9544043880767411	173.3291509917219	301.28919887494686	23.330329861008046	0.0025922588734453387
207	[0, 1]	22.0	0.8044159084082327	0.9918901309354548	0.9062737546482991	116.67700315407805	206.86895247887384	57.27169521579748	0.00260325887344534
207	[0, 2]	16.0	0.8028935767694392	0.9929498947921527	0.20625540476650575	93.87398950387491	168.86392972853523	42.30814197512553	0.0026442588734453456
207	[2, 3, 4]	37.0	0.806831677304689	0.9033880052928988	0.9465476105833506	244.55436661383828	407.59061102306384	105.32649164636977	0.002846661936388372
207	[3, 4]	12.0	0.8171173337962797	0.9029717198339021	0.9553419952679107	187.90221877619445	313.17036462699076	34.78394323666055	0.002898661936388379
208	[0, 4]	14.0	0.8528555701670872	0.9033034399753764	0.974412810771942	122.27356903810482	242.2016429135279	34.69562422823453	0.0024782588734453236
208	[1, 4]	34.0	0.8087855703852294	0.9897923919160034	0.9095596614337719	165.1149199870985	301.3242791851489	88.06880169714151	0.0025902588734453384
208	[1, 2]	50.0	0.830311084783541	0.9266857437882254	0.1601132943471855	292.4416068291566	513.7520881311464	131.66294367226723	0.002633258873445344
208	[5, 7]	28.0	0.8005500298781044	0.9791195826022808	0.20123788241751273	306.36223815381044	510.6037302563506	79.48253421887438	0.002838661936388371
208	[4, 5, 7]	30.0	0.8037944207494682	0.9534309952485229	0.13959764958400972	321.98557732660186	549.6620781883292	85.42985809165117	0.0028476619363883723
208	[5, 6]	41.0	0.8064260589466714	0.9695198308410206	0.91773741653323	340.2738971351189	581.3485543847563	117.0411393919233	0.002854661936388373
208	[4, 5, 6]	38.0	0.8023427747542381	0.9015624342958215	0.9449987372822022	355.89723630791036	620.4069023167349	108.85715358275823	0.0028646619363883745
208	[4, 7]	42.0	0.8021421074241497	0.9038482701881586	0.9467929320191758	101.20497713177151	181.6944111969454	121.6598013283119	0.0028966619363883788
210	[1, 2]	37.0	0.8002280246391195	0.9319416240810624	0.9320767057160948	328.1684743706427	560.2957982621097	99.50257831747801	0.0026892588734453516
210	[3, 4, 5]	24.0	0.8013986515395604	0.9038674904556047	0.9432154690877951	319.198932283416	561.2297638451267	68.48788647332096	0.002853661936388373
210	[3, 5]	39.0	0.8843310323242666	0.9127137726791786	0.9859658082538418	276.2242824654742	489.60534748189025	111.99481551914664	0.0028716619363883754
210	[3, 4]	34.0	0.8091270641432124	0.9600331309045773	0.9236397836262686	265.26259403850975	456.35355059114244	97.63650583720477	0.0028716619363883754
210	[4, 5]	5.0	0.800548710009912	0.9319628667180154	0.9321526179651103	96.91098806284818	176.5006296172209	14.628309681941914	0.0029256619363883826
211	[0, 2]	22.0	0.803344171285697	0.9586047651859302	0.9211476447766015	55.14595974329037	105.25691317672111	55.8856952157973	0.002540258873445332
211	[0, 1, 2]	32.0	0.8686868728762684	0.9018630073690598	0.9823574461492859	118.49829501971266	210.84413863742492	81.38428395025063	0.002543258873445332
211	[1, 2]	9.0	0.8019852171513008	0.9075888387841293	0.9452674441303337	95.38508792739151	172.3221268168897	22.90732986100799	0.0025452588734453324
211	[0, 1]	17.0	0.8025250581344135	0.997226162641467	0.9028987876838744	86.4655423687434	144.10923728123902	43.93240084857074	0.0025842588734453376
211	[0, 3, 4]	28.0	0.8173239423165227	0.963479082449444	0.9218762668657834	203.26895731316463	338.781595521941	81.1065342188746	0.0028966619363883788
211	[0, 3]	44.0	0.821820242979147	0.9856929482098931	0.917999923246869	151.48277438140354	252.47129063567252	125.56112520108842	0.002853661936388373
211	[0, 4]	23.0	0.8705592582025882	0.9068677466539079	0.9818465322904125	74.89939002408222	124.8323167068037	68.55522453693297	0.00298066193638839
211	[3, 4]	18.0	0.8013649537369958	0.9134463120030204	0.9409525708121327	180.15575022084352	300.2595837014058	52.26591485499083	0.0029036619363883797
212	[0, 1]	33.0	0.8041239438679945	0.9528986338958886	0.9241192962134125	83.61483588495938	151.74856670147096	84.09254282369598	0.002548258873445333
212	[0, 1, 2]	27.0	0.8058494857276028	0.906501902490516	0.9445036494594912	140.10802250221528	245.90387773023082	69.61298958302409	0.002578258873445337
212	[0, 2]	8.0	0.8006920037922375	0.9780260385359	0.20087681060407428	108.5333155687183	193.2793661744025	20.874070987562728	0.002609258873445341
212	[1, 2]	49.0	0.8051431669198769	0.9907739651063024	0.9071965505036697	88.06789355075287	146.77982258458815	132.26368479882228	0.002699258873445353
212	[1, 5]	46.0	0.8154811228061241	0.9965084987263768	0.2008909384760078	83.7755726950663	139.62595449177715	130.34844907386503	0.0028336619363883704
213	[0, 1]	30.0	0.8229570664547617	0.9072161847228203	0.9564778837817177	92.2175678346917	179.4380684401638	73.44776620335959	0.0024482588734453196
213	[0, 1, 2]	20.0	0.8004758078585364	0.9308551127083651	0.9286860963645553	132.2373060630892	246.13763215415963	50.445177468906586	0.0025222588734453294
213	[1, 2]	46.0	0.8113009712894349	0.9048569133001596	0.9515156689676527	71.36435622895837	132.00085121516432	119.3359081784856	0.002594258873445339
214	[1, 2, 3]	27.0	0.8164874452498434	0.912753928856274	0.9473058207315315	329.9031516335178	563.2997457914089	71.44898958302434	0.002646258873445346
214	[0, 2, 3]	20.0	0.8057538557514704	0.9312236708099445	0.1272585469462872	313.8237265805317	536.5007040364321	53.00517746890693	0.0026502588734453464
214	[4, 5]	39.0	0.8122846621128214	0.9922297009083735	0.9103218336271492	259.08015745802305	431.80026243003846	113.00881551914678	0.002897661936388379
215	[0, 1]	6.0	0.8877657587533176	0.9000716811911227	0.9938824029568147	113.89038654848957	344.02908723685215	14.071553240671836	0.002345258873445306
216	[0, 1]	9.0	0.8329928842248527	0.9005680748456184	0.9653167447903457	142.28965337547467	250.4188646935867	23.10532986100802	0.0025672588734453354
216	[0, 1, 2]	8.0	0.9020581614743673	0.9025675829753641	0.9997343185588233	175.96477012604578	306.5440592778719	21.33807098756279	0.0026672588734453486
216	[1, 2]	36.0	0.8807193415620381	0.900744422483113	0.9900308160391983	97.36844027598967	175.550176194445	93.78931944403224	0.0026052588734453404
216	[0, 2]	16.0	0.8176758779113822	0.9092283833488932	0.1583658969932575	112.2714466006272	187.11907766771202	42.820141975125594	0.00267625887344535
216	[2, 3]	5.0	0.8014694725369397	0.9131322663059344	0.9417886921337367	96.9956502248189	176.73573453523338	15.083309681941973	0.0030166619363883947
217	[0, 2]	26.0	0.8068333617587173	0.95268471944312	0.926675651330149	83.96728221864764	175.81862870386942	66.56673070957869	0.0025602588734453344
217	[0, 1]	44.0	0.8159035404093641	0.907153898350659	0.9531250706619951	236.4443656407598	429.9471010740563	116.47939043159522	0.002647258873445346
217	[2, 3, 4]	6.0	0.8521273122661687	0.9736527109798896	0.9368077262105671	120.0071313599293	215.02535770228715	16.92997161833021	0.002821661936388369
217	[2, 5]	46.0	0.8454475245118722	0.9118592586973767	0.9665317302508606	66.81527758678537	126.95975740097096	130.256449073865	0.00283166193638837
217	[3, 4, 5]	5.0	0.8219401695888128	0.9002914662111197	0.957206428330422	90.63416118833268	181.6713688392881	16.078309681942105	0.003215661936388421
217	[3, 5]	32.0	0.8064737503642166	0.9991254228329272	0.9040754622032211	54.601828142560734	106.6040083272632	95.18918196442846	0.002974661936388389
217	[4, 5]	34.0	0.8079162844071706	0.9652962731410507	0.9202692289382052	54.75348675336633	121.87024478101085	106.68050583720597	0.0031376619363884107
217	[3, 4]	13.0	0.8031706223653295	0.9746739169856056	0.9117985675938062	71.91300748073832	134.86848457030214	42.544605173049575	0.0032726619363884287
218	[2, 3, 4]	21.0	0.8012176422790981	0.9431235222598722	0.9229861183570255	326.5896604933038	571.0332199064268	55.781436342352286	0.002656258873445347
218	[2, 5, 6]	31.0	0.8022363305817468	0.940128807873604	0.13385270092378387	130.32300895424808	217.20501492374677	83.92502507680598	0.002707258873445354
218	[5, 7]	15.0	0.8002088184962501	0.9855577184432963	0.9063484620012091	147.18832172209855	259.8176837909614	43.794929045825725	0.002919661936388382
218	[5, 6]	5.0	0.8018245104201784	0.9810576382870588	0.9095971986556997	59.81969028583158	99.6994838097193	15.298309681942003	0.0030596619363884004
218	[6, 7]	34.0	0.8021790951680765	0.9429760296559461	0.9277551472578948	156.29544803312515	274.9962276426724	99.67650583720504	0.0029316619363883834
219	[0, 1]	23.0	0.8076740126162286	0.9616948496959288	0.9219426728315101	170.58545596178678	310.08974751941696	58.747954089242675	0.0025542588734453336
219	[0, 1, 2]	11.0	0.8646431575394701	0.9016816839215147	0.9802506409306877	258.7913806204437	457.0996219505119	28.954847607898785	0.002632258873445344
220	[3, 4, 5]	48.0	0.8001854061483236	0.9164525300322228	0.9356841311019762	139.08339752402148	261.4714591170539	137.40777294664198	0.0028626619363883742
220	[4, 5, 6]	24.0	0.8188160792727399	0.9049268943041184	0.9528137467427511	90.3999410279758	197.61614404808617	73.57588647332163	0.003065661936388401
220	[3, 5]	22.0	0.8000328117858425	0.9037877394769939	0.1653064605212902	104.7895199810671	204.31499654546323	63.63856260054432	0.0028926619363883782
220	[3, 4, 5, 6]	40.0	0.8041149989262041	0.9362676231576696	0.9259152812840409	167.4865702416278	340.3691611104047	116.02647745553517	0.0029006619363883793
220	[3, 5, 6]	13.0	0.8196800165535044	0.9037960580700152	0.953922392664959	133.1926926986734	283.2126985388141	38.163605173048985	0.002935661936388384
220	[3, 4]	38.0	0.8038496452870412	0.9650729714921339	0.9183194471883043	111.38050675660641	199.90947963390923	111.17515358275854	0.0029256619363883826
220	[3, 4, 6]	10.0	0.8017320511339747	0.9357548142825736	0.9269057861898581	139.78367947421273	278.8071816272601	29.29661936388383	0.002929661936388383
220	[5, 6]	5.0	0.8570485828979181	0.9011730609374574	0.9776683144647443	56.106063485021394	140.45968147649552	16.93830968194222	0.003387661936388444
220	[4, 5]	23.0	0.8014058687134871	0.9502088807589814	0.9238809139736407	61.99676831036949	118.7184420547353	67.72722453693287	0.002944661936388385
220	[4, 6]	31.0	0.8004595372024501	0.9780710245951822	0.9100439198644087	62.697050260560715	136.05416456494152	93.48552002804023	0.0030156619363883946
221	[5, 6, 7]	47.0	0.8209774826422428	0.9125279264125254	0.950221804063655	194.31759083905337	368.4773293259269	138.1641110102541	0.0029396619363883845
221	[5, 7]	8.0	0.8272157500281011	0.9002944324250043	0.962288517321706	43.75123882627135	88.01059518447013	26.58929549110748	0.0033236619363884354
222	[1, 2]	12.0	0.8033110079308539	0.9131201205658677	0.9428821807040211	238.02438202040227	396.7073033673371	33.97994323666044	0.00283166193638837
223	[3, 5]	2.0	0.8004627920337186	0.9005805029950272	0.9473659290666437	31.727623148205833	52.87937191367638	5.020517746890656	0.002510258873445328
223	[0, 3]	20.0	0.8057275554308543	0.9698151589591718	0.9177558922301988	193.2560177558507	347.8365568712859	51.20517746890669	0.0025602588734453344
223	[1, 2]	35.0	0.8136290080605788	0.9034210077893755	0.9520959872792277	272.4614618270747	454.10243637845787	92.61906057058711	0.002646258873445346
223	[1, 3, 4]	28.0	0.8316325299169713	0.9025682211358752	0.9618472954437707	329.0740285491186	548.4567142485311	74.62724845646976	0.0026652588734453484
223	[1, 2, 4, 5]	34.0	0.8031117995795003	0.9327983532427138	0.9270637860107677	385.74371124964216	642.9061854160702	91.46880169714196	0.0026902588734453517
225	[1, 2, 6]	21.0	0.8219458757167061	0.9100028164126017	0.9520530681349295	183.8329307864832	319.5750315464131	54.479436342352116	0.002594258873445339
225	[0, 2, 6]	30.0	0.8027952596042215	0.9005097490111408	0.9458179962826551	148.29173833739398	328.10647588432215	78.33776620336023	0.002611258873445341
225	[2, 3]	29.0	0.8221505635902424	0.9256129411471975	0.9470161898162767	304.67163999582215	507.7860666597036	77.2635073299151	0.0026642588734453482
225	[4, 5, 6]	26.0	0.8036335875161754	0.9568059823768713	0.9174854990785954	367.88274887930464	627.3820445058135	73.36321034609759	0.002821661936388369
225	[4, 5, 6, 7]	20.0	0.8076568407734435	0.9184276877116707	0.9377538458220793	491.3156888782084	862.4924064084871	57.51323872776752	0.002875661936388376
225	[6, 8]	36.0	0.8087542377091261	0.9187617545248975	0.9428956395236608	179.82292957907006	360.2433662190619	107.80782970998212	0.0029946619363883918
225	[6, 7, 8]	16.0	0.8006041642582764	0.9672613121802874	0.9106470123040444	303.2558695779738	595.3537281217356	47.96259098221427	0.002997661936388392
226	[0, 1]	13.0	0.8369652766517355	0.9030371765252772	0.9661870352642804	120.38022526001684	238.27101781312024	31.64536535478913	0.0024342588734453177
226	[0, 2, 3]	20.0	0.8131952151080786	0.9007259280215609	0.9518008359557839	286.41666616296044	503.27980673314653	52.88517746890691	0.0026442588734453456
226	[0, 2]	31.0	0.8057280252488703	0.9718436824684704	0.9160823567536465	213.67038835727587	368.5644774633603	82.06502507680572	0.002647258873445346
227	[0, 1]	10.0	0.9003258234984921	0.9004981037640563	0.9999149622498259	185.09119682857968	321.9441324145296	26.802588734453504	0.0026802588734453504
227	[0, 1, 2]	13.0	0.9043215767083577	0.9043215767083577	1.0	210.46321788092825	364.2308341684439	34.128365354789466	0.002625258873445343
227	[1, 2]	34.0	0.8170798468476094	0.9439450486511634	0.9356015945470726	122.27541249400534	217.25115852357231	92.01280169714202	0.002706258873445354
227	[0, 2]	24.0	0.8134101271902952	0.9143069575624595	0.16321070556719172	113.55982643927149	189.2663773987858	64.97421296268848	0.002707258873445354
228	[1, 2, 3, 6]	29.0	0.8002097276207225	0.9389416358671372	0.10829026008712377	227.2431635231685	391.66102527917354	75.92950732991493	0.002618258873445342
228	[2, 4, 5, 6]	32.0	0.8106312477479174	0.9071731409865518	0.9453758289870793	216.74111540701202	361.23519234502	85.12828395025113	0.0026602588734453477
228	[2, 3, 4, 6]	49.0	0.8051982121378382	0.9123167291857265	0.9388752178858939	165.7492323023375	276.24872050389587	130.8916847988221	0.002671258873445349
229	[0, 2]	26.0	0.8113702451680782	0.9484688363184078	0.9304022416841619	67.99181382488807	149.1815590490373	65.50073070957856	0.002519258873445329
230	[0, 1, 5]	17.0	0.800510278770324	0.9202612813953753	0.9338268486891781	201.4259985475727	361.41682595623047	42.759400848570586	0.0025152588734453285
230	[0, 1, 2, 4]	29.0	0.8090185523312587	0.9219525432269294	0.9361913695753644	264.8561052844034	480.3037454435296	73.95750732991466	0.002550258873445333
230	[3, 4, 5]	20.0	0.803012792642715	0.9661746709604463	0.9119697146851713	222.60894613876582	384.26659666854846	53.445177468906984	0.0026722588734453493
231	[0, 3]	21.0	0.8082433466351276	0.92028454647121	0.9421257411468968	51.78037194257316	133.70195080902795	51.497436342351726	0.00245225887344532
231	[0, 1, 3]	17.0	0.8150901904869826	0.907141507508706	0.9495388369597807	144.31237534873648	300.7736236257117	42.74240084857058	0.0025142588734453283
231	[0, 1, 2, 3]	43.0	0.8190909254228934	0.9035042108443667	0.9522840651157188	279.4059753437065	539.1740942050706	112.92913155814976	0.002626258873445343
231	[3, 7]	21.0	0.8117539755116726	0.9078893791666831	0.9501835079607873	206.2645242380214	372.8099135456375	61.165900664156	0.002912661936388381
231	[6, 7]	24.0	0.8009549345108394	0.9996742912001547	0.9002382242324868	225.935097120255	405.5942016826935	70.4078864733212	0.0029336619363883837
231	[3, 6]	25.0	0.8016828134244461	0.9768497689167277	0.9115239069148402	66.3497196816927	110.58286613615448	74.84154840970979	0.0029936619363883916
232	[0, 2]	15.0	0.8225462150905087	0.9053329611795835	0.9573187678261185	149.08638144902537	310.24906534853517	36.468883101679765	0.0024312588734453173
232	[1, 2]	36.0	0.8282973112616315	0.9040669559838082	0.9607390901899069	124.24960332499874	220.05416172888238	93.68131944403224	0.00260225887344534
232	[2, 3, 4]	12.0	0.8467179344875791	0.9045111818516436	0.968920216657467	160.78930200886717	267.98217001477866	33.85994323666042	0.002821661936388369
232	[2, 5]	17.0	0.8512842567443462	0.9023879096275372	0.9740846662455863	42.18216666183916	118.07906509591356	51.14725291860269	0.0030086619363883936
232	[2, 4]	26.0	0.8102685298560752	0.9029683361636844	0.9518213204529365	75.40794760058401	125.67991266764	75.85921034609792	0.0029176619363883815
232	[2, 3, 5]	10.0	0.8012555867954636	0.9613196403447773	0.14506916456257243	127.56352107012233	260.38132244305217	28.816619363883767	0.0028816619363883768
232	[3, 5]	11.0	0.8037550681808152	0.926825256863367	0.17444288044427642	104.49153600542249	221.92801400188577	32.193281300272204	0.0029266619363883827
232	[3, 4, 5]	17.0	0.8114220081782282	0.9279988490194165	0.936842835290563	156.82749854130665	309.15461822835937	49.53225291860248	0.002913661936388381
232	[2, 3]	45.0	0.8075831697735697	0.9513600575019107	0.9266599737216279	108.45333947298302	180.755565788305	130.88978713747713	0.0029086619363883803
232	[2, 3, 4, 5]	36.0	0.8908334289860423	0.9050313385935781	0.9923271786803244	179.8994836060065	347.6079266695258	105.86382970998184	0.0029406619363883846
232	[2, 4, 5]	41.0	0.806498678900467	0.9031267374255123	0.9466277496673361	94.51812919772331	205.30566932238716	124.13413939192425	0.003027661936388396
232	[4, 5]	24.0	0.8024888175975866	0.9838508783494034	0.9089715053839867	71.44614413302347	166.85236088122076	72.97588647332155	0.003040661936388398
233	[2, 3]	29.0	0.8258269520450453	0.9274249715830674	0.9482701330817205	168.15223924566115	280.25373207610187	76.97350732991507	0.002654258873445347
233	[1, 2]	20.0	0.8041096395538606	0.9072186190358387	0.16488937019642275	110.3276979432204	196.69959916187918	53.98517746890706	0.002699258873445353
233	[1, 2, 3]	48.0	0.815899108174518	0.9135427905088251	0.9467047195233571	198.92048546128956	344.35424502532777	127.11642592537662	0.002648258873445346
233	[1, 3]	31.0	0.8019341974506986	0.9402764701377914	0.9285245220881047	119.36103373369758	211.7551588126745	83.58402507680593	0.0026962588734453525
234	[0, 1]	36.0	0.870895734006775	0.9041058754526838	0.9833567086327137	113.88785392530679	227.31410814225413	87.84931944403147	0.0024402588734453185
234	[0, 1, 2, 3]	48.0	0.8041610571267407	0.9349172321549817	0.9266351872651135	224.7147594340265	425.2459153312743	122.31642592537598	0.002548258873445333
234	[1, 4]	22.0	0.8020569448448899	0.9529110243275233	0.9231536911794614	190.96803452966893	318.2800575494482	59.515695215797784	0.0027052588734453537
236	[0, 1]	20.0	0.8977485032367771	0.9022653783793931	0.9977694474950378	377.24024417719903	628.7337402953318	53.32517746890697	0.0026662588734453485
239	[0, 1]	8.0	0.8476765179773322	0.9008918066491447	0.9728345186435972	84.79544440280355	270.41881313528705	18.17807098756237	0.002272258873445296
239	[1, 2]	9.0	0.8546936264087224	0.9024741736027047	0.9761130147736321	111.46857154673887	257.12710764073756	22.241329861007905	0.0024712588734453226
239	[0, 1, 2]	27.0	0.807153012962523	0.9103930129196981	0.9432643319455305	139.18709189927085	361.0715589627326	67.10198958302375	0.0024852588734453245
239	[0, 2]	28.0	0.8091092960877254	0.9466943341858407	0.929348630041632	82.11016784899931	194.59719714944052	70.3992484564692	0.0025142588734453283
239	[0, 2, 3]	30.0	0.8825726831216987	0.9046418924696537	0.9883875190036578	300.7818043738883	559.0499246909222	80.31776620336049	0.00267725887344535
239	[4, 5]	11.0	0.8039566185518388	0.9243309395797431	0.9383740105387502	164.87587341010385	1072.4534736502053	36.28528130027276	0.003298661936388432
240	[1, 2, 3]	24.0	0.8517989727304321	0.9004570960986179	0.9738470976832946	241.6185826322638	431.5636293451721	67.74388647332086	0.002822661936388369
240	[1, 2, 4]	11.0	0.8040171470996311	0.9450511838693372	0.13525387253987595	285.8728977104887	505.44878010722573	31.58828130027213	0.0028716619363883754
240	[1, 3]	37.0	0.8044397287650348	0.9781651275228411	0.9125302197016084	155.39575546017272	273.4884461963386	106.65849164636995	0.002882661936388377
240	[2, 3, 4]	48.0	0.8671687043481558	0.9044349637699464	0.9801923532010794	217.45026482662016	405.9065790634956	138.75177294664215	0.002890661936388378
240	[1, 2]	19.0	0.81377358362015	0.9375331524183168	0.17435971530078678	198.13202134411168	344.59050676886795	55.62557679137928	0.002927661936388383
240	[3, 4]	23.0	0.8549320671289995	0.9018823939998417	0.9761959171065275	131.2274376545291	247.831395914662	68.30222453693294	0.0029696619363883884
241	[0, 1]	14.0	0.8162854527771572	0.9082593761175788	0.9524889861507522	102.18845718461294	183.06296174167673	36.45962422823476	0.0026042588734453403
242	[0, 1]	48.0	0.8009496842689601	0.9531591245986824	0.922250896472478	69.54657133704117	115.91095222840195	121.0204259253758	0.0025212588734453293
242	[0, 3, 4]	27.0	0.8005404481173631	0.9287206943146298	0.9294843467766525	288.4064972277209	480.67749537953483	71.85398958302439	0.002661258873445348
242	[5, 6]	22.0	0.8209305107475382	0.9029737716601884	0.9578293751191818	274.58991600088757	486.24518729732404	63.726562600544334	0.0028966619363883788
243	[0, 2]	48.0	0.8012883676723469	0.9021173769916979	0.9471952586350775	147.31236929610105	258.34991086955864	120.2524259253757	0.002505258873445327
243	[1, 2]	22.0	0.8070821497081584	0.9673300215837016	0.19210883997953723	149.18307656214154	261.69045955891664	56.347695215797366	0.0025612588734453346
243	[5, 6]	17.0	0.8002966086907743	0.999279682836328	0.9003836920814715	242.9705798132193	419.6413178465104	49.27725291860244	0.002898661936388379
244	[0, 1]	9.0	0.8392688659697869	0.904005105702299	0.9672413599616787	50.46971145720136	164.24670232018582	22.169329861007895	0.0024632588734453216
244	[5, 6]	23.0	0.8029350899552599	0.949001942414227	0.9260813267463597	26.00155687892917	43.33592813154861	59.52995408924278	0.002588258873445338
244	[0, 1, 5, 6]	3.0	0.8007310943966051	0.9417866558029399	0.9211028491899805	76.47126833613052	207.58263045173442	7.794776620336019	0.0025982588734453395
244	[0, 2, 5]	38.0	0.8207319755450835	0.9310671770182246	0.9405201102501639	215.1822147240419	438.7675410982534	101.20383719092322	0.002663258873445348
244	[1, 2, 5, 6]	35.0	0.8025694558524766	0.9010048436200034	0.9441377907974207	241.86988777087427	403.1164796181238	93.28406057058719	0.0026652588734453484
244	[5, 6, 7]	2.0	0.8003525380570421	0.9034937925098403	0.9442463234160816	110.12655671481805	113.44009466145602	7.1933238727769435	0.0035966619363884717
244	[6, 7]	14.0	0.8026510362838802	0.9198139485473611	0.9378255494311298	101.55294136972854	99.15073575297352	52.285267109438855	0.00373466193638849
244	[5, 7]	17.0	0.8019906984559763	0.9710916126391789	0.9086983308434453	92.69861518097838	84.3935254383899	61.34725291860404	0.0036086619363884733
245	[0, 2]	9.0	0.8820022976230898	0.9009661942425726	0.9905445749704612	89.58729502929128	162.726695930977	23.483329861008066	0.002609258873445341
245	[1, 2]	25.0	0.8056787914458259	0.9808682873244357	0.9118844118602334	195.46031790634115	339.9189048947514	71.36654840970932	0.002854661936388373
246	[0, 4]	21.0	0.8017137478498904	0.9639442958256649	0.9177230897851147	185.14303331143452	346.6743495268238	53.975436342352054	0.0025702588734453358
246	[2, 4]	31.0	0.8014653254987862	0.988468021906608	0.9060177278006808	81.39884429808941	135.6647404968157	80.70102507680555	0.00260325887344534
246	[4, 5]	24.0	0.8328404032468992	0.9054179088826504	0.9628201183629931	171.01876684718044	285.0312780786341	69.44788647332108	0.0028936619363883784
246	[4, 6, 7]	13.0	0.8077122297303201	0.971339455504957	0.9124892988116098	203.62793837845183	384.31897558391984	39.42460517304916	0.003032661936388397
246	[4, 6]	24.0	0.8017080362724476	0.9046369215923038	0.9460944951119489	86.78633483355142	144.64389138925236	74.27188647332173	0.003094661936388405
247	[0, 1]	9.0	0.8043859833528524	0.9048563687160376	0.9469857239515842	85.12077781659568	337.72044914570154	21.566329861007816	0.0023962588734453127
247	[1, 2]	27.0	0.8326003872416613	0.9048379500452606	0.9630997540804667	69.12808224604255	127.76824754396759	68.04698958302389	0.002520258873445329
247	[1, 3]	41.0	0.8073469177017755	0.9843006710295167	0.91123991654593	61.25780834962765	114.6511243832761	101.69061381125829	0.002480258873445324
247	[1, 2, 3]	39.0	0.8030226864486288	0.9195923487351108	0.9360028149142934	100.25442547431815	179.64548625776024	100.20109606436809	0.0025692588734453356
247	[1, 3, 4]	16.0	0.8022653281153115	0.9173956541733354	0.9370141898782843	182.48907128037862	316.703229267861	42.852141975125605	0.00267825887344535
247	[5, 6]	27.0	0.8044185395761161	0.9869118656019186	0.9090006419821937	247.11254676735024	471.4845068243491	79.5598722824864	0.0029466619363883854
248	[0, 3]	25.0	0.8083031616596699	0.9042737545202887	0.9500566282094852	150.04581541699372	263.07773169565957	64.05647183613335	0.0025622588734453347
248	[0, 1, 3]	10.0	0.8098445715387429	0.9039058883693192	0.9481755930985569	221.65234864691493	395.6824228621803	25.842588734453376	0.0025842588734453376
248	[1, 3]	46.0	0.8009634651792842	0.9613985890327384	0.918331037178338	128.04246544209084	226.66457818680345	119.15190817848556	0.0025902588734453384
248	[0, 1, 2, 3]	44.0	0.8122319757183568	0.9313795934385103	0.9334013059263193	422.9513370074202	731.1807367963556	117.0513904315953	0.0026602588734453477
248	[1, 2]	25.0	0.8030529958256425	0.9667435766801733	0.9167761711827158	272.9055215904265	468.10300510069624	66.80647183613374	0.0026722588734453493
248	[3, 4]	49.0	0.8092775533703286	0.903516283506769	0.9508807993034496	142.4307399099759	237.38456651662653	139.53543488303023	0.0028476619363883723
249	[0, 1]	30.0	0.8011821745926296	0.9135534336296657	0.9414611722468503	103.16686162178709	184.671874304959	79.05776620336033	0.0026352588734453444
249	[1, 2]	41.0	0.8251933184980436	0.9967413288781605	0.9154835591069282	160.90242442267515	268.17070737112533	115.68813939192312	0.002821661936388369
249	[1, 3]	49.0	0.8140422375444932	0.945848073804023	0.9329469282765225	126.96152650647124	211.60254417745205	139.19243488303022	0.0028406619363883713
249	[1, 2, 4]	39.0	0.8573856034838466	0.9002995791648117	0.9769964115597615	290.06250493913325	483.4375082318888	111.13681551914654	0.0028496619363883725
249	[1, 3, 4]	45.0	0.8238673821151539	0.9085073130359435	0.9538925163073105	256.12160702292937	426.8693450382156	129.35978713747693	0.002874661936388376
249	[2, 3, 4]	15.0	0.8129625795461058	0.9029097936464134	0.950635005149392	332.87051558104355	554.7841926350726	43.269929045825656	0.002884661936388377
249	[2, 3]	47.0	0.8043733496950928	0.9152376848789475	0.9424521024948458	203.71043506458543	339.5173917743091	136.2841110102538	0.002899661936388379
249	[1, 4]	24.0	0.8030421115695295	0.967809667372108	0.9164033225020211	171.2368384487386	285.39473074789765	70.09588647332117	0.002920661936388382
250	[0, 1]	19.0	0.8018681570856955	0.9596373064500113	0.9198935382863637	117.15878620058318	268.3180655419193	45.11091859546089	0.0023742588734453098
250	[4, 6, 9]	27.0	0.8058408826542743	0.9462641083207093	0.9240537432356836	94.24998255303461	157.0833042550577	80.90987228248659	0.002996661936388392
250	[4, 6]	26.0	0.8034025388825659	0.9942475965513428	0.9055658755565414	85.47183130571467	142.45305217619114	78.17321034609823	0.0030066619363883934
250	[6, 9]	37.0	0.8003313563587898	0.9513582628858188	0.9226422811488074	60.631894832491334	101.05315805415223	112.57849164637074	0.003042661936388398
251	[0, 1, 2]	41.0	0.8431045997266404	0.9471009439783867	0.9450409587030775	347.21997074953936	578.6999512492322	115.68813939192312	0.002821661936388369
251	[0, 2]	25.0	0.8090766232072963	0.9395757739247652	0.17780441736718064	228.60295590731522	381.004926512192	70.71654840970925	0.0028286619363883697
251	[1, 2]	43.0	0.8129920131438252	0.9832267572208475	0.9152291893986747	315.3790903660075	525.6318172766792	121.46046326469988	0.002824661936388369
251	[1, 2, 3]	20.0	0.8042196715666796	0.9023154531589468	0.9456280686177089	430.0362576956396	731.4267329965318	57.53323872776752	0.002876661936388376
251	[4, 5]	16.0	0.8538467959984674	0.9034770219048062	0.9748478354769818	271.46043880398526	633.2082181427317	52.60259098221489	0.0032876619363884307
252	[0, 1]	19.0	0.8431975029504524	0.9033979570856194	0.9693278408108751	142.54199901267287	250.80605309160276	51.34291859546171	0.0027022588734453533
252	[0, 1, 4]	13.0	0.9012575221019349	0.9021550494645909	0.9995317002110184	168.34777230850642	293.81567525132533	34.11536535478945	0.002624258873445343
252	[0, 4]	30.0	0.801067352124394	0.9029250835378722	0.16451022753407185	65.10654535875213	108.51090893125355	79.41776620336039	0.002647258873445346
252	[1, 4]	15.0	0.8018038267797253	0.9831658331655768	0.9082008822084227	129.04700024558784	228.31438847979442	40.218883101680255	0.0026812588734453505
252	[3, 4]	27.0	0.8048990730295158	0.9822389632301651	0.910733461135524	212.47443903858965	354.1240650643161	77.10287228248608	0.0028556619363883733
252	[2, 3]	36.0	0.8191173852995824	0.9836110537198456	0.9184218380712599	254.36822190475667	423.94703650792775	102.87582970998145	0.0028576619363883736
252	[2, 4]	32.0	0.8129847090571912	0.9207274494498587	0.9445582896306924	93.50532945783412	155.84221576305686	92.85318196442815	0.0029016619363883794
253	[0, 3]	26.0	0.8000430838425843	0.9826623239806217	0.9078055676632001	38.7437981087653	90.4668509903494	62.71873070957819	0.002412258873445315
253	[1, 3]	12.0	0.8001472564238038	0.9780769834875439	0.9100463201128998	78.99344188260469	144.7643020502874	30.591106481343996	0.002549258873445333
253	[0, 3, 4]	21.0	0.8648986078964395	0.9018901584161162	0.9803241808213957	70.88858018444357	144.04148778314652	53.618436342352005	0.0025532588734453335
253	[0, 2, 3]	31.0	0.8074761798718028	0.9526203317427363	0.9214603748675528	191.15350336109708	344.48302641090237	81.81702507680569	0.002639258873445345
253	[2, 3]	45.0	0.8039153866462708	0.9625413490696018	0.19124912444156664	168.13998394746727	293.34187215839177	119.3516493050406	0.0026522588734453467
253	[0, 1, 3, 4]	35.0	0.8124284484702585	0.9038001448351305	0.08208285400492525	134.15174337191277	249.48009309559515	93.52906057058723	0.0026722588734453493
253	[0, 2]	23.0	0.8016156082470172	0.9887045765062118	0.9059844161839575	175.42322466596158	305.15732967306366	62.220954089243136	0.0027052588734453537
253	[5, 6]	20.0	0.8065577418757194	0.977433119482958	0.9150797401760553	186.86054562471642	311.43424270786073	57.75323872776755	0.0028876619363883776
253	[0, 5, 6]	48.0	0.8388362977115007	0.9094198164049156	0.9626550559347222	209.87406503834626	362.57539696037145	138.94377294664218	0.0028946619363883785
254	[0, 1]	5.0	0.8422695824142811	0.9181250478413245	0.961633287953819	67.10593285925658	939.358930905322	10.43629436722636	0.0020872588734452717
254	[4, 5]	3.0	0.8001189014078669	0.9503385221968889	0.9231345912986586	62.48018111558156	104.13363519263594	8.836985809165155	0.0029456619363883853
255	[0, 1]	9.0	0.8707701659202904	0.9034062721414171	0.9836017159911156	84.84417894736885	284.6671245113377	21.260329861007772	0.002362258873445308
257	[2, 3]	32.0	0.800321503751486	0.998914281792261	0.9004023543572991	296.99586858638014	523.9726897172822	91.89318196442801	0.0028716619363883754
257	[1, 2]	22.0	0.852154000941274	0.901374947948834	0.9750170610831633	294.54229805360416	519.8834054959889	63.330562600544276	0.0028786619363883764
257	[1, 2, 3]	36.0	0.8501234118975728	0.9034468221569317	0.971194128304461	365.497478468125	638.1420395201902	105.39582970998178	0.002927661936388383
257	[1, 3]	50.0	0.810571403602461	0.9199359820665233	0.9433632763820508	139.4567902962657	232.4279838271095	147.5830968194193	0.002951661936388386
258	[0, 1]	4.0	0.8951437127989029	0.9000852093855448	0.9975532508815824	53.84215231035813	102.17462505122649	9.909035493781294	0.0024772588734453234
258	[1, 2]	14.0	0.801245004953577	0.9562461279779709	0.9209238512513149	161.88843667655814	315.23887299262464	42.86326710943761	0.0030616619363884007
259	[0, 2]	4.0	0.8572076910412353	0.9008553205595596	0.9779368624355876	49.42905777841644	82.3817629640274	10.62503549378139	0.002656258873445347
259	[0, 1]	29.0	0.8877212430020998	0.9077990228360434	0.9901938978082789	192.62972513828993	334.44763356153163	76.509507329915	0.002638258873445345
259	[1, 2]	26.0	0.8119375969421391	0.9399822881406888	0.17669085917096344	178.35353258528838	310.6539793065291	68.62073070957896	0.002639258873445345
259	[0, 1, 2]	21.0	0.9090087758450435	0.9092938736741356	0.99985242975077	210.2061577509974	363.74168791604404	55.52943634235226	0.0026442588734453456
259	[2, 3]	3.0	0.854044356498458	0.9019833974735698	0.9756977157431963	89.27037241997776	234.1338823752847	10.114985809165326	0.003371661936388442
260	[0, 1]	13.0	0.8103342877920039	0.9034001488876301	0.9515184001683775	171.68970208643267	311.85266270752834	33.218365354789334	0.0025552588734453338
260	[6, 7]	30.0	0.8032785755789472	0.945559836540758	0.9271762388511412	97.99479312829959	193.0078131965506	92.38985809165209	0.003079661936388403
260	[7, 8]	32.0	0.8051956744663172	0.9798048651996696	0.9121335795858199	231.52703669031888	1560.1339119747363	103.31718196442954	0.003228661936388423
261	[0, 6]	26.0	0.8033880816196024	0.9209829159508717	0.9391659910761064	61.09744857446777	114.29419589985994	62.770730709578196	0.002414258873445315
261	[0, 1, 2, 6]	41.0	0.8138759866407353	0.9041782570955349	0.9489027967024292	201.6756390376901	348.5911800052305	105.33961381125877	0.0025692588734453356
261	[6, 7]	23.0	0.8000371903007956	0.9712074340045285	0.9133069635531815	50.133758759159576	98.2405173830064	67.08322453693278	0.0029166619363883814
261	[6, 7, 8]	43.0	0.8041033432300385	0.9357209567244034	0.9284101684337309	86.82594552115351	174.68257313716043	126.19046326470051	0.002934661936388384
261	[6, 8]	36.0	0.8004886053159	0.9845682484307443	0.9072648050811072	60.3942905092207	115.94556199953198	108.99582970998226	0.003027661936388396
261	[7, 8]	4.0	0.8338309899819262	0.9000521485020256	0.9662545139406818	63.12384177392674	135.1790668917825	12.882647745553687	0.0032206619363884218
262	[0, 1]	20.0	0.8018294720573429	0.9042527507378589	0.9466322932237494	198.55625038895934	357.40218248680156	51.80517746890677	0.0025902588734453384
262	[0, 1, 2]	23.0	0.8054333703660269	0.9600325884117856	0.917233457522287	385.11793261333014	668.3383195274196	61.87595408924309	0.0026902588734453517
262	[5, 6]	17.0	0.805118218597309	0.9042255306745565	0.9483901329011364	45.00573489969268	90.24910934219454	53.05125291860294	0.0031206619363884085
262	[3, 5, 6]	42.0	0.8768379562085767	0.9162258703888717	0.9791731533639407	146.84665133392437	259.98397006591404	121.78580132831192	0.002899661936388379
262	[6, 7]	16.0	0.8064460762261974	0.9694581360605442	0.9177296799430422	58.501664524102495	447.8606846566642	51.594590982214754	0.0032246619363884223
262	[5, 7]	15.0	0.8674576338878486	0.9024868085092669	0.9824096762147176	66.93247660129897	446.67248694261826	47.55992904582622	0.003170661936388415
262	[5, 6, 7]	12.0	0.8258229498590498	0.9023944998654104	0.9582041703380308	85.21993801254708	492.3911404707385	38.887943236661094	0.0032406619363884244
263	[0, 1]	21.0	0.8060701435861249	0.9116186580804756	0.9450571258526796	55.082372713192065	188.34721977220022	51.22443634235169	0.0024392588734453184
263	[1, 2]	16.0	0.80905482495251	0.9683501037269219	0.9202200071840873	54.589698926964665	90.9828315449411	39.68414197512518	0.002480258873445324
263	[0, 1, 2]	40.0	0.8023372227471188	0.9191983987465737	0.9358433301605593	86.77078734370247	241.16124415638424	99.89035493781303	0.002497258873445326
265	[0, 2]	23.0	0.8013723391719719	0.9918365226182615	0.9040713053182089	68.76952392686967	127.09793899335357	57.75895408924254	0.002511258873445328
265	[1, 2, 3]	28.0	0.8001891916966422	0.9793303336789783	0.9041579069815409	244.4669238221906	433.7311732664502	72.83524845646951	0.00260125887344534
265	[7, 8]	38.0	0.8093638122356758	0.941437235219593	0.9325058765218508	148.80227284451158	406.3334743944675	116.30515358275922	0.0030606619363884005
265	[8, 9]	36.0	0.8010676974013577	0.9207782853474219	0.9379500315693191	118.03024950165701	477.13172474260955	119.79582970998369	0.003327661936388436
266	[0, 1]	3.0	0.869491013402467	0.900653836823742	0.984344560720024	61.91872400868052	353.7528577938727	6.648776620335866	0.0022162588734452888
266	[1, 2]	11.0	0.8030355029206906	0.9480763060841457	0.9259163371998286	100.27451910801746	238.83346582097758	28.569847607898733	0.0025972588734453394
266	[3, 4]	20.0	0.8031180942124085	0.9708562744993477	0.916132060619374	231.86962143725935	386.4493690620989	58.27323872776762	0.002913661936388381
267	[0, 1]	40.0	0.8122132018191122	0.9510061520915739	0.9298305248705223	287.4587069069082	479.0978448448471	105.49035493781378	0.0026372588734453447
267	[3, 5]	46.0	0.9153026864865965	0.9676691586973082	0.9752567589240372	137.73817363053632	229.5636227175605	129.79644907386498	0.002821661936388369
267	[3, 4, 5]	27.0	0.8552709938128046	0.9059579652351689	0.9728929114671729	171.91541124614585	286.5256854102431	77.2648722824861	0.002861661936388374
267	[4, 5]	23.0	0.8412281938329819	0.9038364118016471	0.9680647439753827	86.61693590665149	144.36155984441913	70.57922453693322	0.0030686619363884016
267	[3, 4]	10.0	0.8684292024136632	0.9043672672789775	0.12916042716681098	119.47571295510393	199.12618825850655	29.156619363883813	0.0029156619363883813
268	[0, 1]	7.0	0.9001249224517962	0.9001249224517962	1.0	125.70490373832502	209.50817289720837	19.75163355471858	0.002821661936388369
269	[0, 6]	50.0	0.8071179221618724	0.9368023782786046	0.9335026538493673	52.72861330612229	123.91154635590168	122.41294367226598	0.0024482588734453196
269	[7, 8]	40.0	0.8076793759154247	0.9704804124432224	0.9177805059280723	271.2139943257921	496.23078739528813	116.62647745553525	0.0029156619363883813
270	[1, 3]	29.0	0.8976238037755697	0.9019380781090529	0.9978720314137935	211.52061812253544	366.94195909992675	78.51050732991527	0.002707258873445354
270	[2, 3]	20.0	0.8000340883614048	0.9263128461927683	0.9345423718934699	86.11705618655793	157.9360225399642	60.73323872776795	0.0030366619363883973
271	[1, 2, 4]	34.0	0.8137177175036907	0.9255029653014384	0.9394046548030593	315.2356922360788	564.627752988178	88.44280169714155	0.00260125887344534
271	[0, 1, 2, 4]	32.0	0.8285279564751213	0.9075160241292394	0.9557918680314171	336.708717583035	612.3455870925252	83.30428395025089	0.00260325887344534
271	[2, 3]	47.0	0.8128209774347166	0.9108244790938751	0.949196187355825	246.09543116221826	423.4768510658691	122.82316705193105	0.0026132588734453415
271	[0, 2, 4]	22.0	0.8093362968428581	0.9804135235575631	0.14969554915762995	235.97195712622724	418.6210477525102	58.723695215797676	0.002669258873445349
271	[0, 4]	36.0	0.801486255482045	0.9685525808348829	0.915115342775999	77.77400021434413	154.95778623270505	97.28131944403272	0.0027022588734453533
271	[0, 5, 6]	23.0	0.8068200974227356	0.9456427614771366	0.9248965625215462	271.2631779118417	478.6547457403597	66.20922453693267	0.0028786619363883764
271	[0, 6]	30.0	0.8003630711449984	0.9202246415570527	0.9376482686480376	117.96496393089933	223.15772243878916	87.49985809165143	0.0029166619363883814
271	[5, 6]	25.0	0.8130218462736075	0.9806234178095407	0.9165746813515834	249.79015256488552	430.93691163601267	71.99154840970941	0.0028796619363883765
272	[0, 1]	6.0	0.859544790364924	0.9019780275424346	0.9785572282414308	96.39333475956717	209.15643041538146	14.497553240671891	0.0024162588734453153
272	[1, 4, 5]	48.0	0.8309829760026546	0.9054127908170087	0.9595926606298797	191.88601915589032	319.8100319264838	137.695772946642	0.002868661936388375
272	[4, 5]	43.0	0.8179200511401685	0.9268697011992598	0.9443962290528797	160.968862248062	268.28143708010333	123.95446326470021	0.002882661936388377
273	[0, 4]	20.0	0.8681940907620335	0.9055055558823473	0.9813271127841183	79.86725187916105	146.18533983627083	51.2451774689067	0.0025622588734453347
273	[1, 4]	15.0	0.814279093764118	0.9027947650655411	0.15700881546735365	129.99481561826354	230.0960236399528	39.438883101680155	0.0026292588734453436
273	[0, 1, 4]	16.0	0.8544492189714483	0.906630815230015	0.9719892531891545	192.74643179907503	347.7553039789744	42.820141975125594	0.00267625887344535
273	[2, 3, 4]	9.0	0.801262938692243	0.9299188369742948	0.9296794687820017	186.4414535542347	310.7357559237244	25.85395742749538	0.0028726619363883756
273	[2, 3]	18.0	0.8041548009453643	0.9680705854644535	0.19396988119664887	169.32581785588513	282.2096964264752	51.90591485499078	0.002883661936388377
273	[4, 5]	6.0	0.8407119607174388	0.9017680144551625	0.9688324404900293	84.8876061743537	335.1135449839347	20.013971618330622	0.003335661936388437
274	[0, 1]	8.0	0.8552549185271651	0.9049083967659887	0.9748295758188661	52.862781092638365	113.181870477317	19.45807098756254	0.0024322588734453175
274	[0, 1, 2]	18.0	0.8815429909564402	0.915609199747924	0.9821528381665462	158.2798259381069	288.8769452197646	47.72265972201624	0.0026512588734453465
274	[1, 2]	24.0	0.8545077481579957	0.9136201600100471	0.9695898480664163	136.31207489099992	240.05972067063792	63.70221296268833	0.002654258873445347
274	[0, 2]	12.0	0.806864728106276	0.9470547178592178	0.9281514074815226	127.38479589257557	224.51229929157427	32.1511064813442	0.0026792588734453502
274	[1, 3]	36.0	0.8003727160038282	0.9058139977466165	0.9450437930665418	58.434761551211636	110.26419843765746	102.65982970998141	0.002851661936388373
275	[0, 1]	10.0	0.800554918347264	0.97998781884298	0.909354856794775	103.47804276306472	185.80039934540625	26.972588734453524	0.0026972588734453526
275	[0, 2]	44.0	0.8312016187348574	0.9605848665925301	0.9356421762232584	202.66674243261124	352.0452766599486	124.32912520108826	0.0028256619363883693
275	[3, 5]	38.0	0.8053023651435391	0.9908316724437904	0.9073301068633502	213.7506742358735	416.2518485791533	110.8711535827585	0.0029176619363883815
275	[4, 5]	5.0	0.8010426743121647	0.9944419081408523	0.9029945114546153	90.27719047836543	195.82264969774303	15.308309681942005	0.0030616619363884007
276	[0, 1]	38.0	0.8068614710894406	0.9136924930082604	0.9445791291392233	311.5625564845355	545.8900023480055	100.13983719092309	0.0026352588734453444
276	[1, 2]	26.0	0.8046374520128442	0.9337804132899354	0.1775431893130339	385.52470522831516	655.8791367367755	69.06273070957903	0.002656258873445347
276	[0, 2]	44.0	0.8218084675425297	0.9176610948473218	0.16025136000662143	328.9595282803439	561.5469939847692	117.0953904315953	0.002661258873445348
276	[0, 1, 2]	22.0	0.9023153819144146	0.9023153819144146	1.0	513.0233949965972	881.6580665347751	59.20769521579774	0.002691258873445352
279	[8, 9]	35.0	0.8078837048404239	0.9532473673467728	0.9256221364561146	81.74229308960552	181.39160293518333	110.23816777359444	0.0031496619363884123
279	[6, 9]	42.0	0.8110606268410128	0.99729304813514	0.9068080888060663	81.04813468994321	165.69906420167936	133.88180132831354	0.0031876619363884174
279	[6, 8, 9]	9.0	0.8029339670879052	0.9191030288870841	0.9364413596745614	98.4908643708233	209.30588840387964	28.616957427495745	0.0031796619363884163
279	[6, 8]	19.0	0.8347135956328593	0.9014883363715286	0.9656160973981728	34.19130096209789	71.52110967089658	63.68157679138034	0.003351661936388439
280	[0, 1]	7.0	0.8644180307088382	0.9009091286831007	0.981616756724607	93.12191769862616	295.6955067743574	16.91381211411721	0.0024162588734453153
280	[2, 3]	12.0	0.8276960279588771	0.9006320321319067	0.9621167070410622	172.061694785899	301.63579146964287	34.4359432366605	0.002869661936388375
281	[0, 2]	37.0	0.8919489550670767	0.90407247297986	0.9940004494917244	292.0892979117931	499.95232251117056	96.13557831747755	0.0025982588734453395
281	[0, 1, 2]	30.0	0.9042229850757035	0.9046076912494759	0.9997998284637817	507.5585135090113	872.3682507038932	78.81776620336029	0.0026272588734453433
281	[0, 1]	36.0	0.804115050561332	0.9379247822235326	0.17982587536952935	459.81417903940434	792.794359921215	94.90531944403241	0.0026362588734453445
281	[1, 2]	29.0	0.8013002170234391	0.9551671019217026	0.9214808020573463	263.213550066825	451.98981897540074	78.01750732991519	0.0026902588734453517
282	[0, 4]	17.0	0.8253971212231394	0.9000734516824328	0.9615185945900251	75.2345324097569	161.86155663904162	41.926400848570474	0.002466258873445322
282	[0, 1, 4]	8.0	0.813218478523648	0.90036614172273	0.9520428900426972	137.9780552664486	266.43409473352784	20.122070987562626	0.0025152588734453285
282	[0, 1]	10.0	0.8186088528544322	0.9013508072875626	0.9571503124605014	121.09659371980659	238.2983254891245	25.142588734453284	0.0025142588734453283
282	[1, 4]	34.0	0.8135544485636755	0.9746048247877938	0.9193588647466744	79.62498440333373	132.70830733888954	85.99480169714123	0.0025292588734453303
282	[1, 2, 4]	49.0	0.8013584276154827	0.9940433191961587	0.897548637650004	313.12826690957525	535.3001737289611	132.55768479882232	0.0027052588734453537
282	[2, 4]	40.0	0.8125301276968058	0.9307308225714905	0.9394771821336015	250.38474405288358	430.72763563447495	108.29035493781417	0.002707258873445354
282	[3, 4]	31.0	0.8486895715623102	0.9146043888181667	0.9668141465143897	79.55835048235163	162.44338839235252	94.38452002804034	0.0030446619363883984
282	[3, 4, 5]	7.0	0.8154299322388958	0.9001712714005031	0.9533914351065896	136.48277074150712	336.37911696199427	20.87163355471873	0.00298166193638839
282	[3, 5]	11.0	0.8035608030553903	0.9007526438298147	0.9495651124787344	119.60130919486512	308.243347717591	33.821281300272425	0.0030746619363884024
282	[4, 5]	5.0	0.800233743725986	0.9470838910366667	0.9247074569750432	73.80588180579751	202.07149781404516	16.988309681942226	0.0033976619363884453
283	[0, 2]	10.0	0.8001531170750728	0.9013960656450473	0.9469100305224403	127.98739399267173	213.31232332111952	25.81258873445337	0.0025812588734453372
283	[1, 2]	38.0	0.8634569424196433	0.9083379959907496	0.9774610595754654	225.94805389964483	390.030523958823	100.93783719092319	0.002656258873445347
283	[0, 1, 2]	28.0	0.8995780228952014	0.9007719944209001	0.9993758222621795	305.5331244569479	522.6723082209948	74.40324845646973	0.0026572588734453473
283	[0, 1]	21.0	0.8105373210910958	0.933256347347259	0.9371380608148006	257.13080102157926	442.00176916204697	56.6214363423524	0.0026962588734453525
283	[2, 3]	35.0	0.8006134432794113	0.9700465006633676	0.9140701699842432	280.69153468069766	467.81922446782943	99.56316777359302	0.002844661936388372
284	[0, 4]	19.0	0.8013647315403647	0.9377698708936375	0.9299861189477671	53.24726489049492	125.29939343718246	48.28391859546131	0.002541258873445332
284	[0, 1]	8.0	0.8010296439990695	0.908525205488075	0.94418349626211	99.78383900664787	216.03324343360896	20.450070987562672	0.002556258873445334
284	[0, 1, 4]	18.0	0.8504443224374181	0.9053914186605713	0.9704856482573092	116.4771519441185	243.8554316627267	46.31865972201605	0.002573258873445336
284	[1, 4]	22.0	0.8052891568531457	0.9208764830770289	0.9403193543601591	79.92319999109422	146.37822645466196	57.3816952157975	0.002608258873445341
284	[3, 4]	20.0	0.8003316426332802	0.9890275992430878	0.9047134381511333	135.54037070370057	240.04907709738544	57.73323872776755	0.0028866619363883774
284	[4, 5]	20.0	0.8016788281381285	0.9661360657551411	0.9165462162938436	67.99189097797377	113.31981829662296	60.19323872776788	0.0030096619363883938
285	[1, 2]	11.0	0.8579710813208661	0.9001557014487298	0.9786593404371295	182.07572992086557	303.4595498681093	31.12628130027207	0.00282966193638837
286	[0, 1]	3.0	0.8080525766844678	0.9014147272504109	0.9510900891480385	42.620985041054155	163.99612240248493	6.639776620335865	0.0022132588734452884
286	[1, 5]	34.0	0.8003742894540311	0.990432500906579	0.905362496615181	74.70189511600485	137.04318214094673	97.29650583720472	0.002861661936388374
286	[1, 5, 6, 7]	36.0	0.8169945970648739	0.9007539406663704	0.9527027133812289	160.80927033446903	280.5554741717204	104.92782970998172	0.002914661936388381
286	[1, 5, 7]	44.0	0.8092626752293421	0.9580603590239117	0.9203864031719579	92.03674659763956	165.93460127700456	129.87312520108898	0.002951661936388386
286	[1, 6]	33.0	0.8044424518298523	0.9062273845606952	0.947183980991522	83.82055207395584	152.2409437375317	98.06484390081683	0.0029716619363883887
287	[0, 3]	9.0	0.8953443771667691	0.9014043459534968	0.9970042513112555	74.29371380203608	160.72537466017442	21.224329861007767	0.0023582588734453076
287	[0, 1]	31.0	0.8016567996283711	0.9840735442094648	0.20283740959330623	106.30935088234972	214.08476979403045	78.9030250768053	0.0025452588734453324
287	[0, 1, 3]	12.0	0.8062655814768186	0.9132109979588149	0.9412453809855615	121.55903536686964	239.50091060156367	30.41110648134397	0.002534258873445331
287	[1, 2]	41.0	0.8313462027079751	0.910543258300105	0.9604153570111518	135.97542596007187	226.62570993345312	107.10261381125899	0.0026122588734453413
287	[3, 4]	5.0	0.8341593549908406	0.9012658018012283	0.9655846891150478	42.0413461420024	84.95316671304982	15.97330968194209	0.0031946619363884183
288	[0, 1]	12.0	0.8073112813149851	0.9357089849288626	0.9342420171682403	127.73037712957122	212.8839618826187	30.879106481344035	0.002573258873445336
288	[2, 3, 6]	24.0	0.8599337820836142	0.9001052797425523	0.9785805458812556	361.53375169943274	664.8269325364734	68.96788647332102	0.0028736619363883757
288	[4, 5]	10.0	0.8032410034855365	0.916280522351818	0.1699597093323775	103.38607775479788	314.51579533688533	32.13661936388421	0.003213661936388421
288	[5, 6]	13.0	0.8031369694006486	0.9992146412572439	0.9019825658671239	57.45457346189661	239.39405609123585	45.26160517304993	0.0034816619363884564
288	[4, 5, 6]	27.0	0.810502630101228	0.9827962000410956	0.9085075639665109	122.55990950110257	394.4067609464882	81.77387228248669	0.0030286619363883963
288	[4, 6]	15.0	0.8006281809770653	0.996377120245846	0.902198396289811	84.27916778551065	234.9036704648551	47.48492904582622	0.0031656619363884145
289	[7, 8]	5.0	0.8001747205160671	0.9379466184168535	0.9292109685237201	36.08929928695697	75.0818218252936	16.058309681942102	0.0032116619363884206
289	[7, 8, 9]	7.0	0.8265712639993071	0.9010963689819276	0.9593026019072516	440.09045945716923	149.89685148644404	24.77763355471925	0.003539661936388464
290	[0, 1]	5.0	0.82757060454702	0.9001815073552066	0.9625742188587247	92.36611388515183	166.54969050625579	12.721294367226662	0.0025442588734453323
290	[1, 2]	12.0	0.9024228193777208	0.9027027117745967	0.9998621739910243	168.71545690436557	281.1924281739426	32.35510648134423	0.0026962588734453525
290	[0, 2]	18.0	0.8013794419044815	0.9031225971082286	0.946738841528097	167.11374804243346	291.1290807683918	48.1546597220163	0.0026752588734453497
290	[0, 1, 2]	33.0	0.9064130935264826	0.9064130935264826	1.0	214.09765941597541	369.43559972429506	88.21754282369653	0.0026732588734453494
291	[0, 1]	28.0	0.9128210123048336	0.9128210123048336	1.0	256.03043497240697	450.677236608956	75.29924845646985	0.0026892588734453516
292	[0, 1, 2]	9.0	0.8085006958202028	0.9037126418202198	0.9456067724704733	174.0307688971637	329.62932444745337	22.970329861007997	0.0025522588734453334
292	[1, 2]	29.0	0.8082128892447226	0.9604047507177362	0.9215915853698049	103.10372734637983	198.282951205261	74.13150732991468	0.002556258873445334
292	[0, 1]	38.0	0.822369222525795	0.9068512329088015	0.9554550702900365	126.27931115081789	236.7792677184476	97.36583719092272	0.0025622588734453347
292	[0, 2]	48.0	0.8184149487505775	0.9558847870492267	0.9309533309268198	118.67849929712968	224.19642997119809	123.3244259253761	0.0025692588734453356
292	[0, 1, 2, 4]	19.0	0.8035200033353854	0.90956451938397	0.9397258733836658	191.86632172151656	359.35524582137475	50.88691859546166	0.00267825887344535
292	[0, 1, 2, 3]	17.0	0.8128469708204775	0.965842171307118	0.9159039354485052	197.7401736938838	369.1449991086535	45.717400848570975	0.0026892588734453516
292	[3, 4]	8.0	0.8900761518517607	0.9017631449410436	0.9941759240782956	41.54495762107294	69.24159603512156	23.77329549110711	0.0029716619363883887
293	[0, 2]	11.0	0.8184094478708799	0.9047781393541577	0.955356651803151	105.12202896917016	188.53970348565014	28.75684760789876	0.0026142588734453416
293	[1, 2]	14.0	0.8537781811973761	0.9017807099332584	0.9756383017850692	59.6665387455413	99.44423124256885	40.04926710943724	0.002860661936388374
293	[1, 3]	7.0	0.8009650880756234	0.9070469334061996	0.9442895453073328	97.42744421081066	177.6188542652457	20.794633554718718	0.0029706619363883886
293	[2, 3]	7.0	0.8672726836469817	0.9030743147129696	0.9820188285841899	71.96551471477142	135.18230510518026	22.488633554718945	0.0032126619363884207
293	[1, 2, 3]	5.0	0.85173904871773	0.9009715877066027	0.973541447668476	114.52974883556169	206.1226953064974	15.123309681941977	0.0030246619363883957
295	[0, 1]	6.0	0.8032473717702685	0.9005974065893895	0.9490355829203668	84.60531854412177	281.76593058615373	14.79155324067193	0.002465258873445322
295	[6, 7]	20.0	0.8053626145771379	0.9134278723946888	0.9441863322581228	265.17872875375525	486.1610027152179	59.753238727767815	0.002987661936388391
296	[0, 1]	5.0	0.8939568424517467	0.9012188861749891	0.9964015593568201	69.14271503342479	377.7476240702928	11.03629436722644	0.0022072588734452876
296	[1, 2]	36.0	0.8065854783759056	0.9197423915415506	0.9415379158354804	85.3877590585192	166.08544876016222	94.54531944403236	0.002626258873445343
296	[1, 2, 3]	36.0	0.8657967029045193	0.9104677098952472	0.082505867725607	206.06133440237596	367.2080743332569	97.42531944403274	0.002706258873445354
297	[0, 5, 7]	46.0	0.816157613073986	0.9820111800498613	0.9118337100312359	99.40505285648904	212.51929147060386	118.13990817848544	0.0025682588734453355
297	[6, 7]	13.0	0.8675935123819823	0.906648152421018	0.9804630975785736	33.37058322054659	55.61763870091099	39.671605173049194	0.0030516619363883993
298	[0, 1]	4.0	0.8112823164498971	0.9009854350119405	0.9532876619562342	38.47038480654146	76.88968476047627	9.393035493781225	0.0023482588734453063
298	[2, 3]	31.0	0.8060326274802301	0.9981946086196515	0.9042464622732876	161.23796595810254	295.60293758985466	83.42902507680591	0.002691258873445352
298	[1, 2, 3]	10.0	0.8008745866958803	0.9858534499803638	0.901584348974293	176.71807261541105	321.40311535203557	26.742588734453495	0.0026742588734453496
298	[0, 1, 2, 3]	26.0	0.866810043886392	0.9070719713060087	0.9779765445917474	199.708350764644	372.49262235033086	68.90673070957901	0.0026502588734453464
298	[1, 4]	15.0	0.8010700162295509	0.981079910854405	0.908786178444797	151.5648308281253	252.60805138020882	42.339929045825535	0.002822661936388369
298	[0, 1, 4]	17.0	0.8600461120722708	0.9059454729778701	0.9754153539541259	174.5551089773582	303.69755837850414	48.34225291860232	0.0028436619363883717
298	[1, 4, 5]	26.0	0.8082439416008611	0.9427958969560889	0.9268476486461388	204.89048649094576	341.48414415157623	74.79321034609778	0.002876661936388376
298	[1, 5]	37.0	0.8042665941303435	0.9435511471716318	0.9290779995590794	68.80576232012903	114.67627053354839	110.46949164637044	0.0029856619363883906
299	[1, 2]	7.0	0.8005920510987043	0.9049360191572381	0.9453992828917401	139.11762390008263	246.69013111110445	20.185633554718642	0.002883661936388377
300	[0, 1, 2]	15.0	0.8025845893210103	0.9077476723920375	0.9417009841181498	386.53641834208787	644.2273639034798	40.293883101680265	0.002686258873445351
300	[3, 4, 5]	48.0	0.8062203797303243	0.9427590076073341	0.9260414136789742	309.39534956049147	560.545700905221	137.31177294664195	0.002860661936388374
300	[4, 5]	9.0	0.8112617803058237	0.9018999840694288	0.9528351165465925	79.54598807064592	177.46343175547852	26.672957427495486	0.0029636619363883876
301	[0, 3]	14.0	0.8406230008851027	0.9041271295151572	0.9674698157808114	108.2385999286096	193.20390779749204	34.79362422823454	0.0024852588734453245
301	[4, 6]	23.0	0.8118577375504484	0.9801166935890377	0.9155184303116952	221.3879844967789	368.9799741612981	65.88722453693262	0.0028646619363883745
301	[3, 4, 5]	28.0	0.8062083883648362	0.9554380058584457	0.139189338414293	253.5740615083314	422.6234358472189	80.40653421887451	0.0028716619363883754
301	[3, 5, 6]	9.0	0.8024652722768479	0.9864702262278381	0.9020196699733387	117.35091713687196	195.58486189478657	26.7359574274955	0.0029706619363883886
301	[3, 6]	38.0	0.8047073624088897	0.9729933382353361	0.9150999436591272	66.29982774252748	110.49971290421246	110.79515358275849	0.0029156619363883813
301	[3, 5]	31.0	0.8050483242938149	0.9812823799729034	0.9113237079238283	74.7684970742122	124.61416179035368	90.91252002803989	0.0029326619363883835
301	[5, 6]	6.0	0.8020316663048536	0.9404153731692818	0.9289319249400911	93.63350945700421	156.05584909500703	17.79997161833033	0.002966661936388388
302	[0, 1]	5.0	0.8254049473596327	0.901739290784622	0.9606261013474996	69.56793569657329	128.63642827781524	12.151294367226585	0.002430258873445317
302	[1, 4]	16.0	0.8149001256008545	0.9336507381743681	0.9391848318061061	91.83153337739544	153.05255562899242	45.1465909822139	0.002821661936388369
302	[4, 5]	26.0	0.8008433107328157	0.9698429440702263	0.9144238267150425	112.9890450568773	188.3150750947955	77.75721034609818	0.0029906619363883912
302	[1, 5]	14.0	0.8034121221873985	0.9954851587223237	0.20726842660848188	84.15417037146977	140.25695061911628	39.951267109437225	0.002853661936388373
302	[1, 4, 5]	49.0	0.8069168281865577	0.9365038225451262	0.9295730948344161	144.48737440287124	240.8122906714521	140.46643488303036	0.0028666619363883748
303	[7, 9, 10]	12.0	0.8077492488128736	0.9835596887180519	0.15221750883375465	86.20716270484239	143.67860450807063	34.53194323666051	0.0028776619363883762
303	[7, 9]	16.0	0.8020963660794356	0.9846820627318357	0.9075703751038462	42.015220698081556	70.02536783013592	47.91459098221427	0.0029946619363883918
303	[7, 8, 9, 10]	37.0	0.8050839595207866	0.9274862712476496	0.9311098113040037	137.95502459266876	244.299447067733	111.80149164637062	0.0030216619363883953
303	[9, 10]	35.0	0.8139610046432224	0.9248174146611762	0.9431106753066396	52.330832346579236	87.21805391096541	111.63816777359462	0.0031896619363884176
304	[1, 2]	23.0	0.8077120631215762	0.9867856296144332	0.9105967134798091	278.52150860555025	477.3869937189958	60.70295408924294	0.002639258873445345
304	[4, 5]	17.0	0.8023678151679566	0.9217597159066704	0.9380767861883195	67.58226074311183	112.63710123851972	50.73925291860264	0.0029846619363883904
305	[0, 2]	5.0	0.8381878899220153	0.9012027524159929	0.9677532454962497	89.02330102282006	163.63763280746056	14.208309681941858	0.0028416619363883715
305	[0, 1, 2]	16.0	0.903339075588169	0.903339075588169	1.0	256.78588137454915	472.67396503432997	46.87459098221413	0.002929661936388383
305	[1, 2]	20.0	0.802444669634285	0.9824649263690058	0.909310292081855	204.39969499835425	385.3636544073384	58.59323872776766	0.002929661936388383
305	[0, 1]	25.0	0.8957039275953877	0.9096648409265419	0.9931258095742398	220.14876672792406	396.34664285386094	74.36654840970972	0.002974661936388389
308	[3, 6]	41.0	0.8059163454725179	0.9349451735291647	0.933933908001032	59.379259110435655	98.96543185072609	110.50561381125945	0.0026952588734453524
310	[0, 1]	12.0	0.816606744002595	0.9071145165870644	0.953248559028796	108.10869173701035	340.27456010978045	31.33510648134409	0.002611258873445341
310	[2, 3]	24.0	0.8032605310835647	0.9285896879298751	0.9344266950106946	265.1738631355323	456.2576033394162	69.08788647332103	0.0028786619363883764
310	[4, 5]	8.0	0.8037445191022399	0.9198250957869314	0.17153836299962813	133.37907761619758	500.18329006809046	29.165295491107827	0.003645661936388478
310	[4, 6]	19.0	0.8001510846052008	0.9296319651051332	0.9341942345322815	873.779971034636	435.76407122286577	71.94657679138145	0.003786661936388497
310	[4, 5, 6]	31.0	0.8016946537104558	0.9886071520358878	0.9006739737616868	977.6395725547227	591.5534735029958	112.0235200280427	0.003613661936388474
310	[5, 6]	32.0	0.8066012939548052	0.9418253589366019	0.9327109736420769	948.1200964586118	247.15958571503532	116.75718196443131	0.0036486619363884786
311	[0, 1]	25.0	0.8090075775002034	0.9275394405743547	0.939092126809547	130.06799277156028	336.454690868409	59.606471836132776	0.002384258873445311
311	[0, 2]	18.0	0.8026942510123974	0.901436643799238	0.948023728768597	106.25561960993305	236.9631345092703	46.06665972201602	0.0025592588734453343
311	[0, 2, 3, 4]	27.0	0.8041887675581588	0.907610218130822	0.9411845479471493	202.27180954859384	396.9901177403716	69.58598958302409	0.0025772588734453367
311	[2, 3, 4]	27.0	0.8272233735636881	0.906544234344793	0.9568023444301462	174.1643660656651	303.29863946394255	70.85498958302426	0.002624258873445343
311	[0, 3, 4]	36.0	0.8224992010919462	0.907638107836703	0.9535680296164143	124.12363342158953	253.7184615075304	94.43731944403234	0.002623258873445343
311	[2, 3]	36.0	0.8046869486987286	0.911373909688962	0.16651441317298923	125.91669343496945	222.88585174611643	96.66931944403264	0.002685258873445351
311	[2, 4]	42.0	0.8008186339581862	0.9781069248731888	0.9100331657279397	126.39584875769997	223.68444395066732	112.10887268470465	0.002669258873445349
312	[0, 1]	11.0	0.8158573329348674	0.9001367437699113	0.9562132588155859	87.96186410128294	146.60310683547155	27.821847607898633	0.0025292588734453303
312	[2, 3]	9.0	0.8015558976255817	0.974041767518666	0.912574961930255	163.3346345250969	272.2243908751615	25.9799574274954	0.0028866619363883774
312	[1, 2]	48.0	0.8006924054674884	0.9675524179193254	0.1958870219984279	110.80741787612678	184.6790297935446	137.98377294664203	0.002874661936388376
312	[1, 2, 3]	16.0	0.8998550276611365	0.901293787769247	0.9992481864831475	188.44632408290877	314.07720680484795	47.01859098221415	0.0029386619363883843
315	[1, 2]	18.0	0.909305303590729	0.9733492004412951	0.9697545336228381	79.49800788155973	132.49667980259952	50.78991485499064	0.002821661936388369
315	[1, 2, 3, 4, 5]	25.0	0.8703356904850176	0.908315836730848	0.9789653704502288	299.8759434644127	499.79323910735445	66.38147183613367	0.002655258873445347
315	[1, 2, 4]	15.0	0.8043704676267579	0.9758628637152481	0.15015753411091595	201.00635565409192	335.0105927568199	40.128883101680245	0.0026752588734453497
316	[1, 2]	9.0	0.8415736370360195	0.902513806426513	0.9689019350697263	152.21003961821415	266.950005469349	23.618329861008085	0.002624258873445343
317	[0, 1, 2]	12.0	0.8465611031979428	0.9045882937176781	0.9687770824247186	158.62087995880972	290.62498276924845	30.807106481344025	0.0025672588734453354
317	[0, 1]	9.0	0.8013865888648813	0.9061161048889083	0.9453229599363252	142.99800805195474	251.56780300211102	23.330329861008046	0.0025922588734453387
317	[1, 2]	40.0	0.8050402269959035	0.9482711426785811	0.9268091820413247	79.19414246569131	145.00929736519802	104.8103549378137	0.0026202588734453424
317	[0, 2]	49.0	0.8109218617860896	0.9817108531113788	0.19670271549996013	95.04960939997339	184.67286517118788	129.22568479882187	0.0026372588734453447
317	[0, 2, 3]	30.0	0.8528593413123002	0.9022455852973117	0.9734949737925089	297.30293514617404	521.7617414148557	79.83776620336043	0.002661258873445348
317	[1, 2, 3]	39.0	0.9226772982603234	0.9234068532574674	0.9996280559019816	281.44746821189193	482.09817360886575	103.94509606436858	0.0026652588734453484
317	[0, 3]	27.0	0.8001834752600723	0.9881851265329061	0.9048663334219166	281.68006323931905	482.70456164771815	72.31298958302446	0.00267825887344535
317	[2, 3]	29.0	0.8048897045846312	0.9335561011272778	0.9339365520539324	217.87619765305564	376.1460560108052	78.22050732991522	0.0026972588734453526
318	[0, 1]	22.0	0.8732349947026158	0.900811979237985	0.9861866381167738	412.76308398039896	701.4408097759967	59.33969521579776	0.0026972588734453526
318	[2, 3]	16.0	0.9008821690921163	0.9013352809041882	0.9997765595645927	258.9713601122566	460.463259027558	45.802590982213985	0.0028626619363883742
319	[0, 1]	7.0	0.8013604143888605	0.9711284272690495	0.9137138105413858	107.94662577789418	192.76831739007307	17.473812114117283	0.002496258873445326
319	[0, 1, 2]	14.0	0.8246380863237469	0.9089966204977455	0.9540622980048371	220.20476529187195	379.865216580036	36.90762422823482	0.0026362588734453445
319	[3, 4]	9.0	0.8652753109973407	0.9009495283846426	0.9820311163443693	108.14320889703558	142.26233317674104	28.10395742749568	0.0031226619363884088
320	[1, 2]	31.0	0.8362549856986077	0.9006580323759886	0.9669936674917026	250.57766895105848	431.0591316284513	82.40602507680578	0.0026582588734453474
320	[0, 1, 2]	34.0	0.9036195947787548	0.9036195947787548	1.0	280.6062576133976	493.61869134165784	90.61880169714185	0.0026652588734453484
320	[0, 2]	22.0	0.8176313005487107	0.9047192517067361	0.15617808535037894	183.91253730124973	319.03280744472426	59.36169521579776	0.0026982588734453528
320	[0, 1]	32.0	0.8059534732737534	0.908842665444146	0.16465107738788073	126.72230897448694	237.14544361014006	86.5042839502513	0.0027032588734453534
321	[0, 4]	14.0	0.8033269819300568	0.9883114443784011	0.9070596695363262	70.4828285041617	117.4713808402695	34.975624228234565	0.002498258873445326
321	[0, 1, 4]	17.0	0.8149807255767882	0.9116143226868982	0.9470047134597989	158.2567023588155	263.76117059802584	44.136400848570766	0.0025962588734453392
321	[1, 4]	49.0	0.8001634771866732	0.962285822654709	0.9177644489860015	104.35307455224293	173.92179092040487	127.26568479882164	0.0025972588734453394
321	[1, 2, 4]	47.0	0.8309530498433025	0.9073509749625214	0.9584658463578372	144.59906143448373	240.99843572413957	122.494167051931	0.0026062588734453405
321	[0, 1, 2, 4]	50.0	0.8735263202415162	0.9078953481971871	0.9812859759230398	198.50268924105626	330.8378154017605	131.31294367226715	0.002626258873445343
321	[0, 1, 2]	33.0	0.8515167957181219	0.9256581471515501	0.9601550470812257	181.92348854346713	303.20581423911193	87.2605428236964	0.0026442588734453456
321	[2, 4]	46.0	0.882315068125343	0.9564435272264857	0.9640809484656206	56.82518757982996	94.70864596638326	129.79644907386498	0.002821661936388369
321	[3, 4]	25.0	0.8626339465838329	0.9075228770462033	0.9774732529143616	224.296103464646	388.2516240221222	71.36654840970932	0.002854661936388373
321	[2, 3, 4]	42.0	0.8065428847231951	0.9653027584725541	0.9146410198316502	264.5420903468868	455.3282688258569	119.93780132831168	0.0028556619363883733
321	[3, 5]	23.0	0.8068573446634058	0.9021354468374343	0.16054266128993414	245.2954533894213	454.5659994153848	66.43922453693268	0.0028886619363883777
321	[4, 5]	5.0	0.800363526911587	0.9696429702905688	0.9141830445177727	54.1577513199536	121.5783777185597	17.038309681942234	0.0034076619363884466
322	[0, 1]	47.0	0.8050426474389398	0.9966237688753533	0.9042792836209163	86.72227065949534	157.50138358565135	122.21216705193098	0.0026002588734453397
322	[0, 3]	44.0	0.8089554129780802	0.9892508211955526	0.9099620349595245	111.8159612639379	199.3242012597223	116.2153904315952	0.002641258873445345
322	[4, 5]	38.0	0.8058996064188748	0.9771706126079084	0.9133535874834422	104.8223692376331	189.16903822871524	107.33715358275802	0.002824661936388369
323	[0, 2]	11.0	0.8604960712812992	0.9023970169032604	0.9788603949673825	65.00597665639734	136.78707989721346	29.37284760789884	0.002670258873445349
323	[1, 2]	8.0	0.8704097741470154	0.9006752287519738	0.9848055718330951	104.92476777318187	190.45446755329777	22.74129549110697	0.0028426619363883716
324	[0, 2]	31.0	0.8079478479754987	0.9308355844954126	0.9368712698301943	135.73609377429952	226.22682295716584	81.41402507680564	0.002626258873445343
324	[2, 3]	13.0	0.8023010202337636	0.9842454827602809	0.20272544321735597	66.379655731483	124.97300129934632	37.227605173048865	0.0028636619363883744
324	[2, 4]	17.0	0.8483954696401309	0.9009421462909248	0.9732881473206928	92.62856955441498	154.38094925735828	48.03625291860228	0.0028256619363883693
324	[3, 4]	7.0	0.8722594863408651	0.9014299459445256	0.9853772548777336	95.08207420793038	172.8103654267586	21.10263355471876	0.0030146619363883944
324	[2, 3, 4]	21.0	0.8517821806323405	0.9051735927502431	0.9713776860749573	127.04514974691416	226.0821579917316	60.87190066415596	0.002898661936388379
325	[0, 2]	31.0	0.8121063614471499	0.9096039531597828	0.9494706220909981	78.45283020387086	143.37065934557617	79.95702507680545	0.002579258873445337
325	[0, 1]	24.0	0.800401554427129	0.9488372380508346	0.9240207074180864	158.44983161857928	276.69899503675686	62.91021296268823	0.0026212588734453425
325	[0, 1, 2]	47.0	0.8673376881901653	0.9139549894931739	0.9753692811950396	214.1939656120257	369.60588502583425	124.84416705193131	0.002656258873445347
325	[1, 2]	18.0	0.8063201325263516	0.9439334203597762	0.9299947384456807	191.48526940160124	319.1421156693354	48.33465972201632	0.002685258873445351
326	[0, 1]	19.0	0.8024311060746108	0.991751783003819	0.904632757380183	67.40107908007731	149.62368620318844	45.81391859546098	0.0024112588734453147
326	[0, 1, 2]	36.0	0.8303690242791315	0.9058497901737314	0.9590360191564917	91.0880834577999	202.26147370923863	88.35331944403153	0.0024542588734453204
326	[1, 2]	30.0	0.8017008495976629	0.9850138348426866	0.9079069619231988	61.44502737173226	128.15383349406952	75.42776620335985	0.0025142588734453283
327	[0, 1]	17.0	0.8025431840286451	0.9149506136722253	0.9415542872996339	132.81983408204576	233.71956432845013	44.493400848570815	0.002617258873445342
327	[2, 3]	28.0	0.8010527904937401	0.9264440942446658	0.9351937923763037	248.25513552979385	442.30890519848276	80.85453421887458	0.0028876619363883776
328	[1, 3]	29.0	0.8103804197722756	0.9183783847821605	0.9442364591891726	186.31878455069182	340.6963787114456	86.52619615526332	0.0029836619363883903
328	[1, 2, 3]	15.0	0.8045780311134738	0.9163934850159217	0.9385709250827823	325.2910368289537	572.3167991752154	44.25992904582579	0.002950661936388386
329	[0, 1, 3]	32.0	0.8383222737551081	0.9112143725850482	0.9607092673401638	342.2281925300965	596.6919740347172	83.88028395025096	0.0026212588734453425
329	[1, 3]	41.0	0.8461111646622066	0.9044835333267452	0.9703198962769003	256.01574720599655	439.9420734454447	107.47161381125903	0.0026212588734453425
329	[1, 2, 3]	34.0	0.8554280129502811	0.9045569001147581	0.9737077687435064	497.77275078638763	856.3013573894514	90.44880169714183	0.0026602588734453477
329	[1, 2]	30.0	0.8169390120692204	0.9406152487794546	0.9371649897965169	472.2924125572284	813.8341270075193	79.86776620336045	0.002662258873445348
329	[0, 1, 2]	50.0	0.8728534051121808	0.9158371645816726	0.9773997437004738	558.5048578813283	970.5840275967919	133.41294367226743	0.0026682588734453488
329	[2, 3]	47.0	0.8587759811493342	0.9154086001100309	0.9716110023525965	267.23734180955023	458.8265143259388	127.05316705193162	0.0027032588734453534
329	[3, 4]	24.0	0.8070667234432928	0.9009347892706285	0.160106365219253	254.80122563553437	454.0688231626053	71.0318864733213	0.002959661936388387
329	[4, 5]	23.0	0.8187895422274235	0.9112268520812655	0.952282201916165	345.02805733414556	634.1153811033087	66.96822453693275	0.0029116619363883807
329	[3, 4, 5]	26.0	0.883609324986404	0.9142251669711428	0.9839674746380855	370.5083955633048	676.5826114852408	75.80721034609792	0.0029156619363883813
329	[3, 5]	26.0	0.8102815568236748	0.9986034294535515	0.9063140608498033	141.18750815692965	264.9810187045675	78.35521034609826	0.0030136619363883943
330	[0, 1]	15.0	0.8633788107335917	0.9007934420443396	0.9811397402402642	148.3216133224811	283.33480629779075	39.138883101680115	0.002609258873445341
331	[0, 1]	27.0	0.8583289694954189	0.9010652278192204	0.9783493279112392	283.15427339968966	701.4906060998841	64.59098958302343	0.002392258873445312
331	[1, 2]	16.0	0.8033992546545843	0.9413423581653845	0.9292839355716498	123.06361659420465	230.48269398836453	40.40414197512528	0.00252525887344533
331	[1, 2, 3]	14.0	0.9019997151686023	0.9076998754123041	0.997035469244419	171.31823082291424	310.90705103621383	36.55762422823477	0.002611258873445341
331	[2, 3]	11.0	0.805781648049701	0.9204569621413063	0.9406006654636617	141.49404032713218	248.77332083666786	28.3058476078987	0.002573258873445336
331	[1, 3]	26.0	0.8135420876170207	0.9120138984434953	0.16200346401484486	78.0788047244917	142.55808724739538	67.16473070957878	0.0025832588734453375
332	[0, 1]	30.0	0.806132515033268	0.9909350897633303	0.907585910827195	65.30540872658011	180.77253327248252	74.49776620335973	0.0024832588734453242
332	[1, 3]	22.0	0.8003683157879163	0.9596130873063183	0.9197150014568621	76.01969687306665	164.3434479070615	54.60969521579713	0.002482258873445324
332	[9, 10]	40.0	0.8031390321763302	0.9428513409694007	0.9287995502292374	301.7950328940286	4438.671841178453	137.10647745553797	0.0034276619363884492
332	[8, 10]	48.0	0.801841846125685	0.9395679337036431	0.9293123901497975	139.72243368712313	520.6915938208275	172.20777294664657	0.0035876619363884705
335	[4, 6]	4.0	0.8656342627023502	0.9009475182254765	0.9821385666852301	16.62530804385526	27.70884673975877	14.10664774555385	0.0035266619363884624
335	[5, 6]	15.0	0.8034054029137857	0.986156818516522	0.9080404328252037	25.837026738678333	43.06171123113056	52.55492904582689	0.0035036619363884593
335	[4, 5, 6]	2.0	0.8009396594552046	0.9365334318436702	0.9260316532836176	34.07733491052499	56.79555818420832	6.921323872776907	0.0034606619363884536
335	[4, 5]	20.0	0.8118667619584197	0.9251482324036553	0.9417591895073474	25.692335038516383	42.82055839752731	69.2932387277691	0.003464661936388454
335	[3, 4, 6]	39.0	0.8083533164190599	0.9432839478378535	0.1319411582318118	105.11492961520818	189.93981962057245	112.5018155191467	0.002884661936388377
337	[1, 2, 3]	41.0	0.8068071839802875	0.9174037477626359	0.9393931620725878	156.0166051252844	272.8755363863929	103.08461381125846	0.0025142588734453283
337	[5, 6]	15.0	0.8082304784018347	0.95660714479503	0.1862441042256603	137.099621162417	242.774418836321	43.929929045825745	0.002928661936388383
337	[4, 7]	21.0	0.8060056959098305	0.9995057762829955	0.90357977934719	112.1629841095702	201.53707115414176	62.15290066415613	0.002959661936388387
337	[4, 5, 6, 7]	8.0	0.8645749523312357	0.9024709933982767	0.9791010606908576	249.26260527198718	444.31148999046275	23.501295491107072	0.002937661936388384
338	[1, 2]	19.0	0.8068406874097294	0.9580446928397737	0.923012335756381	203.9045280372917	339.84088006215285	51.07691859546168	0.0026882588734453514
338	[2, 3]	7.0	0.8162920252616543	0.902909851927694	0.955148567953592	113.73215497658673	204.39196028851498	20.731633554718712	0.0029616619363883874
339	[0, 2]	10.0	0.8013241458615591	0.9571626072966127	0.9205689801384701	110.13989011875566	196.15641410538237	26.17258873445342	0.002617258873445342
339	[0, 1, 2]	36.0	0.8478470649868441	0.9052743115657854	0.9691269180408341	341.8358489278785	582.3163454539205	94.8333194440324	0.0026342588734453443
339	[0, 1]	31.0	0.888965231929584	0.9042164646295121	0.9924355745373263	277.0197088759654	474.2894453673987	82.90202507680583	0.0026742588734453496
339	[3, 4]	37.0	0.8126287032904622	0.9389185837789704	0.9357352976903132	248.50605503311374	428.49445014180986	104.66049164636968	0.0028286619363883697
340	[0, 1]	11.0	0.8191628105826754	0.9046081889426622	0.956435428355229	110.93545587882647	234.15304643642483	26.325847607898435	0.0023932588734453123
340	[1, 2]	14.0	0.8175519013919808	0.9122320683283274	0.9515921154930969	86.88639054043304	144.81065090072175	36.45962422823476	0.0026042588734453403
340	[2, 3]	37.0	0.8018072751095437	0.9374778525276972	0.9285225229987804	82.8669088456862	138.11151474281033	98.28157831747784	0.002656258873445347
340	[1, 3, 4]	11.0	0.8358674085197451	0.9002969015329495	0.9649707480415918	69.53788095631974	196.52058712604475	32.56728130027226	0.0029606619363883873
340	[1, 3]	30.0	0.8591318982502073	0.9012822208634121	0.9785792286213232	40.51319816473547	67.52199694122578	90.79985809165188	0.003026661936388396
340	[3, 4]	2.0	0.8723141856706889	0.9007157994085169	0.9856642129204637	47.271541026578575	159.41002057647614	7.281323872776955	0.0036406619363884775
340	[1, 4]	19.0	0.8558348673278056	0.9068903882458106	0.9739458767994564	51.291022721325426	166.10915673438757	56.651576791379405	0.00298166193638839
341	[0, 1]	9.0	0.8297811971484761	0.9041658088157218	0.961809768780946	68.62703992031282	126.69242890364873	22.403329861007926	0.002489258873445325
341	[2, 3]	29.0	0.8194020596549675	0.9807694234049346	0.9199797503760013	164.17881514411735	273.6313585735289	82.26319615526276	0.002836661936388371
341	[3, 4]	26.0	0.8024755711986001	0.9873002383823901	0.9066218961325632	224.501199331383	449.79567612508845	77.49721034609813	0.00298066193638839
341	[4, 5]	28.0	0.8449762067128606	0.911125719610705	0.9664847043438058	229.0644203715652	520.32864037608	85.6425342188752	0.0030586619363884003
342	[0, 1]	10.0	0.8641082697396872	0.9032975212776548	0.9802804633645787	127.58527901290748	212.64213168817915	26.99258873445353	0.002699258873445353
343	[0, 3]	9.0	0.8329853483772475	0.9048516477866495	0.9628575011772176	56.57915468122572	210.8224802069352	19.88332986100759	0.002209258873445288
343	[0, 1]	43.0	0.8667812476034177	0.9004238111805134	0.9830061702662896	70.6534810250204	233.9129940152978	96.50313155814757	0.0022442588734452925
343	[1, 3]	26.0	0.8039827552873838	0.9251565371970559	0.17332133323992077	43.983123501601014	97.86250670287843	60.69073070957791	0.0023342588734453044
343	[0, 1, 3]	39.0	0.8758942007979817	0.9022699214156139	0.9860409559287713	85.60787960392356	271.2989904625557	91.89409606436699	0.0023562588734453074
343	[0, 2, 3]	25.0	0.8787207906016723	0.9151079878765042	0.9808196988216006	101.73524044831629	311.1693374671365	59.981471836132826	0.002399258873445313
343	[0, 1, 2, 3]	40.0	0.8104578178285715	0.9164861552518005	0.9402228803739083	130.7639653710141	371.64584772275697	96.05035493781253	0.0024012588734453133
343	[1, 2, 3]	28.0	0.8206627813974281	0.9475214932112108	0.9322602519272744	89.13920926869157	198.20936396307974	67.4872484564688	0.0024102588734453145
343	[2, 3]	13.0	0.8503047098160492	0.9038262834238698	0.9733010052474019	60.11048434599374	137.73285370745918	31.541365354789118	0.0024262588734453167
343	[0, 2]	31.0	0.8147547097950985	0.972883766812458	0.1905629509363376	86.78084186941312	273.78334101987855	75.33802507680483	0.002430258873445317
343	[0, 1, 2]	46.0	0.8032176862321908	0.925266993710538	0.9333609646750007	115.80956679211096	334.25985127549905	112.25190817848465	0.0024402588734453185
343	[1, 2]	22.0	0.8042849386853753	0.9061865979688896	0.1643367367508198	74.1848106897884	160.8233675158218	57.403695215797505	0.002609258873445341
343	[1, 3, 4]	12.0	0.8019789109281151	0.9384628256971843	0.9251515283771042	122.5064263793679	241.82189531211773	31.86310648134416	0.002655258873445347
343	[1, 4]	47.0	0.8055509705668008	0.911790489603283	0.9443754014022335	107.55202780046474	204.4358988648598	126.11316705193148	0.0026832588734453508
344	[1, 2]	41.0	0.8081743073662607	0.9506923021020925	0.9274222870299257	120.22541579333411	229.0294790999985	116.71313939192325	0.002846661936388372
344	[1, 3]	22.0	0.8007468539275119	0.9906522194381374	0.9045252042177098	225.92152778231772	405.35814415099617	63.37456260054429	0.0028806619363883766
344	[2, 3]	30.0	0.8155789676419699	0.9325377107256667	0.9402077172679704	209.57265722889727	378.3108363508298	86.29985809165127	0.002876661936388376
344	[1, 2, 3]	16.0	0.8531847963866662	0.9000780446593795	0.9748085059573396	277.8598004022745	506.3492298009122	46.858590982214125	0.002928661936388383
345	[0, 1]	29.0	0.8013899613721878	0.9347306657248294	0.9315508575339946	269.98580041257446	549.7289528833613	72.79750732991451	0.002510258873445328
345	[0, 2]	9.0	0.8033398304561074	0.9628630333895016	0.9188240928631511	92.88047532341366	179.33036599373798	23.12332986100802	0.0025692588734453356
345	[0, 2, 6]	35.0	0.8038428137033451	0.9126316224750463	0.9400772863796547	118.4571883677749	221.95822106767338	92.96906057058715	0.002656258873445347
345	[2, 6]	33.0	0.8052165716295397	0.945486192216273	0.9282279098829507	81.66282768570206	136.10471280950344	86.96354282369637	0.0026352588734453444
345	[4, 5]	50.0	0.8074231833986958	0.9568796345629987	0.923941795192782	94.34759461406466	157.24599102344112	143.38309681941874	0.002867661936388375
345	[3, 4, 6]	22.0	0.8796947732111399	0.9085502566573248	0.9848471349314857	196.43059582679487	327.3843263779915	63.528562600544305	0.0028876619363883776
345	[4, 6]	41.0	0.8041532399075642	0.9512170652085747	0.9251520642200362	68.38293375391339	113.97155625652233	124.5031393919243	0.0030366619363883973
346	[0, 1]	32.0	0.8041486550644452	0.9036152715611653	0.948057795860818	62.462837879040684	104.10472979840114	78.21628395025022	0.002444258873445319
346	[0, 1, 2]	31.0	0.8076992373215881	0.925951018068926	0.9355335429232364	158.35591883726272	263.92653139543785	81.63102507680567	0.002633258873445344
346	[1, 4, 5, 6]	25.0	0.8122687190120791	0.9369788915523546	0.9301391439948573	333.8229660267581	570.9508627189224	71.71654840970939	0.002868661936388375
346	[5, 6, 7]	18.0	0.8040540823625066	0.9566882197006616	0.9177282560824599	253.5479925195766	437.1592402069532	53.561914854991	0.0029756619363883892
348	[0, 1]	6.0	0.8018207627433169	0.9025232494478054	0.9471004907172723	85.95361252808907	238.52067188407278	13.657553240671781	0.0022762588734452967
348	[0, 2]	10.0	0.8437735050901132	0.9000721533675774	0.9712794542192856	79.50535766245729	203.4188511289791	22.70258873445296	0.002270258873445296
348	[1, 2]	34.0	0.8026479548898693	0.9725461968009625	0.19702252295934863	52.003095484065895	111.02655511915052	79.7048016971404	0.0023442588734453058
348	[0, 1, 2]	25.0	0.8638278477123011	0.9070789101608628	0.9769939887697774	108.73103283730612	276.48303906610124	61.23147183613299	0.0024492588734453197
348	[1, 3]	46.0	0.8128680544036264	0.9227215835732333	0.9433678687955324	92.82579037479968	192.3144039370299	119.24390817848558	0.0025922588734453387
348	[1, 2, 3]	41.0	0.8800770570711088	0.9206062106448968	0.9787904703041255	115.60321068401674	230.27677111905837	108.33261381125917	0.0026422588734453453
348	[2, 5]	20.0	0.8043795537873152	0.9931964380795452	0.905438121573299	142.21072858689462	237.0178809781577	57.87323872776757	0.0028936619363883784
349	[0, 1, 2]	36.0	0.802223738433501	0.9310309590341028	0.9294754423324485	116.8023617486367	194.6706029143945	90.33331944403179	0.0025092588734453277
349	[0, 2]	32.0	0.8020490893575847	0.9075649904691838	0.9448711818567869	93.7408100123954	156.23468335399232	79.75228395025042	0.0024922588734453254
349	[0, 1]	14.0	0.8069074270128729	0.9325895416510787	0.9354529967346118	77.25287550499755	128.75479250832922	35.003624228234564	0.0025002588734453265
349	[6, 8]	44.0	0.8064486305044292	0.989404808485409	0.9081969565872341	147.64888885504266	261.1724850732878	127.6731252010887	0.0029016619363883794
351	[0, 1]	24.0	0.8079879500120776	0.9713590390774027	0.9176283018827477	169.7904135793255	320.18075997020156	61.61421296268805	0.0025672588734453354
351	[2, 3]	29.0	0.8225181583468241	0.9584538047418877	0.17925118913413662	320.33744596230497	560.5722790131912	78.1335073299152	0.0026942588734453522
351	[0, 2, 3]	25.0	0.809606091398431	0.9316978728090342	0.12516265561621487	349.329239671179	633.0517632853763	67.48147183613382	0.002699258873445353
352	[0, 1]	32.0	0.8034590348283762	0.9622191817890889	0.9193596410492869	221.19879225719103	394.7978817091618	84.26428395025101	0.002633258873445344
352	[1, 2]	29.0	0.8057178239666601	0.9936328099873484	0.9060339310058501	370.09876274662514	643.6314102456453	78.39450732991526	0.0027032588734453534
353	[0, 1]	22.0	0.8056239460897433	0.9003205372484018	0.9504855744803029	320.1134770174295	546.70204926561	59.03169521579772	0.0026832588734453508
353	[2, 3]	15.0	0.8545474314562529	0.9018121769178526	0.9760698048394817	298.3988325833394	497.3313876388991	42.489929045825555	0.0028326619363883703
354	[5, 6]	18.0	0.8054557336069285	0.9595604005356821	0.9216870411085879	184.31644429848564	321.70526037344246	53.03991485499094	0.0029466619363883854
355	[0, 4]	34.0	0.8019361590892322	0.9005417443614795	0.9483740891142494	114.5875898048308	205.50129961383615	91.40080169714194	0.0026882588734453514
355	[3, 4]	30.0	0.8076431087626876	0.9954067858342488	0.9063117273824584	190.6547937346251	332.27997283016	87.79985809165149	0.0029266619363883827
355	[4, 5]	23.0	0.8021865459809878	0.9011752322306894	0.9481209931848164	114.16078347650068	661.1962484018908	71.31522453693333	0.003100661936388406
355	[5, 6]	6.0	0.8005675837460627	0.9739781105857951	0.9122104734447539	149.55015940294928	756.930679854238	19.533971618330558	0.0032556619363884264
355	[4, 5, 6]	12.0	0.860771392840047	0.9053840398012779	0.9761946287216354	175.6897292933619	815.0186129440438	37.74794323666094	0.003145661936388412
355	[4, 6]	21.0	0.8021476264206726	0.9718252843661336	0.9141401537127327	87.66851570727383	211.91029763195888	66.18490066415667	0.0031516619363884126
356	[9, 10]	19.0	0.800727079036956	0.9822491729018099	0.9075556938957022	54.23698942140237	105.91048121889084	64.30857679138043	0.0033846619363884435
357	[0, 1]	17.0	0.8350787458640688	0.9052179794663412	0.9641299890788332	52.775441221056056	113.18791356047807	41.24640084857038	0.0024262588734453167
357	[0, 1, 3]	3.0	0.8691035954662241	0.9011423808886357	0.9829604374864578	76.63410722223811	152.9523568957815	7.58477662033599	0.00252825887344533
357	[1, 3]	10.0	0.8995870816459274	0.9012168843278577	0.9991957990026981	47.18002532078328	91.5896862677506	29.12661936388381	0.002912661936388381
357	[0, 3]	23.0	0.8514410706293757	0.9027799932916042	0.9740187247062894	53.312747902636886	101.12711396333432	56.74695408924241	0.002467258873445322
357	[2, 3]	20.0	0.8752875609559673	0.9027428691171149	0.12480295515170683	151.68689799353461	252.81149665589103	52.245177468906824	0.0026122588734453413
357	[0, 1, 2]	23.0	0.8859163244548165	0.9070012382589442	0.9889301085958472	180.6036732134086	326.2349668810657	60.17395408924286	0.002616258873445342
357	[0, 2, 3]	26.0	0.8825978199870331	0.9052112284244634	0.9880934388472393	181.1409798949894	314.1741672839219	68.12673070957891	0.0026202588734453424
357	[0, 2]	33.0	0.8015336416231319	0.9584701085449723	0.19078783075638212	157.28231389380736	274.40972394861853	86.73254282369633	0.0026282588734453435
357	[1, 2]	33.0	0.8256504701226246	0.903244959816538	0.959957421091192	151.14959131195377	264.8722962530348	88.8115428236966	0.002691258873445352
357	[0, 1, 2, 3]	20.0	0.9029012188981561	0.9029012188981561	1.0	204.46233921459066	365.99941021636914	53.94517746890705	0.0026972588734453526
358	[0, 1]	11.0	0.8018647540661268	0.9199960699648142	0.9386493137659566	108.70813498681834	207.0693109644677	27.41484760789858	0.0024922588734453254
358	[0, 1, 2, 3, 4]	13.0	0.8871745481786755	0.9005096690480456	0.9926535055168494	462.3972078279161	796.5510990329639	34.72636535478954	0.002671258873445349
358	[0, 2]	41.0	0.804446151116261	0.9832983828473775	0.9099816388518221	190.01426002045275	329.61328789712513	108.49661381125918	0.002646258873445346
358	[1, 2]	46.0	0.8061278883043931	0.9102919403128147	0.9458245254293839	174.66299152211363	304.0712173269226	122.04990817848595	0.002653258873445347
358	[1, 2, 3, 4]	41.0	0.8707228132029069	0.9205071047346919	0.9730283476771754	400.36750608533737	680.2454082656288	110.01361381125938	0.0026832588734453508
358	[2, 3, 4]	16.0	0.8023144319302219	0.9011186952544742	0.9452213014203695	353.68907284109775	589.4817880684961	43.26814197512566	0.0027042588734453536
358	[5, 6]	19.0	0.8019046502234368	0.9854554605041995	0.9073358569725699	254.41932364816694	453.50512329618647	56.08157679137934	0.002951661936388386
359	[0, 1]	8.0	0.8020016962910892	0.9045384956116961	0.16468382176177732	49.87830894063271	220.4218032808547	20.858070987562726	0.0026072588734453407
359	[0, 1, 2]	3.0	0.878688923004495	0.9010960521022988	0.988148877887798	80.68140233096437	271.7602922647408	7.644776620335999	0.002548258873445333
359	[1, 2]	4.0	0.845123396915228	0.9429179607196029	0.9510637320825247	53.47505610434263	101.72062834835491	11.286647745553475	0.002821661936388369
359	[0, 2]	24.0	0.8066076590435372	0.9004878263863377	0.9510642278832139	58.009439616953415	221.378152900272	62.7182129626882	0.0026132588734453415
360	[0, 2]	41.0	0.8173383676025981	0.9666016257442693	0.9250371707627187	83.49155828247093	188.7110672702963	105.70861381125881	0.002578258873445337
360	[1, 3]	40.0	0.804723016186319	0.9358766596146859	0.9329839524139826	128.71910333252066	214.5318388875344	104.61035493781368	0.0026152588734453417
361	[0, 1]	13.0	0.8296466537080718	0.9082897890207206	0.959922903067598	60.910966362999346	138.56199931671227	32.54236535478925	0.002503258873445327
361	[0, 1, 2]	15.0	0.8157702800150193	0.9071304146299077	0.9499886770945694	117.58900564286597	233.02539811648998	39.378883101680145	0.002625258873445343
361	[0, 2]	43.0	0.8107142588589283	0.9279834717145239	0.9391505937575522	71.16732587970037	142.76102079922353	113.61713155814984	0.0026422588734453453
361	[2, 4]	19.0	0.8482352804494704	0.9020873258978078	0.9727785819329094	74.74033668571035	124.56722780951722	50.37391859546159	0.0026512588734453465
361	[1, 4]	25.0	0.8353455222822683	0.9067795017924959	0.9637518443450214	64.48397716900932	120.36820632700596	66.50647183613368	0.0026602588734453477
361	[1, 2]	6.0	0.8139197880007754	0.9003003389167435	0.956431883200694	103.09971904303221	184.7277761170441	15.979553240672088	0.002663258873445348
361	[0, 1, 2, 4]	8.0	0.9008391465463811	0.9010041600794388	0.9999111947616542	135.65130304870968	263.12922712622947	21.402070987562798	0.0026752588734453497
361	[0, 1, 4]	43.0	0.8799532356151233	0.9107513366568517	0.07501541104191252	78.97326376884307	168.66582832645182	115.76713155815013	0.002692258873445352
361	[0, 4]	17.0	0.8033604502831255	0.9921535437048121	0.905418662568823	32.55158400567748	78.4014510091854	48.05325291860228	0.0028266619363883695
361	[3, 4]	19.0	0.8846750580068268	0.905552324650801	0.9897043558860249	154.94627797072684	319.08112131338163	56.461576791379386	0.0029716619363883887
362	[0, 1]	6.0	0.8907573348107349	0.9006898225244347	0.9950714979987053	102.18435991862356	183.63691968232948	15.439553240672018	0.002573258873445336
364	[0, 1]	10.0	0.868174392404308	0.900357673575404	0.9838528310915902	118.88673633072196	675.2689516836103	21.912588734452857	0.0021912588734452855
364	[1, 4]	43.0	0.8046850414550282	0.904898354464079	0.9476888075577956	109.89673367026222	195.12043538653907	112.24113155814966	0.002610258873445341
364	[2, 4]	46.0	0.8051106005596061	0.9034523044956533	0.9488847009476684	239.92782686139887	413.17424440725426	121.22190817848585	0.0026352588734453444
364	[1, 2, 4]	50.0	0.8029116316136188	0.9646248490414984	0.9131778966891801	261.4544095463825	461.0110948183291	132.06294367226727	0.002641258873445345
364	[1, 3]	40.0	0.8022414284464447	0.9773990124074048	0.1993767547980982	238.57098077825646	409.57751389986277	106.17035493781388	0.002654258873445347
364	[1, 2, 3]	22.0	0.8493044907168825	0.9018289693167657	0.08722718720004888	390.1286566543768	675.4681733316528	58.987695215797714	0.0026812588734453505
364	[1, 2, 3, 4]	32.0	0.844405099392303	0.9091475021227509	0.9639171742349213	478.49880763965535	822.751758307117	86.05628395025126	0.0026892588734453516
364	[1, 3, 4]	50.0	0.8386469756734148	0.9254084467171374	0.9535773203108752	326.941131763535	556.861098875327	135.06294367226764	0.002701258873445353
364	[5, 6]	18.0	0.8014483472239351	0.9694632773887853	0.9153808602999689	336.23559342941013	619.3644423331883	53.63391485499101	0.0029796619363883898
364	[5, 6, 7]	22.0	0.8094366720548472	0.9830728640651912	0.9079547787701163	374.71847939898726	763.6752647191028	65.59656260054459	0.00298166193638839
366	[0, 1]	7.0	0.802633853905126	0.9175568464887209	0.9403027911026979	68.31702753237259	139.1846809331307	16.91381211411721	0.0024162588734453153
366	[1, 2]	24.0	0.8016442365549774	0.9386928630033592	0.9293465661406808	178.35965705828878	310.2347594811841	61.47021296268803	0.0025612588734453346
366	[0, 1, 2]	40.0	0.8328903173971127	0.9074810459601185	0.9597390887045771	223.94100014080624	411.5266329978896	102.73035493781342	0.0025682588734453355
366	[1, 3, 4]	31.0	0.8343736030114102	0.922174359574808	0.9530820062774903	289.42798118298094	495.8693416354207	82.40602507680578	0.0026582588734453474
366	[1, 5]	18.0	0.8165587713336707	0.9021686088701384	0.9556363049754779	57.137175292941876	95.22862548823646	53.16591485499095	0.0029536619363883863
366	[5, 6]	4.0	0.8014270029337398	0.993537973172663	0.9030226218953076	63.583178935262914	187.03220959259417	12.122647745553586	0.0030306619363883965
366	[1, 6]	28.0	0.8772946971802269	0.9015845668143384	0.987879127635656	51.917372542031295	167.58919893720818	83.09453421887487	0.002967661936388388
367	[0, 1]	40.0	0.8025853412917608	0.9250612684692433	0.9365526860742146	114.65471424500026	240.31160475095336	102.77035493781342	0.0025692588734453356
367	[4, 5]	3.0	0.8004921098542935	0.9122834053375024	0.9417343093364136	111.31548611041633	756.1539828871366	9.685985809165269	0.003228661936388423
368	[0, 1]	35.0	0.8300005492422033	0.9062372229658511	0.9608104835132091	330.2500560876662	614.2399007967985	89.67906057058673	0.0025622588734453347
368	[1, 2]	17.0	0.8002124944289795	0.9952287915536046	0.9021370338950288	196.7302646992269	354.2579605507874	44.62940084857083	0.002625258873445343
368	[3, 4]	15.0	0.835878074465331	0.9018454575053941	0.9662292267039199	216.55353745522586	389.9972266442481	43.089929045825635	0.0028726619363883756
370	[0, 1]	23.0	0.815521044911894	0.9024817633293355	0.9548512271188647	322.60221762915955	537.670362715266	61.990954089243104	0.0026952588734453524
370	[2, 3]	11.0	0.8025452605939856	0.9311242287157369	0.9336729733790778	181.0866959947144	301.81115999119066	31.192281300272075	0.0028356619363883707
371	[0, 1]	18.0	0.8004575464840409	0.99786882935381	0.9010372138075767	167.62306196938917	317.2347108002083	44.93265972201586	0.002496258873445326
371	[1, 2, 4]	43.0	0.8151659986802567	0.9214142984249591	0.9422047705244188	336.46972883464866	574.1280424214362	113.61713155814984	0.0026422588734453453
371	[2, 3]	30.0	0.8057510656356668	0.9926692267057752	0.9062981189799729	417.7295480750383	709.5610744887524	79.71776620336043	0.0026572588734453473
371	[1, 5]	31.0	0.812113192432824	0.9186022726144546	0.945056871801704	116.41958399722219	194.03263999537035	88.18452002803953	0.002844661936388372
372	[2, 3, 5]	47.0	0.8276853463002878	0.9531157093918206	0.1253882905292438	308.30887999283266	540.1840808010602	121.93016705193094	0.002594258873445339
373	[10, 11]	4.0	0.8001456193480223	0.9314963815852868	0.930941287709167	76.91483555444294	194.36627801537668	12.854647745553683	0.003213661936388421
374	[0, 1]	8.0	0.889004217391933	0.9017075965146449	0.9936938680735559	125.17819653408152	221.24681236888867	20.754070987562713	0.002594258873445339
374	[1, 2]	25.0	0.9002425801667274	0.9133748283916947	0.9935632917733832	260.91917699272955	434.86529498788263	70.54154840970922	0.002821661936388369
376	[0, 1]	31.0	0.8111569831807184	0.9347193105803716	0.937009208588349	84.93911065033765	154.25844962485357	77.66302507680514	0.002505258873445327
376	[1, 3]	24.0	0.8889839146364978	0.9014711863596052	0.9938128512491787	48.59995921031599	80.9999320171933	68.17588647332092	0.0028406619363883713
376	[0, 2, 3]	30.0	0.910458827931744	0.9111093242444717	0.9996638984376577	118.06276617958639	209.46454217360144	76.74776620336002	0.002558258873445334
376	[1, 2, 3]	10.0	0.8019046734819322	0.9448983457856248	0.13643949922627943	96.37844908588112	160.6307484764685	25.50258873445333	0.002550258873445333
376	[2, 3]	18.0	0.8056231616749678	0.9487400999276433	0.927370243973701	64.75105230756492	107.9184205126082	47.23665972201617	0.002624258873445343
376	[0, 1, 2]	28.0	0.9063982462526446	0.9146939967033727	0.9957125027957027	132.71760052590278	233.8892660841288	72.38724845646946	0.0025852588734453378
376	[0, 2]	15.0	0.8000424650648524	0.9422452969283822	0.9281089666667464	101.0902037475866	181.17693812026846	38.86888310168008	0.0025912588734453386
376	[0, 3]	25.0	0.8113695819327208	0.9692406066936244	0.1907047714169642	70.28427630402125	129.83372571432625	65.50647183613356	0.0026202588734453424
376	[0, 1, 3]	12.0	0.804484674356244	0.9763586818987976	0.1506164272634181	101.91167308233744	182.54605367818655	31.51510648134412	0.002626258873445343
376	[1, 2]	50.0	0.8195421097228003	0.9973635486859529	0.912865985611039	79.40588665388132	132.34314442313556	135.2129436722677	0.0027042588734453536
377	[1, 2]	38.0	0.8490869120122375	0.9005849441216713	0.1372312757769274	354.2280733748804	617.1982118312565	101.0138371909232	0.0026582588734453474
377	[0, 1, 2]	34.0	0.8874249533781047	0.9117305828674144	0.9872828558468347	377.7791285553685	656.4499704654032	91.84280169714201	0.002701258873445353
377	[0, 2]	49.0	0.8027612927966823	0.9625817237942114	0.918832392111164	257.34339503667314	442.34199976550036	132.60668479882236	0.002706258873445354
377	[0, 3]	4.0	0.8175753386085679	0.90150618686892	0.9564878142685229	60.8663527281258	132.5400025032411	11.538647745553508	0.002884661936388377
378	[1, 2]	32.0	0.8085094865176788	0.9384528294072284	0.9334599330827564	71.63717713454544	119.39529522424242	82.44028395025077	0.0025762588734453366
378	[2, 7, 8]	26.0	0.8370597640797819	0.9203230520542904	0.9551950658704527	238.26277889612575	397.10463149354297	73.36321034609759	0.002821661936388369
379	[0, 1]	24.0	0.8001682211334101	0.9208305900449522	0.9373256964045039	290.6663507135797	511.2418744057319	64.49421296268842	0.0026872588734453513
379	[2, 3]	14.0	0.8367912255054758	0.9027424414643591	0.9662443200912388	216.21190240818385	389.1947340301339	39.55926710943717	0.0028256619363883693
380	[0, 4]	10.0	0.8342960698330049	0.9015276356995617	0.9654518745918261	56.778509494276264	94.6308491571271	25.462588734453327	0.0025462588734453326
380	[3, 6]	44.0	0.8210061929757281	0.9009265455564592	0.9578462524917953	124.1030127969429	252.5867568885384	128.5091252010888	0.002920661936388382
380	[5, 6]	49.0	0.8003234523366429	0.955656441809564	0.9214920709490972	94.47099124651719	267.7742231747944	158.69443488303278	0.003238661936388424
380	[4, 5, 6]	46.0	0.8074068486834365	0.9135858206888209	0.9418641739854536	111.42484764269908	296.03065050176417	153.11844907386808	0.003328661936388436
380	[4, 6, 7]	26.0	0.8058656921731137	0.9738702459524918	0.9103909157784217	157.70332906986383	328.553797744941	86.75321034609937	0.003336661936388437
381	[1, 3]	5.0	0.8014633722113892	0.9506096644650459	0.9237457165990174	46.40992503983747	90.15949603243293	11.956294367226562	0.002391258873445312
381	[1, 3, 5]	35.0	0.813978550057293	0.9168379197078463	0.9437884520136985	80.14089620346064	146.3777813051382	98.7581677735929	0.002821661936388369
381	[1, 3, 6]	44.0	0.8029697441480796	0.9285180157875673	0.9314546169116913	185.42399011463786	336.3302362690587	126.83712520108858	0.002882661936388377
381	[3, 5]	45.0	0.8017886670476043	0.9309708497421544	0.9334956772173212	57.08357846459379	95.13929744098965	136.1997871374778	0.003026661936388396
382	[0, 1]	33.0	0.8015257331447162	0.9081577014015576	0.9443633018872555	70.61623325802825	117.69372209671373	81.68354282369566	0.002475258873445323
382	[1, 2]	15.0	0.8062104197478436	0.9141022428667405	0.9441282312892834	95.70452419076148	159.5075403179358	39.033883101680104	0.00260225887344534
382	[0, 1, 2]	34.0	0.802000000915882	0.9232972520074818	0.933474729968794	126.92803642279915	211.54672737133194	90.07480169714177	0.0026492588734453463
382	[0, 2]	19.0	0.8031488912472414	0.9473067970972664	0.9262868852873305	87.53531539680861	145.89219232801437	50.12691859546155	0.002638258873445345
382	[0, 3]	32.0	0.8193330201981313	0.9351033006477915	0.9411169626276701	133.57687001870923	222.6281166978487	90.2931819644278	0.002821661936388369
383	[10, 12]	22.0	0.8026183264762633	0.9732852064652352	0.9137026307347685	55.09278877928355	2697.049039847041	70.01856260054517	0.0031826619363884167
383	[10, 11]	45.0	0.8040647908027303	0.9584273982682318	0.9215511987044789	79.7940685626195	132.99011427103252	141.14978713747848	0.0031366619363884106
383	[10, 11, 12]	44.0	0.809248985033087	0.9335016461487294	0.9325343426968297	99.70663716298817	2771.405453819882	138.3651252010901	0.0031446619363884117
384	[0, 1, 2]	36.0	0.9017328716658306	0.9017328716658306	1.0	428.82649811810035	728.2251879929571	96.20131944403256	0.0026722588734453493
385	[0, 1]	29.0	0.8050766734664961	0.9053567676780125	0.9473962410471566	205.63641668614093	1589.428503348233	68.70850732991396	0.002369258873445309
385	[2, 6]	39.0	0.8081018850374542	0.9428144137246709	0.9312724479142641	42.085456850103256	70.14242808350544	105.5830960643688	0.002707258873445354
385	[2, 5, 7]	25.0	0.8060403561103724	0.9411365439951046	0.9267917411672671	121.63547468935187	217.61255960253533	75.6415484097099	0.003025661936388396
385	[2, 7]	38.0	0.8042716618726854	0.9815920378339301	0.9105393708125208	69.54481995414424	130.79480171052262	117.33115358275936	0.003087661936388404
385	[2, 6, 7]	9.0	0.8007024244423108	0.9386278927556124	0.924522960397279	86.7457622109499	159.46303880519872	28.274957427495703	0.0031416619363884113
386	[0, 1]	28.0	0.8760967791117523	0.9014103519015348	0.9873624970407601	188.62301320331116	386.08372123751144	74.09524845646969	0.002646258873445346
386	[1, 2]	45.0	0.8003599071825543	0.9186337947641605	0.9385491160561916	211.36512418209918	365.66073106495304	121.64664930504091	0.0027032588734453534
386	[2, 3]	12.0	0.8829978809033504	0.9048852740661343	0.9891072145821217	144.0262343967989	240.04372399466487	34.84394323666056	0.0029036619363883797
389	[0, 3]	43.0	0.8154013087334364	0.9321080955313755	0.9404815114763411	67.37432993878245	194.95824195705285	109.14513155814926	0.0025382588734453315
389	[3, 4]	24.0	0.8000137701241462	0.9830416865691819	0.907848938390125	71.21044517443913	131.8791726427125	60.94221296268796	0.0025392588734453317
390	[3, 4, 6]	47.0	0.8036659333069525	0.9332276354612538	0.9298636346736455	181.98941733701446	333.548869625232	133.7461110102535	0.002845661936388372
390	[3, 6]	29.0	0.8002515033721814	0.9571924988314939	0.9202577703832774	146.4302125239489	259.4671929313455	83.56819615526292	0.0028816619363883768
390	[2, 4, 6]	48.0	0.815378195689212	0.9257632836518971	0.11893929181115383	87.66616805032157	176.3434541474105	144.22377294664287	0.003004661936388393
390	[4, 6]	38.0	0.8029545084877169	0.9470915161410963	0.18520190023344374	54.05941128278227	120.33219286817834	115.69715358275914	0.0030446619363883984
390	[4, 5]	7.0	0.8054385225017134	0.9481365974026109	0.9271262005597016	62.65647741401798	119.24379769547392	21.94263355471887	0.0031346619363884103
390	[4, 5, 6]	28.0	0.8393208719527535	0.9040771112032401	0.9649741139337877	81.1566838837347	165.49431386976573	91.88653421887604	0.00328166193638843
390	[5, 6]	36.0	0.8314467548764202	0.9071694387761932	0.9613067703805198	45.59747907066917	91.41263717587923	116.23182970998322	0.003228661936388423
391	[2, 3]	25.0	0.8213447413084607	0.912638286387158	0.9530789666895388	344.0255130750225	573.3758551250377	71.41654840970934	0.0028566619363883734
391	[2, 3, 4]	28.0	0.8533233196694527	0.9050527348847128	0.9722362161147589	363.7155019585998	835.9090402394019	80.3505342188745	0.002869661936388375
391	[2, 4]	43.0	0.8627903677787774	0.911502686853751	0.9755747547579978	250.2180655570817	646.7466462368716	123.39546326470014	0.002869661936388375
391	[3, 4]	13.0	0.8026301991053472	0.9689719904884597	0.9156905274969647	133.18742528509543	451.6955791168944	38.267605173049	0.002943661936388385
392	[0, 5]	23.0	0.8387637229468217	0.9007674450450961	0.9682819504245224	158.22187840893244	276.8542008432844	59.391954089242766	0.0025822588734453374
392	[4, 6, 7]	17.0	0.8016549411091575	0.9274073236722657	0.12750515935697937	452.6363891365922	754.3939818943202	48.104252918602285	0.00282966193638837
393	[0, 1]	15.0	0.8399467701870116	0.9047754314346118	0.9669012619931632	140.45100548916068	247.10545727651248	38.283883101680004	0.0025522588734453334
393	[1, 5]	32.0	0.8373857573290022	0.9036221550707026	0.9660781142295762	93.6560108837634	156.09335147293902	91.733181964428	0.0028666619363883748
393	[1, 5, 6]	22.0	0.8301735171163954	0.9024541419522969	0.9606169028859692	262.08225303193495	466.35221858799184	64.2765626005444	0.002921661936388382
393	[5, 6]	17.0	0.8396050655321312	0.9069942849491631	0.9655997502737161	238.81528069397675	427.57393135806154	50.80725291860265	0.002988661936388391
394	[0, 1]	13.0	0.8662744399687182	0.901669571628963	0.9821916482669893	109.45402050446486	208.11416794151594	34.28436535478948	0.0026372588734453447
394	[0, 2]	48.0	0.8071590666710918	0.9161164950003273	0.943577680140022	219.74925843707788	393.06125785441577	136.01577294664176	0.0028336619363883704
394	[4, 5]	12.0	0.8048723301285298	0.9387532828556518	0.9310162211931169	177.46525137765275	1130.8777264521664	36.715943236660806	0.0030596619363884004
395	[0, 1]	23.0	0.8306076084621296	0.9041316472771387	0.9622580495677953	240.15713790242722	400.2618965040454	61.300954089243014	0.0026652588734453484
395	[0, 2, 3]	22.0	0.8597129243479676	0.9178203642289404	0.9692372233416222	389.4391054626124	663.4052683074785	62.076562600544115	0.002821661936388369
395	[2, 3]	24.0	0.8041349204075077	0.9854934122019929	0.9094814283829383	358.4870481814088	611.8185061721393	68.12788647332091	0.002838661936388371
396	[0, 1]	16.0	0.8037416486640981	0.9433723249499449	0.9288694533457972	86.16738477810345	155.98218872871956	41.46014197512542	0.0025912588734453386
396	[0, 2]	14.0	0.8206899185145053	0.9043875935892307	0.15417348447846596	48.21845651962223	92.73397496458416	37.13162422823485	0.0026522588734453467
396	[1, 2]	23.0	0.8036745183921253	0.9067028041879399	0.9449467377541	89.85427054295603	149.75711757159337	61.599954089243056	0.00267825887344535
396	[2, 3]	9.0	0.8010532137280899	0.9299448232609306	0.933119906404596	45.15359239116409	123.25829044092352	26.339957427495445	0.0029266619363883827
396	[0, 3]	25.0	0.8034407803034522	0.9112491500396059	0.9436558643620986	41.466706626311506	129.48336159804967	70.94154840970927	0.002837661936388371
396	[0, 2, 3]	42.0	0.8157259811286182	0.9079431625027983	0.9494933490462825	67.41937776854891	172.73781350177867	119.3498013283116	0.0028416619363883715
397	[0, 1]	16.0	0.8294629604908548	0.900174759438688	0.9635956124249819	286.6451159027702	504.2728970387608	42.46814197512555	0.002654258873445347
398	[0, 1]	45.0	0.8024707664425462	0.9913868321552879	0.9052399189659519	49.26730121680766	994.2964419583922	106.84164930503894	0.0023742588734453098
399	[1, 2]	19.0	0.8071694908616488	0.91806288469694	0.9424954534990727	251.49013302177937	445.38227609949547	48.9869185954614	0.002578258873445337
399	[0, 1, 2]	22.0	0.8029120741966483	0.9506100237299386	0.9201573787913229	279.0080149801808	582.9716858915028	56.85369521579743	0.0025842588734453376
399	[0, 1, 2, 3]	48.0	0.8968843679458208	0.9005458865313727	0.9980246364318676	335.31033600584874	676.8088876009494	124.18842592537622	0.002587258873445338
399	[1, 2, 3]	50.0	0.8035172987521403	0.9553843791489249	0.9180300782775481	307.79245404744734	539.2194778089421	129.5129436722669	0.0025902588734453384
399	[1, 4]	23.0	0.8262208139798795	0.913860929954253	0.1558017964997275	293.71362120698365	502.5683981297152	60.70295408924294	0.002639258873445345
399	[0, 1, 4]	25.0	0.8702250645919694	0.9119115094496482	0.08083256698138337	321.2315031653851	640.1578079217226	66.13147183613364	0.0026452588734453457
399	[0, 4]	40.0	0.8121704427757594	0.9059525918575929	0.15978344274754178	164.68314974847576	366.19818944213125	106.69035493781395	0.0026672588734453486
399	[0, 3]	34.0	0.8160769791024102	0.9116368411602003	0.16041403031642965	83.82020298406945	231.42661150145403	91.26480169714193	0.002684258873445351
399	[2, 3, 4]	45.0	0.8098937110096528	0.9252100635251103	0.9371074191361836	288.4093684206122	493.86863897947455	121.69164930504091	0.0027042588734453536
401	[0, 1]	13.0	0.8829467839698916	0.9009106681377653	0.9910477526491309	232.54668564832264	387.5778094138711	34.54436535478952	0.0026572588734453473
402	[0, 2]	13.0	0.8191461643604393	0.9010969398517029	0.9577878913834045	125.45338060605776	234.84986673437106	33.01036535478931	0.0025392588734453317
402	[1, 2, 4]	38.0	0.8944137174875713	0.9130321009984703	0.9902531642528629	293.2026693062613	502.09598515550067	102.72383719092343	0.0027032588734453534
402	[2, 3]	32.0	0.841699580026708	0.9034152470909715	0.9685773336178923	103.95922479463576	173.26537465772626	90.51718196442783	0.0028286619363883697
402	[2, 4]	18.0	0.8051927256700231	0.9534735403265354	0.9242268368678098	51.55501569508661	85.92502615847769	55.37991485499125	0.0030766619363884026
402	[3, 4]	40.0	0.8022707262830101	0.9673307437621973	0.1944665148822963	105.54249192694998	175.9041532115833	113.86647745553488	0.002846661936388372
402	[2, 3, 4, 5]	14.0	0.8653355449156307	0.9060437208889396	0.9777051040102663	159.07284955731004	296.83750853882106	42.16326710943752	0.003011661936388394
402	[2, 3, 4]	48.0	0.80062884490684	0.9259313872619187	0.9312457277297419	130.5283662083362	217.54727701389362	137.551772946642	0.0028656619363883746
402	[4, 5]	11.0	0.8065212842989236	0.9255067272643812	0.9386702799282146	55.113624762674284	123.57213388109479	35.086281300272596	0.0031896619363884176
402	[2, 3, 5]	11.0	0.8352338976980027	0.9052092049819161	0.9620321491825533	132.50370814360963	252.55560618265372	33.029281300272324	0.003002661936388393
402	[2, 4, 5]	3.0	0.8001228440059098	0.9851382874293256	0.9012053645351088	80.09949904406048	165.21525768340513	8.740985809165142	0.002913661936388381
402	[3, 5]	18.0	0.8776232877755236	0.9001541405437649	0.12244097593645833	107.51783386222344	210.91248238034336	53.75991485499104	0.0029866619363883907
402	[2, 5]	22.0	0.8012837560254836	0.9937815365144875	0.9028941737348306	53.53035763036007	120.93335532723776	66.32256260054467	0.0030146619363883944
402	[3, 4, 5]	31.0	0.8047855950614885	0.9661436431500324	0.9133820492488963	134.08697527592383	255.19438473651067	94.16752002804033	0.0030376619363883975
403	[0, 3]	27.0	0.802189448215962	0.9812200744839084	0.9096959580495164	63.65353723724836	106.08922872874726	69.23498958302405	0.002564258873445335
403	[1, 3]	42.0	0.8021676079381994	0.928418803792087	0.9349114126908356	95.60972029383456	172.56387310039366	107.90887268470411	0.0025692588734453356
403	[0, 1, 3]	26.0	0.8041614245509128	0.9113708351806689	0.1178858781524913	142.93957290126494	251.44696077944434	69.55673070957909	0.0026752588734453497
403	[0, 2, 3]	38.0	0.8116397572220247	0.9082398154727385	0.9469505356982048	168.15850077616284	280.26416796027144	101.27983719092323	0.0026652588734453484
403	[0, 1, 2, 3]	14.0	0.8481402839296529	0.9005516102340897	0.9709098971621948	247.4445364401794	425.6219000109685	37.719624228234935	0.0026942588734453522
404	[0, 2]	10.0	0.8388089221162791	0.901104895052561	0.9681303543533403	131.39455634540303	686.9749004988842	22.772588734452967	0.002277258873445297
404	[1, 2]	23.0	0.8029872590537623	0.9619350707813971	0.9192471947502147	171.94656431577712	299.6590479531288	59.32295408924275	0.002579258873445337
404	[1, 2, 3, 4]	25.0	0.808140190006542	0.945679688775964	0.923478571919982	349.16145918747026	595.0172060726173	66.20647183613364	0.002648258873445346
404	[2, 3]	44.0	0.8058825284499767	0.9571987528436183	0.9231638041760336	87.05350238018414	145.08917063364024	117.00739043159528	0.0026592588734453476
404	[5, 6]	16.0	0.8035465769978862	0.9411462860185082	0.9296012663194426	171.91920186858076	286.5320031143013	45.1465909822139	0.002821661936388369
404	[2, 5]	12.0	0.8036535929434223	0.9000936189445718	0.16151380821726538	126.24835862976599	210.41393104960997	34.77194323666055	0.002897661936388379
404	[2, 6]	47.0	0.8078586636880125	0.9727539065439053	0.9169500986694122	75.60939362636397	126.01565604393997	135.20311101025368	0.002876661936388376
404	[2, 5, 6]	20.0	0.8100970912858417	0.9638300267358394	0.9177410087665455	186.88847706235538	311.48079510392563	58.21323872776761	0.0029106619363883806
405	[0, 1]	6.0	0.851760517093786	0.9040366946830801	0.9734908809335714	112.00214680901402	4160.547729148092	13.789553240671799	0.0022982588734452997
405	[4, 6]	36.0	0.805328876379471	0.9470405930465132	0.9267265262640632	98.04659137467398	163.4109856244566	94.36531944403232	0.0026212588734453425
405	[2, 3, 6]	26.0	0.8146058497713128	0.9110173841396101	0.9472249006115483	322.6639145101609	537.7731908502682	68.64673070957897	0.002640258873445345
405	[2, 3, 4]	43.0	0.8128918198312146	0.9556166676891008	0.9240041044237007	370.42132309862325	617.3688718310389	114.34813155814994	0.0026592588734453476
405	[2, 3]	35.0	0.8312525554681135	0.9321548736914379	0.9491061355663619	297.5193231170551	495.8655385284252	94.75406057058738	0.002707258873445354
405	[5, 6]	15.0	0.8055425811607336	0.9163521659849406	0.9427938903282995	75.83850376535446	126.39750627559077	42.78992904582559	0.002852661936388373
406	[0, 1]	27.0	0.8017177788959061	0.9068440009866959	0.9450807743853549	180.80191163909802	327.2370880058835	69.88298958302414	0.002588258873445338
406	[0, 1, 2]	20.0	0.8113943312565626	0.9272307991148403	0.9370115824905146	268.74472218174844	473.8084389103008	52.145177468906816	0.0026072588734453407
406	[1, 2]	23.0	0.8374824366980943	0.9100647469733808	0.9629521739550588	245.80267894947607	422.8261206163623	60.10495408924285	0.0026132588734453415
406	[3, 4]	12.0	0.8018861693885209	0.9706404796978053	0.914627458470707	190.57859721567317	332.30608022181383	34.56794323666052	0.0028806619363883766
406	[0, 3, 4]	22.0	0.874833743578247	0.9140434641571948	0.9793701742140746	213.52064044794554	383.2883985157524	63.37456260054429	0.0028806619363883766
406	[0, 3]	40.0	0.8048235689766327	0.9208546181565406	0.939956580626619	107.86002943896403	192.51229530509136	116.02647745553517	0.0029006619363883793
406	[0, 4]	28.0	0.8048035593404806	0.9498220692344773	0.9259633307857709	128.60265424125387	241.75842150459965	81.21853421887462	0.0029006619363883793
407	[0, 1]	8.0	0.8004009625596806	0.943511081138003	0.9264540572094017	104.20857734962912	223.08020246168184	19.33007098756252	0.0024162588734453153
407	[1, 2, 3, 4]	12.0	0.8008153410396509	0.9658938333014049	0.9085108615703137	315.8852393945073	565.7382951733803	31.51510648134412	0.002626258873445343
407	[3, 4, 5]	29.0	0.822316822939133	0.9635340049797695	0.9249677085853348	370.26901393062997	630.5713054318409	77.46650732991513	0.002671258873445349
407	[2, 5]	41.0	0.8073339012210892	0.9246588469188924	0.9397590837676605	280.7445384900858	480.9725573123124	109.84961381125936	0.0026792588734453502
408	[0, 1]	16.0	0.8366452305482163	0.9094386648549099	0.9628555620831483	92.72956985598019	167.57685538065576	40.564141975125295	0.002535258873445331
408	[0, 2]	31.0	0.8041339343016033	0.9974463489045174	0.9032046831187001	134.31543871285015	223.85906452141688	81.63102507680567	0.002633258873445344
408	[0, 3]	26.0	0.8024064747553206	0.9706299018228626	0.19629064852863765	184.5643765130122	307.60729418835365	69.29673070957907	0.0026652588734453484
408	[1, 2, 3]	38.0	0.8007044209723586	0.9572776327782998	0.9150522822362303	344.46734656905977	587.1398165691216	101.62183719092329	0.0026742588734453496
408	[0, 1, 2, 3]	41.0	0.8124589733076545	0.9056219205961094	0.9472033636935393	366.8480260733207	624.4409490762232	109.60361381125932	0.0026732588734453494
408	[5, 6]	19.0	0.8101145645780564	0.985720138692519	0.9120947358753518	207.59334462358922	360.40749131572716	55.89157679137931	0.0029416619363883847
408	[0, 5, 6]	21.0	0.8004881322733034	0.9035620853909545	0.9428522732335322	229.97402412785016	397.70862382282866	61.66990066415606	0.002936661936388384
409	[0, 2]	4.0	0.8654934301015057	0.9029581764436326	0.9811637544343599	57.47529457942127	177.2853520177302	9.35303549378122	0.002338258873445305
409	[1, 2]	23.0	0.8077056655825838	0.9728808200172696	0.9166404763159188	178.63627507147794	323.61153244864687	59.391954089242766	0.0025822588734453374
409	[2, 4]	4.0	0.8249253507667128	0.9017617569704488	0.9603993449462199	50.59817054229782	98.92764325665334	11.462647745553499	0.0028656619363883746
409	[2, 3]	16.0	0.8247365965547935	0.900033301021195	0.9610927873168565	187.61975253717793	312.6995875619632	46.34659098221406	0.0028966619363883788
409	[2, 3, 4]	21.0	0.8445725999514061	0.9008377301597555	0.9696630056881662	222.65341418395465	385.6863826594147	59.82190066415582	0.0028486619363883724
409	[3, 4]	26.0	0.8059644689962926	0.9990511284548222	0.9021158178786355	207.08890528843352	359.7455345002128	73.67521034609763	0.0028336619363883704
410	[0, 1]	6.0	0.8008675866559173	0.9205760391409868	0.9378833592949323	53.66068252508725	101.75107818369709	14.665553240671914	0.002444258873445319
410	[0, 1, 2]	23.0	0.901254293540907	0.9090655469878647	0.9959449950283339	196.55192475374184	353.1338191415153	59.92095408924283	0.0026052588734453404
410	[1, 2]	19.0	0.8111406838973075	0.9083928110970474	0.16154856535216758	181.77199598347983	316.1839972158603	51.152918595461685	0.002692258873445352
410	[0, 6]	5.0	0.8000101903056875	0.936830907639872	0.9295272035286137	59.32252706710108	126.03501851933316	15.583309681942039	0.003116661936388408
411	[0, 2]	35.0	0.8037194012487973	0.9763281963257763	0.912866607233322	78.80302825701722	144.12167750928214	89.64406057058672	0.0025612588734453346
411	[0, 1, 2]	16.0	0.8023415000216405	0.9034884396667332	0.9439828750865414	181.58940846726824	328.61005224563013	41.20414197512538	0.0025752588734453364
411	[1, 2]	16.0	0.8405667793244135	0.9010187520092329	0.1419163369099226	166.2494519701641	290.26016100286984	43.26814197512566	0.0027042588734453536
411	[0, 1, 3]	30.0	0.8469437746673432	0.9017781436937491	0.9704576737943535	182.71436603738002	330.48498152914976	78.03776620336019	0.00260125887344534
411	[1, 3]	32.0	0.8066793575342686	0.9675046438297191	0.19231392112467996	167.37440954027588	292.1350902863894	83.4002839502509	0.0026062588734453405
411	[1, 2, 3]	37.0	0.8268192463216227	0.9002659098859959	0.959899287620681	230.83748130018893	397.9068765529112	96.80157831747765	0.002616258873445342
411	[0, 3]	47.0	0.8060661627010905	0.9441753201241686	0.18177017732484907	79.92798582712896	145.9966067928017	124.13916705193122	0.002641258873445345
411	[0, 1]	32.0	0.8363878034591975	0.9094573643814006	0.9626297581740415	118.12633670735515	222.83826597910831	85.28828395025114	0.0026652588734453484
412	[0, 1]	7.0	0.8523465901159736	0.9009846929160497	0.9753198029170733	82.79666955076996	175.6732728485046	16.93481211411721	0.0024192588734453157
412	[3, 4]	8.0	0.8004999978912039	0.9794623159143074	0.9097243080386024	145.67356224848498	303.4865880176771	24.89329549110726	0.0031116619363884073
412	[2, 3, 4]	20.0	0.8654353204715503	0.9020034293650426	0.9806278483577688	354.8055946833484	727.812450928994	59.93323872776784	0.002996661936388392
413	[0, 1]	8.0	0.8383587482916118	0.9020351160021489	0.9674377254183686	100.49243915080521	203.89825843780167	20.51407098756268	0.002564258873445335
413	[3, 4]	15.0	0.8052139739607035	0.9003745370464341	0.9501434914262096	169.91859881520625	342.7140119597383	46.08992904582603	0.003072661936388402
414	[3, 4]	39.0	0.8136056939616405	0.9120359519830775	0.9489536445275403	178.30191035951793	6154.4989580504125	121.04281551914785	0.0031036619363884062
415	[0, 1]	10.0	0.9006425739979925	0.9031337224090314	0.998771520660365	141.49643013587593	309.81396028434	24.472588734453197	0.0024472588734453194
415	[1, 3]	43.0	0.8113859540570383	0.9735109245285036	0.9185109681534934	126.93743885344263	237.83184778926892	113.44513155814982	0.002638258873445345
415	[1, 2, 3]	23.0	0.902411801926545	0.9039882242736255	0.99917864662854	304.8578290232471	534.3658314056097	61.13995408924299	0.0026582588734453474
415	[1, 2]	20.0	0.8435583528737846	0.9005756426061857	0.14020111560322776	223.93927919142132	386.0151567139291	53.76517746890703	0.0026882588734453514
415	[2, 3]	48.0	0.8009800449140736	0.9220383440918669	0.9372091759041407	258.8389400016302	444.88465830802136	128.26842592537676	0.0026722588734453493
416	[0, 4]	16.0	0.8992327589560494	0.9113325199836497	0.9940534621269863	98.61482921085494	189.34548196259937	40.77214197512532	0.002548258873445333
416	[2, 4]	3.0	0.8000436398876499	0.9129532605058086	0.9410992249865985	33.89673925261637	56.494565421027275	7.890776620336031	0.0026302588734453437
416	[0, 2, 4]	39.0	0.8799596036633207	0.9032825171745442	0.9876872006499878	123.85149905284446	231.40659836591524	100.35709606436812	0.002573258873445336
416	[1, 2, 4]	26.0	0.804553953957175	0.903314185788546	0.9453812582710948	219.92254747570894	380.01771015684045	69.19273070957904	0.002661258873445348
416	[1, 4]	22.0	0.8068343946255815	0.9070598486607251	0.947979371737083	194.68587763371943	337.95659375352454	59.185695215797736	0.0026902588734453517
416	[1, 2]	25.0	0.8025839630374992	0.9918186951756743	0.9056692184272364	211.26247806508212	365.58426113912907	66.93147183613375	0.00267725887344535
416	[2, 3, 4]	22.0	0.8708260565890003	0.9004834761106868	0.9842301586380579	245.63325614738739	438.7966098143639	65.37656260054456	0.0029716619363883887
416	[2, 3]	23.0	0.8024492162135243	0.9440347445666537	0.18334519780626393	236.97318673676054	424.3631607966525	67.75022453693286	0.0029456619363883853
416	[3, 4]	22.0	0.8437600578994058	0.9044030019204092	0.9691614923077705	220.39658630539785	396.73549341104797	64.05656260054438	0.0029116619363883807
417	[0, 1]	26.0	0.8840906471744817	0.9167298861890912	0.9838843117808714	188.37768967582795	339.60455012556554	67.50273070957883	0.0025962588734453392
417	[0, 1, 2, 3]	23.0	0.8824221110305082	0.9169811337092055	0.9813691608130785	518.7784325945432	903.6941452344242	61.11695408924299	0.0026572588734453473
417	[1, 2, 3]	25.0	0.8073782141657171	0.9805162615329909	0.9078005106352404	496.3270728088912	853.8022345996421	66.45647183613367	0.0026582588734453474
417	[0, 4]	20.0	0.8051414146971358	0.9020555535490565	0.949366778111142	227.36418619688854	405.64334537651234	56.873238727767436	0.0028436619363883717
418	[1, 2]	35.0	0.8088043915998279	0.9620034446048235	0.9227154546333405	225.1856855601563	388.8353705053201	93.66906057058725	0.00267625887344535
418	[1, 2, 5]	15.0	0.8004498936108122	0.9387099857998524	0.9247086019521789	260.17688857839624	447.15404220238673	40.5488831016803	0.0027032588734453534
418	[3, 5]	30.0	0.8074635349334667	0.9504329767163339	0.9271835398714108	179.43419544423577	313.2180700958828	86.02985809165125	0.002867661936388375
418	[3, 4, 5]	17.0	0.8177711365570356	0.902664550650956	0.9534583258300064	258.21560692033967	459.1095728294086	48.257252918602305	0.002838661936388371
418	[4, 5]	9.0	0.8011723172497237	0.9460932796786109	0.9257081808308616	113.77261449434391	204.21017443059242	26.97895742749553	0.002997661936388392
419	[5, 7]	39.0	0.8083289377596105	0.9535705700154437	0.9260708707673961	77.90712637148648	144.7662245345005	112.26781551914668	0.0028786619363883764
419	[5, 6, 7]	34.0	0.8292800624980495	0.9287872465126287	0.9465345631639333	103.52056306770402	187.45528569486305	99.06450583720496	0.002913661936388381
419	[4, 5]	12.0	0.8274330571396773	0.9002316116698568	0.9625220870087468	101.66428211061148	169.44047018435248	35.05994323666058	0.002921661936388382
419	[4, 5, 6, 7]	9.0	0.8325592764612582	0.9022753623911696	0.960882151068736	154.13554385447046	271.81358700614044	26.420957427495456	0.002935661936388384
419	[6, 7]	20.0	0.8022264822591594	0.9324873435014781	0.9327336595786612	52.47126174385897	102.37311682178796	61.8932387277681	0.003094661936388405
421	[0, 1]	16.0	0.8053651034884325	0.9145505121863393	0.9433084672944301	134.1219567253676	297.8807011271878	38.452141975125016	0.0024032588734453136
421	[1, 2]	34.0	0.8001780330007506	0.9594395513917492	0.9188870003578267	273.6089070214288	494.940028866092	87.96680169714149	0.002587258873445338
421	[4, 6, 7]	26.0	0.822836513711903	0.9047807303691747	0.9550961698424859	305.22917840894246	538.1994471996261	76.14521034609795	0.002928661936388383
422	[0, 3, 4]	24.0	0.8399644842503717	0.9060014731236602	0.9643201953572039	467.4428907908618	779.0714846514363	64.08621296268838	0.002670258873445349
422	[1, 2, 3, 4]	25.0	0.8549863208943705	0.9125575735436805	0.96838096842811	604.0177213304183	1020.0224168850596	67.68147183613385	0.002707258873445354
423	[0, 1]	8.0	0.8510006701703612	0.901221631605778	0.9745017098147747	94.50308569721604	170.7135215196471	20.706070987562704	0.002588258873445338
423	[0, 2]	9.0	0.8111072023775888	0.9005865901240846	0.9533982395280916	116.83347035992436	194.72245059987395	25.727957427495365	0.0028586619363883737
424	[0, 1]	8.0	0.832522251356472	0.9008262882010784	0.9649863048237218	130.71355934440237	256.1217393126631	20.186070987562637	0.0025232588734453295
424	[3, 4]	23.0	0.8028236622666812	0.9306419683839848	0.17695968680079607	121.98989303765869	218.22627901095328	65.15122453693252	0.0028326619363883703
424	[4, 5]	9.0	0.8089954679643713	0.9171182929008463	0.9440243493042147	112.0239615263777	412.32008734428325	27.90595742749565	0.003100661936388406
425	[0, 1]	49.0	0.8333709381925545	0.9148758556067519	0.9583849123744796	133.47081398414602	248.61513741538676	125.10968479882135	0.0025532588734453335
425	[1, 2]	25.0	0.8006309032898573	0.9890706431158048	0.2058807705498564	150.4056408131012	276.9858495535308	65.20647183613353	0.002608258873445341
425	[0, 1, 2]	35.0	0.8001076589916459	0.9377992834944374	0.9249325363423259	244.65616365661376	447.16040468765055	91.67406057058699	0.0026192588734453423
425	[2, 3]	36.0	0.8006565807915635	0.9996259511626945	0.9005473557517525	273.1441627380635	468.4766223815901	96.12931944403256	0.002670258873445349
426	[0, 1]	20.0	0.9003805509231667	0.9003805509231667	1.0	358.41728002068663	611.6188752494094	57.07323872776746	0.002853661936388373
427	[0, 1]	9.0	0.8006814060955456	0.9038913818129781	0.9458199798719098	117.43748775378441	314.35660567830223	22.016329861007875	0.0024462588734453193
428	[0, 1]	6.0	0.8689362581470641	0.9028544249861088	0.9830156510668827	57.03968038818249	166.38033577132038	13.477553240671757	0.0022462588734452928
428	[0, 2, 3]	4.0	0.8092143105842758	0.90155343113556	0.11001705116349587	82.92756056265183	185.83327576263386	9.73703549378127	0.0024342588734453177
428	[0, 2]	44.0	0.8434525622584779	0.915500794791408	0.9635602959112852	59.08703270888358	146.0990626730201	107.15139043159398	0.002435258873445318
428	[1, 2, 3]	14.0	0.8219398118423059	0.9034507066472303	0.9554565838624562	68.53622871351314	137.9205748219907	34.86362422823455	0.002490258873445325
428	[0, 1, 2]	42.0	0.8253734029680483	0.9308041370318219	0.9433761327107258	80.41120697840546	205.33288008835868	105.43087268470377	0.002510258873445328
428	[0, 1, 3]	46.0	0.8034456152610531	0.9633891197407478	0.9136150479113738	80.88020824195074	206.11454886093418	115.42590817848507	0.0025092588734453277
428	[2, 3]	21.0	0.8042087432016529	0.9683139019472877	0.9181942530043798	47.21205444399124	78.68675740665206	54.101436342352066	0.0025762588734453366
428	[1, 2]	38.0	0.826136955619183	0.9186331890649324	0.9524581279350863	44.695700859744875	98.18636173237691	101.20383719092322	0.002663258873445348
428	[2, 3, 5]	43.0	0.8023163171138341	0.9229668848076881	0.9337913833113937	92.59257901588133	184.5746480743956	125.50246326470041	0.0029186619363883817
429	[2, 6, 7]	25.0	0.8016412068853125	0.9962506314371553	0.8967503874604958	244.7398506256973	586.6924705833003	73.64154840970963	0.0029456619363883853
429	[2, 6]	23.0	0.8072773954929306	0.9929536482188317	0.9072924866786936	225.02886070313684	389.5825713576957	67.81922453693286	0.0029486619363883857
430	[0, 2, 3]	34.0	0.8994304627620489	0.9029543323809426	0.9981598846804749	417.4599417750483	724.4234794545421	96.3445058372046	0.0028336619363883704
430	[2, 3]	24.0	0.8036685692420823	0.9905722213001081	0.9059866247689009	378.2712097488927	659.1089260776162	69.5198864733211	0.0028966619363883788
430	[1, 2, 3]	49.0	0.8055942897459024	0.9444481671196249	0.9248060528506038	454.7634411017791	786.5959783324267	141.5444348830305	0.0028886619363883777
431	[0, 3]	24.0	0.8776134316666697	0.9008389687127075	0.9883811254921149	61.49741693138387	114.86343012646785	62.76621296268819	0.0026152588734453417
431	[0, 1]	10.0	0.8013254055124119	0.915332177726122	0.9406836373888079	84.14593234379835	152.61095581382534	24.79258873445324	0.0024792588734453237
431	[1, 3]	26.0	0.8047096538599414	0.9505413068550348	0.9261109627876654	86.2782201192074	143.79703353201236	64.53873070957843	0.002482258873445324
431	[0, 1, 3]	16.0	0.8457750264827418	0.9040570593071461	0.9686423994403901	115.96078469719481	205.6357097361528	40.50014197512529	0.0025312588734453306
431	[0, 1, 2, 3]	17.0	0.8019060114792105	0.9356750785134561	0.9248386746557411	172.17777386245376	299.3306916782511	44.73140084857084	0.002631258873445344
431	[0, 2]	14.0	0.8027454900603705	0.9430906501682924	0.1837214571210609	85.89955374324636	155.5336581462387	36.375624228234756	0.0025982588734453395
431	[0, 2, 3]	37.0	0.8600191066847054	0.9121402668859842	0.08647979904779397	117.71440609664283	208.55841206856616	96.20957831747758	0.0026002588734453397
431	[1, 2]	41.0	0.8064456854838029	0.9420581524751158	0.9306153726301727	110.68035693106991	184.46726155178322	107.59461381125907	0.002624258873445343
432	[1, 3]	33.0	0.8404895056407592	0.9069670004624018	0.9661433304590965	125.84396901964112	209.73994836606857	83.96054282369597	0.0025442588734453323
432	[5, 6]	9.0	0.807240365524701	0.9023732887169971	0.9503703708662152	123.17286529758003	250.37670553044478	26.44795742749546	0.0029386619363883843
433	[0, 1, 2]	29.0	0.8437557202879952	0.9201362424999155	0.9591647243618068	366.7825052917742	625.7798732767636	81.8281961552627	0.002821661936388369
433	[0, 2]	29.0	0.8053836091331213	0.9070404933414938	0.16410311617719733	246.9566121747289	426.0700514150215	82.46619615526278	0.0028436619363883717
433	[0, 1]	39.0	0.8025545048598056	0.9515115068772024	0.9241418019971132	340.72624926892206	567.8770821148701	111.56581551914658	0.002860661936388374
433	[1, 2]	50.0	0.8011187327766188	0.9620655450145695	0.918105335709433	145.88214913989736	257.6126130236356	145.93309681941906	0.0029186619363883817
433	[2, 3]	5.0	0.8076614221303522	0.9021431841299733	0.9507212665140865	104.72414176696093	779.025077149558	15.648309681942047	0.0031296619363884097
435	[0, 1]	6.0	0.8257734095747536	0.9015968191368879	0.9608171268768135	101.17920094535441	194.60111141006513	15.349553240672005	0.002558258873445334
435	[0, 1, 4]	18.0	0.8479623202129182	0.9020653138143223	0.9708758159072578	127.23617843057963	238.02940721877385	46.93065972201613	0.0026072588734453407
435	[0, 4]	11.0	0.8264457298785789	0.9052260854183191	0.15169006968042822	79.88981627395022	145.96703635866103	29.075847607898798	0.0026432588734453455
435	[1, 4]	14.0	0.8029755579374226	0.9422130814330711	0.9285095604208133	73.40333964185467	135.49066666882155	37.78962422823494	0.002699258873445353
435	[2, 4]	43.0	0.8714998773160213	0.9081434746483821	0.981683094417339	187.60605926500492	312.6767654416749	122.70746326470004	0.002853661936388373
435	[3, 4]	33.0	0.8083438931005635	0.998291918132679	0.9052123211828267	138.6886426136158	245.587694757102	96.24984390081659	0.0029166619363883814
436	[0, 1]	30.0	0.9058651173215863	0.9063067399781821	0.9997833795430302	146.44483492300324	244.07472487167212	80.94776620336059	0.0026982588734453528
436	[1, 2]	3.0	0.8638823602701293	0.9123299854839534	0.9757362659108965	45.51572578054341	123.41209934991146	8.464985809165105	0.002821661936388369
437	[0, 1]	8.0	0.8354610558969938	0.9016051082754872	0.9661016885065936	129.03809740231415	215.06349567052354	20.922070987562734	0.0026152588734453417
438	[0, 1]	11.0	0.8043481184022369	0.92579418591059	0.9372799810500518	109.16107480752055	194.97725181483642	27.887847607898642	0.002535258873445331
438	[6, 7]	11.0	0.8002717284648078	0.9691936170674884	0.914262027293761	125.97120162148056	271.27069334024674	33.17228130027234	0.0030156619363883946
439	[1, 2]	20.0	0.8094777192521155	0.9440996227884043	0.9313576043883164	288.28823424356034	507.1653326554648	53.72517746890702	0.002686258873445351
439	[3, 4]	14.0	0.8009987016755947	0.9500353399000425	0.9236949611901311	103.8401280192663	203.66162720084688	40.497267109437296	0.0028926619363883782
440	[0, 1]	22.0	0.8023865894651694	0.9102807205906589	0.9437337268796335	317.7118154709599	542.6751595981295	57.68969521579754	0.0026222588734453427
440	[2, 3]	28.0	0.8368226807108669	0.9081127744831237	0.9638864849088453	408.3170535929769	694.71960024523	79.84653421887444	0.002851661936388373
440	[2, 3, 5]	30.0	0.8286390107585224	0.9103833640435304	0.9556292346172226	427.2011166837827	741.9297579722446	85.69985809165121	0.0028566619363883734
440	[4, 5]	4.0	0.8936657290610028	0.9023215257715869	0.9957169264439589	77.64249974429389	487.8984326281751	13.590647745553781	0.0033976619363884453
441	[0, 1, 2]	11.0	0.9006597669433292	0.9006597669433292	1.0	282.33705273407793	483.98539811932966	29.29584760789883	0.002663258873445348
441	[0, 1]	29.0	0.8057699636241052	0.92423956537196	0.9388199634880424	201.43260219720904	349.1446472245482	76.79950732991504	0.002648258873445346
442	[0, 1, 2]	26.0	0.8410493739224647	0.9065438761417873	0.964675552997186	449.05552189625143	774.9874518986646	69.03673070957902	0.002655258873445347
442	[1, 2]	39.0	0.8075510724614039	0.9050018770367293	0.94915816349011	339.0825670148846	578.6071753247952	103.78909606436856	0.002661258873445348
442	[1, 2, 4]	23.0	0.8031859560778809	0.9025416536724581	0.9450021622135092	381.5080739264361	663.4581891478983	62.15195408924312	0.0027022588734453533
442	[3, 4]	16.0	0.8032087112015629	0.9453145217483421	0.9272512658629581	203.30789619741984	352.98832929955023	45.1465909822139	0.002821661936388369
443	[0, 1, 2]	19.0	0.807848692944052	0.9072220929568179	0.9453682419728611	283.3233599501857	472.2055999169761	50.468918595461595	0.002656258873445347
443	[1, 2]	31.0	0.8102333347496397	0.9554435783990308	0.9263074531228636	251.37616930572327	418.9602821762054	82.65402507680581	0.0026662588734453485
443	[0, 3]	15.0	0.8024765340383454	0.933266440947442	0.9325378297491618	93.33073792784052	155.55122987973422	42.594929045825566	0.002839661936388371
443	[0, 3, 4]	43.0	0.808253159677117	0.9024873242955419	0.9479661439266169	156.1226905130111	275.1549490895829	123.52446326470015	0.0028726619363883756
443	[0, 4]	13.0	0.8102453874951266	0.9549410144590776	0.18451992534598327	94.73914322963297	172.84903695061936	37.66960517304892	0.002897661936388379
443	[3, 4]	6.0	0.8021502914243979	0.9671108302014604	0.9161496968535314	124.17549986854867	221.90963134881218	18.009971618330354	0.0030016619363883927
444	[0, 1]	20.0	0.8085248416552229	0.9028512234774007	0.9508620125939604	43.500242498547	118.78578806787752	45.94517746890599	0.0022972588734452995
444	[0, 1, 2]	33.0	0.8094246764375723	0.9096360843461112	0.9449532881778654	75.01236134054479	171.30598613787382	83.13554282369586	0.002519258873445329
444	[1, 2]	28.0	0.8017680067518688	0.9679709536095068	0.9166213841717751	54.18393858391016	90.30656430651696	70.3992484564692	0.0025142588734453283
444	[0, 2]	31.0	0.81028992810505	0.9709011942936449	0.919380022090417	52.3405415986324	133.51961990135317	77.50802507680513	0.0025002588734453265
444	[3, 4]	27.0	0.8083821275952574	0.947122601690383	0.926490402736593	282.88264443134466	471.471074052241	71.66498958302437	0.002654258873445347
444	[0, 1, 3, 4]	29.0	0.8044565066646631	0.9456421244624621	0.9205437074864933	326.38288692989164	590.2568621201185	77.11850732991509	0.0026592588734453476
444	[5, 6]	20.0	0.8050925660659344	0.9713142750566874	0.919163644251408	103.2480540020184	172.080090003364	56.433238727767375	0.002821661936388369
444	[1, 2, 5]	36.0	0.8378601682424046	0.9015877567457671	0.9656110805096553	113.58346453134416	189.30577421890692	104.56782970998167	0.00290466193638838
444	[1, 6]	45.0	0.8798178181385856	0.9050502147588818	0.9875494943199451	66.5203477964968	110.86724632749467	134.5797871374776	0.0029906619363883912
445	[1, 2]	20.0	0.8173337124530157	0.9009442106876709	0.9569029235523909	279.44623633448504	478.91611393445754	53.645177468907015	0.0026822588734453506
445	[3, 4]	31.0	0.8387885218130091	0.9077713575819396	0.9648716202974881	243.9907202946017	486.9290844662956	89.64152002803972	0.002891661936388378
446	[0, 1]	19.0	0.8141673964011298	0.9070730440084763	0.9518606023258451	119.76758484520462	236.92380853294046	48.62591859546135	0.0025592588734453343
446	[3, 4]	15.0	0.8019051291415547	0.993126046955242	0.20877944587284958	209.8716356954287	376.6926794533336	39.93388310168022	0.002662258873445348
446	[1, 3, 4, 5]	39.0	0.8099571784714501	0.9253199316387741	0.09471548756514539	282.5999585328617	510.1665351059281	105.03709606436873	0.002693258873445352
446	[7, 8]	33.0	0.8022092526423619	0.9826267183105971	0.9093036896969432	100.50881822272073	228.21622316934244	103.9058439008176	0.003148661936388412
447	[1, 6]	20.0	0.8256755855130931	0.901803760278684	0.9609459951703457	120.25054455975491	213.57014662251876	51.58517746890674	0.002579258873445337
447	[5, 6]	46.0	0.8007656075488782	0.9205529880250857	0.9375053143073272	128.01027234301077	213.35045390501796	133.9364490738655	0.0029116619363883807
448	[1, 2]	24.0	0.8027258824354278	0.9679023549191937	0.1948371501731573	287.6422462528908	492.6992246052893	62.95821296268822	0.002623258873445343
448	[0, 1, 2]	16.0	0.8843430055398738	0.9008372823101737	0.991303196002526	405.87955463372197	702.898883948989	42.30814197512553	0.0026442588734453456
449	[6, 7]	4.0	0.8032630919518222	0.9138890358978864	0.9421367109754684	42.049139753330564	84.23588399961744	12.442647745553629	0.003110661936388407
450	[0, 4, 9]	43.0	0.8116508143099347	0.9874439477334156	0.15171822431275064	160.3041374390662	279.40780985926125	115.89613155815015	0.0026952588734453524
450	[7, 8]	8.0	0.8000055839388798	0.9685608571597398	0.9139076903487309	123.75020350108808	221.0368981712621	24.38929549110719	0.003048661936388399
451	[1, 6]	19.0	0.808454919521922	0.9261527519105451	0.9395133481604859	94.63782315243914	185.55963339401757	48.37891859546132	0.0025462588734453326
452	[0, 4]	36.0	0.8600478271729765	0.9096040425440535	0.9751212513287218	80.23071330187315	146.86056185300833	91.737319444032	0.002548258873445333
452	[4, 5]	5.0	0.8023829743915458	0.9414067468481624	0.92860265667343	42.18866864389661	70.31444773982768	15.148309681941983	0.0030296619363883964
452	[0, 5]	35.0	0.8036156080943767	0.9653179018316093	0.9179320151454643	72.35668868106964	133.73718748500252	91.28906057058693	0.002608258873445341
452	[1, 2]	27.0	0.801582405221595	0.9109416232326049	0.9426504881976525	241.3978873860889	429.1550304621277	71.28698958302432	0.002640258873445345
452	[0, 1, 2, 4]	21.0	0.8022681608874516	0.9313712500511333	0.9273134271227134	321.62860068796203	576.015592315136	55.487436342352254	0.0026422588734453453
452	[1, 2, 4, 5]	16.0	0.8140821695055318	0.903963849184102	0.0811891217229796	283.58655602998556	499.4694782019553	42.324141975125535	0.0026452588734453457
452	[3, 5]	45.0	0.8189520858571154	0.9171299450826536	0.1614080969381533	246.57485995484907	410.9580999247484	128.3697871374768	0.002852661936388373
453	[0, 2, 3, 5]	32.0	0.8049622556306191	0.9409836849370301	0.9237466707385041	253.76467986472966	422.94113310788276	83.24028395025087	0.00260125887344534
453	[1, 2, 5]	37.0	0.8140693952381278	0.9506787654294735	0.9266500175570531	206.37809757632624	356.98099918586604	96.72757831747764	0.0026142588734453416
454	[2, 4]	29.0	0.8379693565481615	0.9115540645088693	0.9623160239217796	93.81480547282287	156.35800912137145	84.09019615526299	0.002899661936388379
454	[2, 3, 5]	8.0	0.8005344490919941	0.9099930833293792	0.11917533640254688	215.74287932565255	374.3428899678045	23.061295491107014	0.002882661936388377
454	[2, 3, 4, 5]	37.0	0.8565011145284614	0.9133358381220971	0.9688281612010496	250.2786172278695	431.9024531381661	107.21349164637002	0.002897661936388379
454	[3, 5]	41.0	0.8054931436747086	0.969855969855149	0.19403373902537907	156.4638117550466	275.5444440167946	119.74713939192367	0.002920661936388382
454	[2, 3]	32.0	0.8018333044754729	0.930343790275463	0.9337875682599251	135.97718743038104	226.62864571730174	93.65318196442824	0.0029266619363883827
455	[0, 1]	22.0	0.847318352449028	0.9036985911397897	0.9713711136094986	239.06201741736848	449.7298488589223	56.765695215797415	0.002580258873445337
455	[2, 3]	30.0	0.8027259069676294	0.9716248464188344	0.9145405649870826	143.9110104902352	239.85168415039197	80.88776620336058	0.0026962588734453525
455	[1, 2, 3]	21.0	0.8082436063361391	0.9297247467791999	0.9338026067787268	291.58624685590956	511.88501429768684	55.193436342352214	0.0026282588734453435
455	[4, 5]	49.0	0.813178810698682	0.9832167367261375	0.9148611375538674	291.43161735388423	499.9678637206798	138.5554348830301	0.0028276619363883696
456	[0, 1]	26.0	0.9016481944308364	0.9016481944308364	1.0	225.40703608480337	425.154731698406	67.78873070957886	0.0026072588734453407
457	[0, 1]	13.0	0.8395079700000555	0.9002478310813317	0.9688728829957018	176.62180879647173	345.5567370891654	32.47736535478924	0.002498258873445326
457	[0, 1, 2]	49.0	0.8417107022921986	0.9059180067721128	0.9653869762247993	216.40449214085749	411.86120932980833	123.05168479882107	0.002511258873445328
457	[2, 4]	18.0	0.8504757279619923	0.9111397046118132	0.9693175625597403	65.0626240832067	108.4377068053445	50.78991485499064	0.002821661936388369
457	[0, 1, 2, 4]	11.0	0.819267648049982	0.9026522181689275	0.9529257765865593	241.68443287967844	453.9944438945099	28.151847607898677	0.0025592588734453343
457	[0, 2]	48.0	0.8219868284201839	0.9060493473225227	0.956629952190923	123.95019474701509	232.08896439733707	123.75642592537616	0.002578258873445337
457	[1, 2]	45.0	0.8062901010957263	0.9329444248889769	0.9349931738903735	132.23698073822814	246.07671717311425	118.81164930504053	0.002640258873445345
457	[3, 4]	17.0	0.8072260061250831	0.9565468398662825	0.9242946116578594	179.06768483769213	298.4461413961535	45.972400848571006	0.0027042588734453536
458	[2, 3]	9.0	0.8001819154707198	0.9526435116899752	0.9219909611968333	128.68410867903296	214.47351446505496	23.42932986100806	0.00260325887344534
458	[1, 2, 3]	37.0	0.801969124308558	0.9802888341510527	0.9047925901012064	358.16150524543514	623.312554324737	96.76457831747764	0.0026152588734453417
458	[1, 2]	25.0	0.8391464059962758	0.9008198608493061	0.9684997212009554	301.73159247054247	529.2626996999159	66.20647183613364	0.002648258873445346
458	[4, 5]	9.0	0.8007958624102249	0.9120093022755741	0.9420759873881034	154.6947681101606	257.82461351693433	26.30395742749544	0.002922661936388382
459	[0, 1]	4.0	0.8107779266495331	0.9003417760007366	0.953338243825954	62.137402895743634	139.302620755047	10.369035493781356	0.0025922588734453387
459	[1, 2]	8.0	0.8517683211534425	0.9000991920158782	0.9754579311756847	111.02211197774162	185.03685329623605	23.31729549110705	0.002914661936388381
461	[0, 2]	34.0	0.8490818015022416	0.9057582124448448	0.9712430029017456	146.8700520830755	269.9095628739741	88.0008016971415	0.002588258873445338
461	[1, 2]	37.0	0.8695790061717449	0.903696201621531	0.9828654674947882	215.68965277780217	359.48275462967024	97.24557831747771	0.0026282588734453435
461	[3, 4]	26.0	0.8038665181644851	0.9990919341766009	0.9024644141854834	286.5869654938872	492.210339834375	76.27521034609798	0.0029336619363883837
463	[0, 1]	23.0	0.8021829373027123	0.9321435561025275	0.9329875096997879	237.03730352675177	408.2364426559655	60.03595408924284	0.002610258873445341
463	[1, 3]	49.0	0.8519902434373577	0.9417902891613908	0.9553884268658832	100.77231719858872	182.56078231729694	138.2614348830301	0.002821661936388369
463	[2, 3]	30.0	0.814816166985652	0.9140167979235069	0.9489320002950948	277.0652307480119	490.76338259336796	85.18985809165113	0.002839661936388371
463	[1, 2, 3]	36.0	0.8889634355850222	0.9065538749707902	0.9907842551840251	316.48848260407453	556.4688023534723	102.33582970998138	0.0028426619363883716
463	[1, 2]	25.0	0.8298886842082541	0.9020421713337505	0.9628351234061802	255.13941726154843	439.61343979627975	71.21654840970932	0.0028486619363883724
464	[2, 3]	26.0	0.8409119659297507	0.9851685905347148	0.9292960023707586	247.67548824307028	426.9678248518131	73.36321034609759	0.002821661936388369
465	[0, 1]	18.0	0.8028936882122655	0.9503421784855666	0.9247064589225987	177.26627687813414	334.0125981333855	45.99465972201601	0.0025552588734453338
465	[1, 4]	6.0	0.8601422052219682	0.902437000766389	0.9786555619936683	49.78453800614835	82.97423001024725	18.18997161833038	0.0030316619363883967
467	[5, 6, 8]	34.0	0.8007495525264492	0.987290929311153	0.8996239535699688	283.60306416442734	517.9392679000794	98.18050583720483	0.0028876619363883776
467	[7, 8]	17.0	0.8010135319502562	0.990724310259597	0.9047952373082566	36.36688828134191	106.40958907996459	55.82225291860331	0.00328366193638843
467	[7, 8, 9]	22.0	0.8171800269294563	0.9049584688920362	0.9511964399884008	149.3899870226886	380.40497996807767	79.39056260054642	0.0036086619363884733
467	[8, 9]	8.0	0.8037859597034623	0.992447637927614	0.9049168936117549	131.61394079327846	335.9648643945524	28.773295491107774	0.0035966619363884717
467	[7, 9]	14.0	0.801077459857552	0.9590350394395678	0.9198175831140433	130.79914497075677	318.4355064616384	47.09126710943817	0.0033636619363884407
468	[8, 9]	10.0	0.800486389230527	0.921854845580464	0.93707558425948	51.19711542288481	85.328525704808	31.76661936388416	0.003176661936388416
469	[4, 5, 6]	12.0	0.8619280369396851	0.9008508047286091	0.9792086718174547	69.58431193524528	130.9417487993181	37.50794323666091	0.003125661936388409
469	[4, 5]	13.0	0.8028688372283898	0.98883279586242	0.20408179768635282	60.60357459089969	101.00595765149949	40.217605173049265	0.003093661936388405
469	[4, 6]	20.0	0.8051126458742724	0.9046930779477229	0.9480186182623261	43.140309864247335	86.86841201432154	62.25323872776815	0.0031126619363884074
469	[5, 6]	14.0	0.8083960881668792	0.9340597729673857	0.9353826002707409	35.42473941534353	74.00912793281519	44.61326710943784	0.0031866619363884172
470	[0, 1]	18.0	0.8823639422920375	0.9112995270743515	0.9856775149034777	125.25431499662795	221.79509135507539	45.81465972201598	0.0025452588734453324
470	[0, 2]	48.0	0.8144348058705899	0.9081438789147283	0.1597887808920744	182.15955498301167	316.6371579990482	127.50042592537666	0.002656258873445347
470	[1, 2, 3]	48.0	0.8642626856334639	0.9277492572112288	0.09221166592109921	257.4544396526781	429.09073275446355	129.900425925377	0.002706258873445354
471	[1, 2]	8.0	0.8865973304197424	0.900438914644123	0.9931146475361591	137.6865973792729	321.53913556189656	25.165295491107294	0.003145661936388412
472	[0, 1]	14.0	0.8529407485275737	0.9053710946839804	0.9734616119005992	120.82255459393227	295.70442892038807	35.42362422823463	0.0025302588734453305
472	[1, 2]	24.0	0.8026648937241342	0.9967452791372207	0.9030973073124426	126.01399936471397	223.05012320892197	61.61421296268805	0.0025672588734453354
472	[1, 2, 3]	46.0	0.8138163210287143	0.9028172154859141	0.9511724976633164	214.97136187861216	371.3123940654189	121.40590817848587	0.002639258873445345
472	[2, 4]	29.0	0.811598817342658	0.9087385273483963	0.9493326367663988	150.12132241191216	250.20220401985367	82.84319615526283	0.0028566619363883734
476	[0, 3]	31.0	0.8005740483001569	0.9409494189260784	0.9277983868200523	256.9176337226041	428.1960562043401	81.75502507680568	0.0026372588734453447
476	[4, 5]	29.0	0.819306524100861	0.9348981506951671	0.941059504126379	342.7026874352935	600.485034723692	83.97419615526299	0.0028956619363883786
476	[3, 6]	13.0	0.8087122818672066	0.9008495940537704	0.9519628809630202	82.15725048634181	216.26766018560286	41.842605173049485	0.0032186619363884215
477	[0, 1]	11.0	0.8743022216377287	0.9062928158671627	0.9840175005575129	100.1414392094229	1578.116424071012	26.666847607898482	0.0024242588734453164
477	[1, 3]	30.0	0.8777130368444028	0.901696520545452	0.9880107830649886	86.24508475324544	156.34509552636223	78.45776620336025	0.0026152588734453417
477	[2, 3]	22.0	0.8026792040401246	0.9936303238342722	0.9042293900585081	204.10491848838979	340.1748641473163	62.7145626005442	0.0028506619363883727
478	[0, 2, 3]	20.0	0.8042173987666414	0.9170138920846114	0.12053999615964714	423.48388767018554	732.2351848081219	53.045177468906935	0.0026522588734453467
478	[1, 2]	45.0	0.8132066334138267	0.9768742096426544	0.9179828458839248	232.3651266361747	400.6735400390782	119.48664930504061	0.002655258873445347
479	[0, 1, 2]	15.0	0.8559743972014427	0.9014870434525035	0.9756027258033041	335.7128954525486	559.5214924209145	40.563883101680304	0.0027042588734453536
479	[0, 2]	41.0	0.8640931541744306	0.9181824531794484	0.9729628476317597	231.6856804430714	386.14280073845237	110.62861381125947	0.0026982588734453528
479	[1, 2]	28.0	0.8471315921449638	0.9148133707665319	0.965754776738954	248.51565864897128	414.1927644149522	75.7472484564699	0.0027052588734453537
479	[3, 4]	20.0	0.8188224024574009	0.9042759263802123	0.9557857007348887	221.72289820264444	399.3831202343016	60.313238727767896	0.0030156619363883946
480	[0, 1]	17.0	0.8132669395313644	0.9070876652699525	0.9513832482181885	213.83104974048226	356.38508290080375	47.96825291860227	0.002821661936388369
480	[0, 2]	29.0	0.8281510798732142	0.9087676348328134	0.9586368547113291	164.1185240103522	818.5440070607956	83.07519615526286	0.0028646619363883745
480	[0, 1, 2]	20.0	0.8938734940344671	0.9049170329235052	0.9942214988227538	233.6497091481262	934.4293156237522	57.15323872776747	0.0028576619363883736
480	[1, 2]	12.0	0.8024849277707922	0.9881220509083816	0.9066469991482391	89.34984454541795	693.9295412859051	35.87594323666069	0.002989661936388391
480	[2, 3]	3.0	0.896875131122765	0.900837130943553	0.9980408995123566	278.1394776204757	615.4820324639386	11.305985809165485	0.0037686619363884945
481	[0, 1, 2]	19.0	0.8223518682170271	0.9078283758203586	0.9533828183870476	272.5032803662695	480.34275227109833	50.468918595461595	0.002656258873445347
481	[1, 2]	13.0	0.8784564046344207	0.90281407536494	0.9879456713549502	226.90491888568206	391.67927161440053	34.79136535478955	0.00267625887344535
482	[0, 1]	7.0	0.8600760376306602	0.9029337766054768	0.9785392421139443	93.7299491905626	182.2998978470221	17.480812114117285	0.002497258873445326
482	[1, 2]	40.0	0.8355023158872125	0.9005276180769407	0.9668400887097649	74.19749163100651	136.84580057917094	113.1864774555348	0.00282966193638837
482	[2, 3]	5.0	0.827397958632269	0.900329754734107	0.9623172677387197	64.06621755740836	319.24519793760754	15.248309681941995	0.003049661936388399
483	[0, 1]	6.0	0.8203928675969968	0.9008641449286796	0.9583540111272688	93.32926556463931	181.4735719312431	15.073553240671968	0.002512258873445328
483	[0, 2]	35.0	0.8300948097434294	0.9046742619986031	0.14948498149086212	237.84308486341115	409.22437194355314	91.95406057058702	0.0026272588734453433
483	[1, 2]	41.0	0.8367728246744237	0.9012961789415735	0.9669111608673724	238.8738907954018	411.2287168113127	107.9226138112591	0.002632258873445344
483	[0, 3]	43.0	0.8153886973602746	0.9256710257269665	0.16777902734846512	288.40644338550504	493.496636147043	114.60613155814998	0.0026652588734453484
483	[0, 1, 2, 3]	27.0	0.8058453951722093	0.9028318615145926	0.9447695569299713	527.2803341809068	904.7253529583556	72.25898958302444	0.00267625887344535
484	[8, 9]	23.0	0.8063804484065764	0.96029335139471	0.9222312208021408	26.053074402990596	58.24431710010459	76.05322453693395	0.003306661936388433
486	[1, 2]	7.0	0.8000324675491906	0.991295548587535	0.9038465988841695	118.53785298081416	197.56308830135694	19.765633554718583	0.002823661936388369
487	[0, 1]	16.0	0.9003206131216668	0.9003889873436357	0.9999662495679469	306.37955682917163	510.63259471528613	43.01214197512562	0.0026882588734453514
487	[2, 3]	23.0	0.8747197512035617	0.901160262797488	0.9867591013761424	326.20618261473544	543.6769710245591	66.73822453693273	0.0029016619363883794
488	[0, 1]	18.0	0.8472895411843594	0.9128047379135055	0.966865725557863	114.71483684924583	229.44664850142388	44.62665972201583	0.0024792588734453237
488	[1, 2]	15.0	0.8882415433857591	0.9095112581441682	0.9894828896425305	118.09886377288959	222.8759648135575	40.503883101680294	0.002700258873445353
488	[0, 2]	14.0	0.8070359470711028	0.921275806456848	0.9409269574091299	171.33369777093026	324.2392740416373	36.20762422823473	0.002586258873445338
488	[0, 1, 2]	11.0	0.894829491779689	0.9035374450434831	0.9954425735999204	202.07369919653283	388.28094367830937	28.437847607898718	0.0025852588734453378
489	[0, 1, 7]	19.0	0.8432380149671711	0.9060403441465525	0.9661958368667845	242.51036515437838	430.15558574670456	48.416918595461325	0.002548258873445333
489	[0, 1]	21.0	0.8108942590791806	0.9711657937586634	0.9202270566681143	233.68926676797426	415.45375510269764	53.55543634235199	0.002550258873445333
489	[6, 7]	9.0	0.8024861859000307	0.9546732269809591	0.922282975632792	95.27705433398485	158.79509055664147	25.85395742749538	0.0028726619363883756
490	[0, 1, 2]	44.0	0.8136100742327171	0.9063827126039116	0.9489220229490989	371.278535424549	658.3478023476501	115.81939043159514	0.002632258873445344
490	[1, 2, 3]	46.0	0.8461372182263898	0.9180103501292562	0.961566066875321	391.8262481853361	679.5307410949107	122.46390817848601	0.002662258873445348
490	[5, 6]	31.0	0.8012015255463655	0.9585001901869761	0.9198111157431358	163.62812834308144	287.68427346073224	89.14552002803966	0.002875661936388376
490	[4, 6]	37.0	0.8000343114642616	0.9779308874336912	0.9100932528494733	120.6191038076602	216.00256590169676	107.50949164637005	0.00290566193638838
490	[4, 5, 6]	21.0	0.8089643170930545	0.9176613746151816	0.9404934530113512	248.31748921731014	428.8332082511134	60.34690066415589	0.0028736619363883757
491	[0, 9]	30.0	0.8002642171840636	0.9980625411427511	0.9008036279300964	38.20740476251603	76.10564859297125	75.51776620335986	0.0025172588734453287
491	[9, 10]	4.0	0.8017257070844628	0.9466125827488135	0.9258109259934137	36.860322677739404	93.07482167211045	14.094647745553848	0.003523661936388462
492	[0, 2]	4.0	0.8006628608691844	0.9037564539843539	0.9460069145285452	73.31368504006946	122.18947506678244	10.757035493781407	0.0026892588734453516
492	[1, 2]	29.0	0.8234056856437315	0.9035239987954958	0.15250398137578228	249.97491648523715	416.6248608087285	76.538507329915	0.002639258873445345
492	[0, 1, 2]	31.0	0.8683117614169723	0.900043098092294	0.983106000727039	289.64670540663997	482.74450901106655	83.30502507680589	0.0026872588734453513
492	[0, 1]	24.0	0.8516421051124677	0.9010063690697219	0.974937982824234	256.00480928797333	426.67468214662216	63.5102129626883	0.002646258873445346
492	[2, 3]	10.0	0.8577978064723755	0.9016680268464073	0.9778408763211683	136.15415583901836	226.92359306503062	28.95661936388379	0.0028956619363883786
492	[0, 3]	31.0	0.8076967859183116	0.9446027715847751	0.9300269245920031	142.18404864175454	236.9734144029243	87.47152002803944	0.002821661936388369
493	[0, 1]	7.0	0.8773159926382796	0.9004742381271859	0.9884117978002906	118.10577628096586	209.74417469231327	17.970812114117347	0.0025672588734453354
493	[2, 3]	25.0	0.8011431199392254	0.9303257010444935	0.9331205223905314	204.71037214688948	341.18395357814904	71.31654840970933	0.002852661936388373
494	[1, 2]	6.0	0.872596205420977	0.9003443158709621	0.9860872566282646	44.925389594648436	99.83419909921875	14.431553240671883	0.002405258873445314
494	[0, 2]	29.0	0.8452951633921562	0.9017566060222675	0.14002129318285714	312.9219438476125	670.6253040550818	71.46350732991432	0.0024642588734453217
494	[0, 1, 2]	48.0	0.8710284233592558	0.9173920440225437	0.9756074627332388	334.5798721881169	718.7540337006471	117.80442592537538	0.0024542588734453204
494	[0, 1]	35.0	0.8001482725855595	0.9996276531456965	0.9003050922879067	311.3124109339729	667.0485642469938	86.4940605705863	0.0024712588734453226
495	[3, 4, 5]	7.0	0.8015164081172046	0.9832901999077029	0.9030063286751057	181.98980904363262	318.18448919673557	20.101633554718628	0.0028716619363883754
495	[3, 4]	37.0	0.8031129738539424	0.9110209103417659	0.9439380982429956	128.46450219718008	214.1075036619668	107.28749164637003	0.002899661936388379
495	[3, 5]	14.0	0.806446554866139	0.9136591471799386	0.166728234782949	112.91411648000114	203.05833492401652	40.62326710943731	0.0029016619363883794
495	[4, 5]	26.0	0.8044070415726898	0.9450400165457192	0.9280024427422306	122.60099941008401	219.20313980748796	78.19921034609823	0.0030076619363883935
496	[0, 5]	18.0	0.8006990711843638	0.9523029498362704	0.9224410423566	47.389368507493366	91.709546292846	44.89665972201586	0.0024942588734453257
496	[1, 5]	37.0	0.8121403049747387	0.9005071378993256	0.15707568842550806	88.58325298325069	147.63875497208448	95.09957831747742	0.0025702588734453358
496	[0, 1]	40.0	0.8146687661628168	0.9115945580701017	0.9497593636568662	102.28475862147123	183.20186314947577	103.13035493781348	0.002578258873445337
496	[2, 3, 5]	35.0	0.8035581360630133	0.9047290934994509	0.9440919942689104	365.0590014820537	621.9387052461987	93.45906057058721	0.002670258873445349
496	[4, 5]	37.0	0.8230298987238162	0.9153530576477539	0.9527188627131574	152.34547454137785	253.90912423562978	105.28949164636977	0.002845661936388372
497	[0, 1]	23.0	0.8461547576036652	0.9017123793999808	0.971759946547438	100.67136572672062	193.58475988726792	59.80595408924282	0.0026002588734453397
497	[0, 1, 3]	50.0	0.863858518849308	0.908578994079352	0.9762388323100704	142.96823892756206	264.079548555337	133.96294367226753	0.0026792588734453502
497	[0, 3]	37.0	0.8117927809132663	0.9387341930904227	0.935279650877482	80.90446639817549	147.70997506273716	99.65057831747804	0.002693258873445352
497	[3, 4]	21.0	0.8227427189460352	0.9020323048889353	0.9591119313862693	215.1546988973217	372.99598363690956	61.24990066415601	0.0029166619363883814
497	[2, 3, 4]	27.0	0.8041301863283068	0.9484620439958031	0.9218068358931961	274.3252842573021	471.61362590354344	78.91187228248631	0.002922661936388382
498	[0, 1, 2]	22.0	0.9023887369797294	0.9037935217686028	0.999267237250861	544.5317285111291	920.7937715723526	58.52569521579765	0.0026602588734453477
498	[1, 2]	48.0	0.8185599436062796	0.9395080512032459	0.9385132900132431	361.80743656863035	603.0123942810505	128.94042592537684	0.002686258873445351
499	[0, 1, 2]	30.0	0.8457897665844326	0.9204807732114051	0.9602050734929989	134.82334433981484	338.07661168983185	71.61776620335934	0.0023872588734453115
499	[1, 2]	13.0	0.805096446134584	0.9914888685309505	0.9057518117639459	96.47870675526723	210.26115307467313	31.26836535478908	0.002405258873445314
499	[0, 1]	46.0	0.8183855971336927	0.9786626376928345	0.9196297509678644	82.71008393321385	226.40533938997257	111.56190817848456	0.0024252588734453165
